date,score_0_100,breadth_score,trend_score,momentum_score,liquidity_score,volatility_score,leadership_score,capital_score,ew_return_1d,advancers,decliners,unchanged,new_high_20,new_low_20,limit_up_like,limit_down_like,coverage,ew_index,score_ma3,breadth_ma3,score_delta3,state,silver_finger,gold_finger
2020-01-03,42.090633455820075,57.592592592592595,0.0,50.782472613458566,50.0,50.0,50.0,51.50228831306293,0.005007627710209772,1866,1374,289,0,0,59,7,3529,1005.0076277102098,42.090633455820075,57.592592592592595,,TRANSITION,False,False
2020-01-06,42.36603802224314,58.43483556638246,0.0,50.98928276999173,50.0,50.0,50.0,52.17873430297521,0.007262447676584016,1919,1365,245,0,0,75,5,3529,1012.3064430210231,42.22833573903161,58.01371407948753,,TRANSITION,False,False
2020-01-07,48.86361980645375,82.33382570162482,0.0,53.85542168674702,50.0,50.0,50.0,54.037002560709915,0.013456675202366377,2787,598,146,0,0,80,2,3531,1025.92872203002,44.44009709483899,66.12041795353329,,TRANSITION,False,False
2020-01-08,31.043714862577716,19.02283897080081,0.0,42.80227172075326,50.43072799390978,50.0,50.0,46.06110325356118,-0.01312965582146274,658,2801,73,0,0,53,5,3532,1012.4586310124126,40.75779089709153,53.26383341293604,-11.04691859324236,DEFENSIVE,False,False
2020-01-09,49.5055021910214,88.09454333236066,0.0,55.103668261562966,43.25197891543747,50.0,50.0,54.570385627623395,0.015234618758744661,3019,408,104,0,0,62,1,3531,1027.8830522648873,43.13761228668429,63.150402668262096,7.139464168778261,TRANSITION,True,False
2020-01-10,34.5116788350414,35.924369747899156,0.0,48.08432382840342,39.01102708801744,50.0,50.0,49.32567521206966,-0.002247749293101142,1197,2135,198,0,0,39,7,3530,1025.5726288607682,38.35363196288017,47.68058401702021,-14.351940971412347,DEFENSIVE,False,False
2020-01-13,45.77253258069596,76.73071058249467,0.0,52.510699001426616,40.354664147991635,50.0,50.0,53.20100925319099,0.010670030843969974,2516,763,250,0,0,73,4,3529,1036.515520443444,43.26323786891959,66.91654122091815,14.728817718118243,TRANSITION,True,False
2020-01-14,36.971827401583795,42.4886191198786,0.0,49.04988123515444,43.25789523148799,50.0,50.0,50.07012303235565,0.00023374344118549367,1400,1895,236,0,0,49,7,3531,1036.7577991480346,39.08534627244038,51.714566483424136,-12.533674789437605,DEFENSIVE,False,False
2020-01-15,32.73430465967826,30.437352245862883,0.0,46.74576121609246,37.87553379251107,50.0,50.0,48.63544693844023,-0.004548510205199221,1030,2354,148,0,0,38,6,3532,1032.0420957182898,38.492888213986,49.88556064941204,-1.7773741753631427,DEFENSIVE,False,False
2020-01-16,33.82306222513278,29.6164139161463,0.0,47.22222222222223,36.277991529269016,64.41475869820891,50.0,49.049016271032556,-0.0031699457632248062,996,2367,169,0,0,42,2,3532,1028.770578249498,34.50973142879828,34.180795093962594,-11.949470355563179,DEFENSIVE,False,False
2020-01-17,34.950694647848934,34.40729483282675,0.0,48.207617625093356,34.74539437036903,64.3876637985885,50.0,49.34305520928082,-0.0021898159690639505,1132,2158,247,0,0,44,12,3537,1026.517760008744,33.83602051088666,31.487020331611976,-2.021132753734861,DEFENSIVE,False,False
2020-01-20,45.379492339819464,70.51435406698565,0.0,52.56274015712119,39.251975174321736,63.34400565518151,50.0,52.88591915676921,0.009619730522564027,2358,986,196,0,0,80,9,3540,1036.392584236654,38.05108307093372,44.846020938652906,12.645187680141206,TRANSITION,False,False
2020-01-21,31.38267916086499,21.069364161849713,0.0,43.79524301964839,40.547492882927614,61.384732397108266,50.0,46.5090899061067,-0.011636366979644309,729,2731,83,0,0,60,23,3543,1024.3327397914945,37.237622049511124,41.99700435388737,-2.4403830642677917,DEFENSIVE,False,False
2020-01-22,39.22079788080916,48.13027744270205,0.0,50.0,40.251185018829325,61.3274442986425,50.0,50.356126748900046,0.0011870891630001287,1596,1720,230,0,0,57,23,3546,1025.5487140862072,38.6609897938312,46.571331890512475,4.270103232960224,DEFENSIVE,False,False
2020-01-23,27.521837614826396,7.75568181818182,0.0,35.71428571428572,50.437946902611785,56.659806871708874,50.0,39.88203161150853,-0.03372656129497156,273,3247,27,0,0,31,72,3547,990.9604825195994,32.708438218833514,25.65177447424453,-17.85765472499307,DEFENSIVE,False,False
2020-02-03,14.494655378117812,4.393128696141929,0.0,10.034752389226753,13.557913135822908,36.888599571395616,50.0,23.372268363706354,-0.08875910545431215,156,3395,0,0,0,83,3008,3551,903.0037165505862,27.079096957917788,20.0930293190086,-16.888023782747176,RISK_OFF,False,False
2020-02-04,36.60862239581887,40.95972579263068,0.0,43.989983305509206,58.896920084714885,34.943781899909254,50.0,48.825544982733234,-0.003914850057555885,1434,2067,50,0,0,218,33,3551,899.468592398875,26.208371796254358,17.702845435651476,-2.6121754849902885,DEFENSIVE,False,False
2020-02-05,50.20607937484449,91.23919308357348,0.0,58.07754442649431,49.38726759923262,33.6882864707057,50.0,58.15461306043033,0.027182043534767768,3166,304,83,0,0,187,0,3553,923.9179868356175,33.769785716260394,45.530682524115356,22.684241760018097,TRANSITION,False,False
2020-02-06,52.52679828649873,93.19826338639653,10.29535864978903,57.05882352941174,49.349832238891835,33.125890405999215,50.0,57.885466081926964,0.02628488693975655,3220,235,100,0,0,251,2,3555,948.2030666611992,46.447166685720696,75.13239408753357,38.03214290838092,TRANSITION,False,False
2020-02-07,48.874845739342604,62.66666666666667,11.72665916760405,52.334665697674424,46.83923300758314,33.06830551665551,100.0,53.598637634018864,0.011995458780062878,2115,1260,181,193,6,172,6,3556,959.5771974624628,50.53590780022861,82.36804104554557,12.266223343523734,TRANSITION,False,False
2020-02-10,52.25019020801079,77.34487734487733,13.100927748102334,56.19811842833427,47.53160452889256,31.969635196975165,87.95333145909474,54.8406042595995,0.01613534753199835,2680,785,92,135,0,157,37,3557,975.0603090273006,51.21727807795071,77.73660246598018,2.0441108331663003,TRANSITION,False,False
2020-02-11,37.2609599165868,37.16997923464847,12.11354693648117,47.850939198777695,43.35346189676064,31.8219926885149,62.64755480607083,48.36281613678254,-0.005457279544058209,1253,2118,187,45,0,58,42,3558,969.7391323486229,46.12866528798006,59.06050774873083,-15.265838369911933,DEFENSIVE,False,False
2020-02-12,53.28148401882582,87.09295441089402,14.813254703734907,54.255319148936195,41.519793612746334,31.697412519581412,82.57511934849762,55.04148748590113,0.016804958286337095,2942,436,183,116,0,121,0,3561,986.0355580163701,47.59754471447447,67.20260366347327,4.406638279483218,TRANSITION,False,False
2020-02-13,35.191812329845334,22.32785940651109,13.962952568060624,44.16058394160585,45.28543850025126,32.31665142874529,78.0662363177098,47.241296473627145,-0.009195678421242848,775,2696,92,103,3,60,7,3563,976.9682921129408,41.91141875508598,48.86359768401786,-17.05837787816546,DEFENSIVE,False,False
2020-02-14,41.07908188518335,47.60606060606061,14.333800841514726,50.0,39.11864451065932,32.815393175109996,71.31837307152875,50.59266528204953,0.0019755509401651002,1571,1729,265,77,1,66,4,3565,978.8983427409361,43.184126077951504,52.34229147448857,3.81812196859655,TRANSITION,False,False
2020-02-17,62.76135699785487,97.91196388261851,23.2398316970547,61.78294573643406,55.724213279540415,29.990121426375747,100.0,60.206273855111014,0.03402091285037005,3470,74,21,210,0,174,1,3565,1012.2013579486973,46.34408373762785,55.9486279650634,9.479872979029047,RECOVERY,False,False
2020-02-18,57.84949226167908,76.32344386271089,30.765993265993263,55.36762692216794,57.65582471407746,29.0754647128594,100.0,55.08736852159901,0.016957895071996708,2624,814,126,280,0,131,1,3564,1029.3661623685236,53.896643714905764,73.94715611713,22.657679931833748,RECOVERY,False,False
2020-02-19,45.04431701576121,33.45049794961922,30.493273542600896,47.176192414287655,55.971702497362365,28.69695871853779,98.20627802690582,48.41059817088722,-0.005298006097042594,1142,2272,154,173,1,92,22,3568,1023.9125741642059,55.21838875843172,69.22863523164953,3.9652351305778595,TRANSITION,False,False
2020-02-20,62.50034079728759,86.11351195620858,41.24159192825112,55.72780215776629,58.79805560152367,27.77022443755033,100.0,55.35486629873366,0.017849554329112224,2989,482,97,218,0,115,2,3568,1042.188957285011,55.13138335824263,65.29581792284624,-0.26101620056727626,RECOVERY,False,False
2020-02-21,57.329596737294786,63.979622415343115,43.946188340807176,51.7182143265714,62.664925496804834,27.358987260008227,100.0,53.041675315806266,0.010138917719354244,2135,1202,231,301,0,105,1,3568,1052.7556253709433,54.95808485011454,61.18121077372364,-0.519895524384296,RECOVERY,False,False
2020-02-24,55.70853439896334,58.292043136111914,42.91514981797816,51.78253119429588,62.97998624886216,26.511119772256365,100.0,53.740081152807804,0.012466937176026035,2000,1431,140,532,1,168,4,3571,1065.8802636141509,58.512823977848576,69.46172583588786,10.664217383202129,RECOVERY,False,False
2020-02-25,47.481187388714275,30.344434955878164,38.661814109742444,44.03725787933779,69.84669754281158,26.114517329792708,100.0,49.37341562989128,-0.0020886145670290807,1066,2447,59,427,2,141,0,3572,1063.6540505688574,53.50643950832413,50.872033502444395,-15.019153408573317,TRANSITION,False,False
2020-02-26,46.65689213633534,35.96997690531178,38.95267432091851,45.84332533972826,63.064286572991655,25.40329960735982,87.24446933632035,45.45888729095366,-0.015137042363487778,1246,2218,107,139,6,83,140,3571,1047.5534741453012,49.94887130800432,41.53548499910062,-10.672704600959449,TRANSITION,False,False
2020-02-27,50.31598650042244,51.5106192043075,40.63287594511341,50.0,47.6593043665899,25.305699208953047,95.92551106132736,50.794796566127,0.0026493218870899966,1722,1621,228,169,5,90,31,3571,1050.3287804922513,48.15135534182402,39.27501035516582,-5.392547898540897,TRANSITION,False,False
2020-02-28,25.911259273763747,5.925301881493961,17.604254128183598,27.60676532769555,57.25305194148176,22.01425615452326,42.72320179121187,34.12729185606859,-0.05290902714643803,211,3350,12,48,74,50,370,3573,994.7569065325017,40.96137930350718,31.13529933037108,-21.569928114950528,DEFENSIVE,False,False
2020-03-02,63.667177531272124,96.88026981450253,32.76875699888018,65.08477367129485,44.7973229572455,32.857602359669805,100.0,62.50567895244823,0.041685596508160776,3447,111,14,225,4,232,2,3572,1036.223941561922,46.63147443515277,51.43873030010133,17.010285394936787,RECOVERY,True,False
2020-03-03,57.358970858930356,73.11669128508123,35.06856982927512,52.88808664259932,52.19186013054939,36.18571293620691,100.0,53.71041524424043,0.012368050814134746,2475,910,188,265,2,99,0,3573,1049.0400119259828,48.97913588798875,58.64075432702591,7.0429843585079155,RECOVERY,False,False
2020-03-04,55.181389991813866,68.24284880326911,36.48459383753501,53.40691809838161,43.29276093581764,36.660960844195,100.0,53.05422167880389,0.010180738929346319,2338,1088,144,357,4,91,5,3570,1059.7200144138394,58.73584612733878,79.41326996761762,29.27013071805012,RECOVERY,False,False
2020-03-05,62.255042660973835,81.81291630466261,40.61887426491179,56.247619047619054,58.67311431732982,36.644113440567736,100.0,55.51034766053452,0.01836782553511507,2825,628,118,599,0,144,1,3571,1079.1847667546626,58.26513450390602,74.39081879767097,-1.4121348702982885,RECOVERY,False,False
2020-03-06,48.25367557905296,40.07611241217799,38.946483608854024,47.83491204330175,47.55122862903303,36.634795140406915,100.0,49.479002786934984,-0.0017366573768833958,1369,2047,153,327,0,101,4,3569,1077.3105925684579,55.230036077280225,63.377292506703235,-9.105295279877396,TRANSITION,False,False
2020-03-09,30.315277424293342,13.397399660825327,24.810871392546932,35.12396694214877,50.894641441146064,34.96840477192388,35.99047352199496,40.10148287383032,-0.03299505708723226,474,3064,31,155,205,79,122,3569,1041.7646680659816,46.94133188810671,45.09547612588864,-24.866112567520524,DEFENSIVE,False,False
2020-03-10,58.83760118585166,84.46796338672769,30.050434295320816,57.43494423791829,47.69648008035589,34.40408593440038,96.79181843653683,56.42438790541463,0.021414626351382113,2953,543,73,180,13,130,30,3569,1064.0736691786863,45.80218472973266,45.980491819910334,-3.4174414751221747,RECOVERY,False,False
2020-03-11,40.366732541901996,27.246292526897353,26.63210983468759,45.22862823061624,41.73734263896872,34.46225210427284,93.70972261137574,47.33288682475062,-0.008890377250831286,937,2502,130,160,4,72,12,3569,1054.6136528370116,43.173203717349,41.70388519148345,-7.886943037150964,TRANSITION,False,False
2020-03-12,25.159957037038268,14.5851033701501,16.942264573991032,40.822680102271015,35.56951967826478,33.4552527620856,11.042600896860987,44.33225893455015,-0.01889247021816618,515,3016,37,95,234,53,17,3568,1034.6893958091168,41.45476358826397,42.099786427925046,-5.155320387255074,DEFENSIVE,False,False
2020-03-13,26.206097734001936,22.501427755568248,12.80112044817927,43.209466058537906,39.6858057203308,32.63881954244262,0.0,46.44687968798913,-0.011843734373369571,788,2714,68,97,598,71,27,3570,1022.4348094462113,30.577595770980732,21.444274550871896,-32.631503451849724,DEFENSIVE,False,False
2020-03-16,19.657817697667333,8.328627893845287,7.408963585434174,34.90930987920149,38.12355738506585,32.156911451775,0.0,38.464935446031404,-0.03845021517989531,295,3247,28,44,793,42,211,3570,983.1219710155892,23.674624156235847,15.138386339854542,-20.708914844234663,RISK_OFF,False,False
2020-03-17,29.46838655199714,41.31578947368421,7.116839450826562,47.98319327731089,32.27639411960341,32.109077022185204,0.0,49.32450963310224,-0.002251634556325882,1413,2007,149,52,706,72,22,3569,980.9083396125671,25.110767327888805,24.048615041032576,4.3084295149588705,DEFENSIVE,False,False
2020-03-18,22.088110921770948,17.401325266493807,5.726687202464296,42.75362318840581,31.177793046000364,32.365305329511116,0.0,45.32398393085195,-0.015586720230493485,604,2867,100,47,390,50,11,3571,965.6191957512682,23.738105057145138,22.348580878007766,-4.117986812230988,RISK_OFF,False,False
2020-03-19,35.31601195777912,62.7256843331392,6.785114717403469,52.580645161290285,29.976493811283174,32.78273470755172,0.0,52.31447228744878,0.0077149076248292535,2154,1280,140,50,453,76,23,3574,973.0688586472512,28.957503143849067,40.48093302443907,15.658194260111785,DEFENSIVE,False,False
2020-03-20,46.636937654133206,80.77034462785984,8.501118568232663,54.8582995951417,26.42005929078392,32.16112170450581,66.2192393736018,54.28675685644227,0.014289189521474226,2789,664,123,71,13,95,9,3576,986.9732239859064,34.68035351122776,53.632451409164275,17.168551102136067,TRANSITION,True,False
2020-03-23,17.754176146042536,8.4554678692221,6.080514397539838,34.65011286681716,28.021620989118613,30.99589983041653,0.0,38.47712475594049,-0.038409584146865065,300,3248,29,38,1033,43,186,3577,949.0639928885172,33.23570858598495,50.65049894340704,-4.333934775728412,RISK_OFF,False,False
2020-03-24,46.1058132482228,87.21655328798185,8.009505171931787,57.65724703737458,28.349865471168368,30.155472914013238,39.93570030752027,55.79179386812372,0.0193059795604124,3077,451,49,35,71,75,18,3577,967.3866029367463,36.83230901613285,58.81412192835459,10.789801290443684,TRANSITION,True,False
2020-03-25,51.81764134569096,92.9869392390687,11.090909090909092,57.64525993883795,33.819330898338876,30.19493093635933,67.62237762237761,57.02610472583481,0.02342034908611606,3275,247,53,67,4,98,2,3575,990.0431348787567,38.5592102466521,62.88632013209088,5.180703691557753,TRANSITION,False,False
2020-03-26,31.26915546538035,26.555299539170505,10.134190662566397,44.47300771208225,28.712833353857402,30.41562001293454,62.300810735252995,47.07946426729484,-0.009735119109017221,922,2550,105,57,13,47,15,3577,980.4049470376473,43.06420335309804,68.91959735540702,13.514979319337815,DEFENSIVE,False,False
2020-03-27,34.536871575558614,40.43569083855566,10.07264599050014,48.57651245551607,29.469666150433284,35.432374442707626,47.20592344230232,48.853261768525535,-0.003822460771581552,1355,1996,228,41,51,37,15,3579,976.6573875873313,39.20788946220998,53.32597653893162,-11.568941672664188,DEFENSIVE,False,False
2020-03-30,22.865906780324387,18.33664490491059,8.114525139664805,40.29264316282861,30.819326595742236,38.18003337261128,0.0,43.480834502340485,-0.021730551658865047,646,2877,57,46,698,35,45,3580,955.4340837733525,29.55731127375445,28.442545094212246,-28.95173456536657,RISK_OFF,False,False
2020-03-31,29.850337789952945,41.768383447454596,9.231843575418996,48.75486305916099,26.038046948042442,38.395785737956444,0.0,50.06716276258668,0.00022387587528894525,1403,1956,221,80,325,66,12,3580,955.6479824151384,29.084372048611982,33.51357306364027,-1.4188176754274053,DEFENSIVE,False,False
2020-04-01,27.760795317393615,34.52981311183625,7.788944723618091,47.84945987913041,27.277219563782385,38.86614435077962,0.0,48.298734863921055,-0.005670883786929817,1164,2207,211,32,351,29,16,3582,950.2286137656481,26.82567996255698,31.544947154733805,-6.7760762581649985,DEFENSIVE,False,False
2020-04-02,51.776451640322726,89.02161547212741,21.649916247906198,57.07703745247521,29.923734561723393,38.47008836002763,54.74595198213289,56.38689372727587,0.021289645757586222,3130,386,66,30,13,92,5,3582,970.4586443414411,36.46252824922309,55.10660401047274,28.91054485999834,TRANSITION,True,False
2020-04-03,35.557263485168555,30.544296467863347,22.627024008933557,46.461878993757956,29.061965442222704,38.61959348137363,57.81686208821887,48.47124688119316,-0.005095843729356146,1055,2399,128,51,23,56,4,3582,965.5133387440743,38.36483681429497,51.36524168394234,5.7069256952156096,DEFENSIVE,False,False
2020-04-07,63.89028236864625,98.36711711711712,36.532550991897175,60.61007957559683,43.82791141001437,39.16699278749438,94.42581726739311,59.34026475314171,0.03113421584380573,3494,58,27,162,3,135,1,3579,995.5738394326058,50.407999164712514,72.64434301903596,36.12948705125263,RECOVERY,True,False
2020-04-08,51.75654594042272,59.182464454976305,43.40597932383347,51.1019283746557,39.81117502978797,40.284870209159884,80.45543447890472,51.37475964877869,0.004582532162595626,1998,1378,203,111,2,68,6,3579,1000.1360885720445,50.401363931412504,62.69795934665225,-0.01990569990000779,TRANSITION,False,False
2020-04-09,55.9525431859681,64.83246234245313,51.66201117318436,51.3553581423384,40.387110167355736,40.32130248593611,89.94413407821229,52.48222925697983,0.008274097523266103,2109,1144,327,148,5,87,8,3580,1008.4113121054274,57.19979049834569,74.12734797151552,20.39527970079955,RECOVERY,False,False
2020-04-10,34.99907930721856,13.46590909090909,37.171970965940815,40.289975952565314,42.91065450361564,40.33852641064195,55.30429927414852,43.07661408793875,-0.02307795304020416,474,3046,62,76,57,35,40,3582,985.1392431994477,47.5693894778698,45.82694529611283,-28.89120306142769,DEFENSIVE,False,False
2020-04-13,35.281513515929085,31.76300578034682,34.61753210496929,46.23592662871601,31.398184617074733,40.42037622754886,23.478503629257403,47.64501954598569,-0.007849934846714375,1099,2361,122,109,204,49,31,3582,977.4059643253905,42.077712003038584,36.68712573790301,-16.475032424493634,DEFENSIVE,False,False
2020-04-14,61.22334760952191,89.68481375358166,45.438058035714285,56.01967933169028,36.67714903118903,43.56439749554076,86.83035714285714,55.41065691423886,0.01803552304746283,3130,360,94,141,9,73,1,3584,995.0339921217088,43.83464681088986,44.97124287494586,5.270804423553805,RECOVERY,False,False
2020-04-15,43.60421187522193,27.430555555555557,40.76815642458101,46.12653163290821,40.78835956890774,43.74708049840513,87.70949720670392,48.20100501267081,-0.005996649957763971,948,2508,124,159,24,49,3,3580,989.0671215748786,46.70302433355764,49.62612502982801,8.60513256800337,TRANSITION,False,False
2020-04-16,50.84923333910428,54.85040797824116,42.542514636186226,50.46783625730997,38.16308730639395,44.49769526831293,83.17535545023696,51.32369621792351,0.00441232072641168,1815,1494,278,173,54,72,3,3587,993.4312029352158,51.892264274616046,57.32192576245945,15.567719823175196,TRANSITION,False,False
2020-04-17,49.325906138469556,43.88424821002387,43.24324324324324,49.26806953339433,46.789924057466116,44.869924399881654,83.1568682084146,49.896342757124884,-0.0003455241429170572,1471,1881,237,158,39,44,8,3589,993.0879484702745,47.926450450931924,42.055070581273526,-11.897441471052353,TRANSITION,False,False
2020-04-20,59.176092479443945,73.13077152219243,48.71794871794872,52.69602350162028,40.336689674461844,45.24466682476845,100.0,53.408723928338496,0.011362413094461645,2455,902,231,268,49,76,3,3588,1004.3718239799251,53.11707731900592,57.28847590348581,15.571880604222017,RECOVERY,False,False
2020-04-21,44.37254001947045,30.419781483611274,43.74303232998885,46.27823197168248,43.64477936118949,49.580279372713335,71.46042363433668,48.529323638681085,-0.00490225453772973,1058,2420,110,196,119,54,3,3588,999.4481376482515,50.95817954579465,49.14493373860919,-6.476693319633831,TRANSITION,False,False
2020-04-22,58.838114694679625,69.7151424287856,48.7054565701559,52.15827338129495,41.114393329334206,50.36705459582659,100.0,52.81264614550037,0.009375487151667899,2325,1010,257,254,32,93,8,3592,1008.818450821531,54.12891573119801,57.75523181152976,9.51220855621007,RECOVERY,False,False
2020-04-23,48.92234503892474,35.7870235670643,47.219132369299224,47.533399244555994,45.43503026989333,50.7888624723247,90.60066740823136,48.95090516151616,-0.0034969827949461276,1230,2207,159,222,76,70,7,3596,1005.2906300557838,50.7109999176916,45.30731582648705,-10.253747440519206,TRANSITION,False,False
2020-04-24,32.79987442216026,18.901915927938234,37.78859527121001,42.957746478873204,45.13285829573251,50.60899580864443,0.0,44.84372177756791,-0.017187594074773643,661,2836,98,105,517,33,50,3595,988.0121027792114,46.85344471858821,41.46802730792937,-11.572665597310191,DEFENSIVE,False,False
2020-04-27,36.618296178154246,36.43771827706635,35.30884808013356,47.309308338720115,39.51833206320517,50.20701625873281,0.0,48.04498613397741,-0.00651671288674196,1252,2184,158,131,539,47,52,3594,981.5735115767732,39.44683854641308,30.375552590689626,-22.21981851652538,DEFENSIVE,False,False
2020-04-28,32.12814931327369,22.678369195922986,27.284122562674096,40.47387550061345,51.292391536193385,50.44950576385806,0.0,43.83683739702596,-0.020543875343246785,801,2731,58,125,1177,33,66,3590,961.4081877147071,33.8487733045294,26.006001133642517,-16.79419572565105,DEFENSIVE,False,False
2020-04-29,42.0775970045597,47.683682502213045,27.225788445436784,50.0,35.84996877605182,50.26455851525924,43.301702483952,49.54794547180376,-0.0015068484273208086,1616,1773,194,153,177,47,31,3583,959.9594912990358,36.941347498662545,35.59992332506746,9.277722582399441,TRANSITION,False,False
2020-04-30,61.74506590951432,85.29914529914531,34.875594073245736,57.96812749003992,46.87934978623394,48.97036306177284,100.0,56.42005744920945,0.02140019149736482,2994,516,67,234,55,90,15,3577,980.502808242548,45.3169374091159,51.88706566576044,25.12676973136007,RECOVERY,False,False
2020-05-06,62.5134095923216,84.001153070049,42.023346303501945,55.65656565656565,47.37829158732127,48.82622690702787,100.0,55.41201573646253,0.018040052454875086,2914,555,129,367,52,110,9,3598,998.191130335396,55.44535750213188,72.32799362380244,30.385260279047912,RECOVERY,False,False
2020-05-07,46.616675680940986,34.215945866431305,40.38888888888889,47.800166684589755,43.444406444746505,49.09064434991771,89.16666666666666,49.44988730993018,-0.0018337089668993803,1163,2236,201,189,48,57,11,3600,996.3607383090205,56.9583837275923,67.83874807854187,4.539078676381287,TRANSITION,False,False
2020-05-08,61.74158458290295,79.34397163120568,46.76658340271996,53.26530612244902,45.483031261721884,50.78400694771402,100.0,53.23247384320992,0.010774912810699724,2685,699,219,223,28,68,6,3603,1007.0964383923047,56.957223285388515,65.85369018922866,-0.003481326611364466,RECOVERY,False,False
2020-05-11,50.59862107103174,41.865254486613715,47.33629300776915,48.85886935072361,44.66950902488554,51.040598827119524,90.2330743618202,50.16849545178263,0.0005616515059421047,1423,1976,205,193,48,55,5,3604,1007.6620756235566,52.98562711162523,51.808390661416894,-11.914788521289864,TRANSITION,False,False
2020-05-12,46.4251279113612,37.02301194290708,46.159179145867995,48.151706664389216,39.12124826158866,51.29558292460743,72.18524681087078,49.97025768032656,-9.91410655781287e-05,1271,2162,173,144,64,53,9,3606,1007.5621749316366,52.92177785509863,52.74407935357548,-0.1915477695797847,TRANSITION,False,False
2020-05-13,54.685419269066394,56.53357531760436,47.8375381203216,50.650406504065074,36.9098313629688,52.65283877463398,100.0,51.703965161650025,0.005679883872166745,1869,1437,301,225,42,75,7,3607,1013.2850110792359,50.56972275048644,45.14061391570838,-7.0561653138365585,TRANSITION,False,False
2020-05-14,41.1373368697574,23.32855093256815,42.59977827050998,45.62841530054644,38.93778353615181,53.65111434091453,63.58093126385809,47.54218193062718,-0.008192726897909406,813,2672,123,147,98,47,6,3608,1004.9834437137187,47.41596135006167,38.96171273102653,-9.461284201274339,TRANSITION,False,False
2020-05-15,49.31248098085062,50.497737556561084,43.91798282072597,50.0,37.903778245172745,54.34516127576363,67.45635910224439,50.77462505976901,0.0025820835325633673,1674,1641,294,163,100,62,10,3609,1007.5783949142308,48.3784123732248,43.45328793557786,2.8873530694894214,TRANSITION,False,False
2020-05-18,46.82077989933154,41.35316418780985,41.17891816920943,48.32869080779947,44.63939297248425,53.61554126457867,64.97919556171982,48.84037937729567,-0.0038654020756811176,1418,2011,176,206,152,70,31,3605,1003.6836992951179,45.75686591664652,38.393150892313024,-7.864639369734853,TRANSITION,False,False
2020-05-19,59.38110472237933,73.63095238095238,46.769273433166944,52.74307690431943,39.343860450766506,53.12832005685899,98.25291181364393,53.366963003893375,0.011223210012977916,2474,886,246,241,67,83,10,3606,1014.9482522389095,51.8381218675205,55.160618041774434,18.24376785262193,RECOVERY,False,False
2020-05-20,40.429076941563814,27.639484978540775,42.29490022172949,45.8333333333333,42.84564615937816,52.73070565103013,41.130820399113084,47.44452247323358,-0.00851825842255472,966,2529,113,156,188,63,26,3608,1006.3026607408183,48.87698718775823,47.54120051576766,-8.883404039286809,TRANSITION,False,False
2020-05-21,35.21115148079817,28.7369640787949,37.0462732058742,46.09040928527794,40.6753884850594,52.55847204183915,0.0,46.93877900380173,-0.010204069987327568,992,2460,157,106,320,57,25,3609,996.034277962185,45.007111048247104,43.335800479429345,-11.609628418533369,DEFENSIVE,False,False
2020-05-22,30.372020315376812,18.391787852865697,28.654485049833887,43.017523769269175,40.98040250129431,51.93770467971088,0.0,44.99433867276005,-0.016685537757466513,645,2862,105,56,635,42,36,3612,979.4149104095161,35.337416245912934,24.922745636733783,-29.009084407002515,DEFENSIVE,False,False
2020-05-25,37.126369777507556,46.35143023934617,28.557585825027687,49.406227414019035,31.612536300535137,51.94936234507945,0.0,49.584885219488136,-0.0013837159350395512,1588,1838,186,101,420,45,30,3612,978.0596783909672,34.23651385789418,31.16006072366892,-3.302707164056258,DEFENSIVE,False,False
2020-05-26,60.068762556878376,90.9533352419124,38.001660669803485,56.25610948191593,36.33476811925486,51.126782876829324,79.33849986161086,55.89873396839891,0.019662446561329695,3177,316,120,135,29,109,17,3613,997.290724551121,42.522384216587575,51.898851111374746,24.857611076080204,RECOVERY,True,False
2020-05-27,44.49153157589907,37.85755983654408,37.03241895261845,48.09523809523806,38.19626317160383,51.694771229630796,70.50429481850928,49.14052062798146,-0.0028649312400617953,1297,2129,183,179,105,66,11,3609,994.4335551989307,47.228887970095,58.38744177260088,14.119511260522255,TRANSITION,False,False
2020-05-28,40.73472902493027,37.26059199071387,35.36821705426357,47.957445329068584,39.48267260946986,52.39802400614273,35.603543743078625,48.5952630139237,-0.004682456620254327,1284,2162,166,125,177,47,35,3612,989.7771632149863,48.43167438590257,55.35716235639011,3.6083592474227117,TRANSITION,False,False
2020-05-29,52.795984422401254,60.16090584028606,38.66906474820144,51.19069969390715,39.761518971614876,54.36022222053067,83.48090758162701,51.89998465290768,0.006333282176358934,2019,1337,258,207,86,69,23,3614,996.0457012813429,46.00741500774353,45.09301922251466,-7.272778134477122,TRANSITION,False,False
2020-06-01,70.83011366464858,95.39842873176207,55.60786485738023,59.10434525569022,58.380698986268,53.3976953532492,100.0,57.928146772267176,0.026427155907557256,3400,164,47,366,19,134,17,3611,1022.3683563201571,54.78694237066003,64.27330885425398,26.33858208874951,RISK_ON,False,False
2020-06-02,61.99641382197771,63.8140361267397,60.636237897648684,51.58730158730158,54.42591723587134,54.414886693671264,100.0,51.4437143583996,0.0048123811946653525,2155,1222,238,325,18,76,21,3615,1027.2883825721333,61.87417063634251,73.12445689959593,21.261684797047444,RECOVERY,False,True
2020-06-03,54.53183632279798,37.376093294460645,59.369817578772796,48.25136403160917,53.988698570187196,54.81067820828589,100.0,49.93544544660432,-0.00021518184465226886,1282,2148,188,247,18,77,12,3618,1027.0673287629816,62.452787936474756,65.52951938432079,1.7358519003967245,TRANSITION,False,False
2020-06-04,57.700318288557405,53.00884955752212,60.707377728654336,50.341880341880426,44.9548725929637,54.70258622649258,100.0,50.837175811402545,0.0027905860380084985,1797,1593,229,292,35,68,19,3619,1029.9334485107222,58.076189477777696,51.39965965957415,-13.129795376091174,RECOVERY,False,False
2020-06-05,54.811436355066114,44.552989934872706,60.24329554879735,49.21875,43.06860989909985,54.59153623798196,98.38263754492674,49.68016796865254,-0.0010661067711581983,1505,1873,239,222,47,56,30,3617,1028.8354294874225,55.681196988807166,44.97931092895181,-7.184977466911597,TRANSITION,False,False
2020-06-08,54.491923418382896,42.67177823650841,59.76789168278529,49.01960784313726,45.8150317337092,54.79813721067879,96.97430229345123,49.359212715175175,-0.0021359576160827403,1447,1944,228,218,48,40,35,3619,1026.6378806161129,55.667892687335474,46.74453924296773,-0.03991290441508255,TRANSITION,False,False
2020-06-09,58.18776320097061,58.73349339735894,61.69332597904027,50.94892697824163,41.63867536522023,54.48158843797935,92.74682846111418,51.09485228788373,0.003649507626279094,1957,1375,294,204,49,55,17,3626,1030.3846033908483,55.83037432480654,48.652753856246676,0.48744491241320276,RECOVERY,False,False
2020-06-10,49.872608772380275,36.462819408555845,57.23938223938223,47.67846700674503,40.87709792019314,54.50600470864011,81.1638168781026,49.17421149299765,-0.0027526283566745033,1270,2213,143,173,60,38,12,3626,1027.548337513274,54.184098463911255,45.95603034747439,-4.938827582685839,TRANSITION,False,False
2020-06-11,46.90500136211586,31.708732230925442,52.45449531163817,47.35827968323343,47.18267787839754,54.245189539761995,64.34087148372862,48.94339010926313,-0.0035220329691229165,1093,2354,179,150,98,52,8,3626,1023.9292783911847,51.65512444515557,42.30168167894673,-7.586922056267035,TRANSITION,False,False
2020-06-12,47.82482301216782,40.111995284409076,49.089906232763376,48.79608114902232,44.31897010405018,53.790353921972,61.30722559293987,50.03654610121637,0.0001218203373878902,1361,2032,233,179,138,60,16,3626,1024.0540138013394,48.20081104888798,36.09451564129677,-10.362940188802789,TRANSITION,False,False
2020-06-15,48.96874074612824,37.68074031231926,46.84659873313137,48.02955665024635,48.469933091978426,53.98206301780025,78.36684109060866,49.38844098495086,-0.002038530050163797,1303,2155,173,232,129,72,15,3631,1021.9664489212146,47.899521706803974,36.50048927588458,-0.9038680262520344,TRANSITION,False,False
2020-06-16,66.76604579493333,87.51062022090059,58.53289292595652,55.26068576796624,45.33571224543626,53.45866353554233,100.0,54.92972197904569,0.016432406596818962,3090,441,102,239,19,73,9,3633,1038.759817138195,54.519869851076464,55.1011186058763,19.861044432817472,RECOVERY,False,False
2020-06-17,57.338282479508194,51.22890139176784,60.291689598238854,50.0,46.98890189083962,53.63973420310113,100.0,51.20821015964802,0.0040273671988267055,1730,1647,257,329,29,67,14,3634,1042.9432843531968,57.69102300685659,58.80675397499589,9.513459467340375,RECOVERY,False,False
2020-06-18,55.09668178937234,45.61764705882353,61.02394715111479,49.39668174962293,45.88892878714991,54.269820359600715,92.93971924029726,49.473701078755376,-0.0017543297374820813,1551,1849,233,183,27,51,26,3633,1041.1136179349487,59.73367002127129,61.452389557163976,6.1279410432441,RECOVERY,False,False
2020-06-19,59.33274058606446,57.20351835001517,62.8025302530253,50.64529267516696,47.10915737511346,55.993329428146346,96.47964796479648,51.217794022385135,0.0040593134079504245,1886,1411,339,190,21,58,10,3636,1045.339824403432,57.255901618315,51.35002226686884,-7.433305208868873,RECOVERY,False,False
2020-06-22,56.76523889849634,47.06400469759248,60.83608360836084,49.71035101849057,47.81142280151158,56.756967444510465,100.0,50.56116369949366,0.0018705456649788666,1603,1803,230,239,45,50,11,3636,1047.2951802803996,57.06488709131105,49.96172336881039,-0.5730435810118522,RECOVERY,False,False
2020-06-23,49.48997972504831,34.91652274035694,54.67161308051662,47.61871798421704,42.910938191764956,57.21354988914484,80.50288540807914,49.508689354721035,-0.0016377021509298838,1213,2261,165,230,119,51,15,3639,1045.580022710996,55.19598640320303,46.39468192932153,-5.606702064324033,TRANSITION,False,False
2020-06-24,46.342783495810046,36.83139534883721,51.3454146073586,47.96432386933858,40.07400942753645,57.4000203418042,54.66776496430532,49.06646423973645,-0.0031117858675451726,1267,2173,202,201,184,39,15,3642,1042.3264015729362,50.866000706451565,39.6039742622622,-12.989957090254414,TRANSITION,False,False
2020-06-29,38.43200155058659,33.579335793357934,44.11926353393789,46.43916913946584,40.780347774340285,57.10896430669774,0.0,48.38981855437658,-0.00536727148541139,1183,2340,116,197,397,49,19,3639,1036.7319527992825,44.75492159048165,35.109084627517355,-18.33323734790975,DEFENSIVE,False,False
2020-06-30,64.40872314282586,85.19269776876268,51.16854550453671,54.02684563758386,42.234600189048486,57.12981601965013,100.0,54.49282247535958,0.01497607491786527,2940,511,186,311,31,88,7,3637,1052.2581281941493,49.727836063074164,51.86780963698593,14.918743417777556,RECOVERY,True,False
2020-07-01,58.98071180831192,57.35937044593413,54.99451152579582,50.99132742058323,50.676659960604496,58.16962796743661,100.0,51.496119754948275,0.004987065849827604,1968,1463,213,283,48,65,12,3644,1057.5058087704701,53.94047883390814,58.710468002684905,12.637928312501877,RECOVERY,False,False
2020-07-02,69.1875761360366,78.81019830028329,67.30189196599945,54.87804878048781,62.29913050652679,57.41229585766732,100.0,54.1368337789395,0.013789445929798336,2782,748,117,422,20,89,7,3647,1072.088227940958,64.19233702905814,73.78742217166003,30.755574585450006,RECOVERY,False,True
2020-07-03,70.1305667604179,74.13006274957216,75.97313596491229,53.86629651958441,66.44782634312061,56.922685331270515,100.0,53.280738350192145,0.010935794500640477,2599,907,142,577,21,88,10,3648,1083.8123644882762,66.09961823492215,70.09987716526318,5.721843617592043,RISK_ON,False,True
2020-07-06,83.99673894610198,94.86329743164872,87.79452054794521,64.46428457834239,97.4333823399505,53.50976326208679,100.0,61.72768229296297,0.039092274309876565,3435,186,29,1614,11,237,4,3650,1126.1810547412879,74.43829394751883,82.60118616050137,25.01602713779006,RISK_ON,False,True
2020-07-07,73.43029479209338,59.48599480219463,89.31998903208115,51.65803108808289,100.0,52.96666864618431,100.0,52.988535145952376,0.00996178381984125,2060,1403,184,873,7,134,3,3647,1137.3998269506212,75.85253349953776,76.15978499447183,4.2427186560567804,RISK_ON,False,True
2020-07-08,78.25722850923427,85.54831396996316,90.53424657534246,55.92279382977061,82.28166632719419,52.19158533273418,100.0,56.26946289713713,0.02089820965712377,3019,510,121,901,10,169,6,3650,1161.1694469982115,78.56142074914321,79.96586873460215,8.12666174881636,RISK_ON,False,True
2020-07-09,81.74615599611577,89.72276673200784,93.01943607993431,58.15047021943576,93.34885364986404,50.944657797130866,100.0,57.84425474037798,0.026147515801259933,3204,367,82,1748,6,205,5,3653,1191.5311434615373,77.81122643248113,78.25235850138854,-2.2505829499862102,RISK_ON,False,True
2020-07-10,61.94075795361018,30.410499860374195,92.15713112510265,44.08333333333334,79.43744544225049,49.81166404793207,100.0,47.94847084730634,-0.006838430508978872,1089,2492,72,573,11,133,10,3653,1183.3829405376914,73.98138081965341,68.56052685411505,-11.489536838483197,RECOVERY,False,False
2020-07-13,81.06979347480241,93.71713257680598,93.6816192560175,61.28400327585153,79.38974155333423,48.07881389360512,100.0,59.904867313180844,0.03301622437726947,3386,227,43,1313,6,242,6,3656,1222.4537772267167,74.9189024748428,71.28346638972933,2.812564965568143,RISK_ON,False,True
2020-07-14,63.06574916458977,35.67825112107623,92.94889314020224,46.248861911987895,76.85243739969907,46.5766834410272,100.0,48.670890308489945,-0.004430365638366843,1273,2295,91,693,6,124,32,3659,1217.0378600175998,68.69210019766746,53.268627852752125,-18.680406831526007,RECOVERY,False,False
2020-07-15,54.46682471021577,18.443644419828303,89.72115910333515,38.345160868997354,64.31394896136338,43.995554499575306,100.0,42.26519720160044,-0.025782675994665206,666,2945,47,241,20,83,131,3658,1185.6593671995251,66.20078911653599,49.279676039236826,-7.473933243394413,TRANSITION,False,False
2020-07-16,37.026295465073964,5.532617671345996,69.07625034162339,32.68398268398269,56.09319137344075,39.051540788845685,27.862804044820987,36.39760773865213,-0.04534130753782623,201,3432,26,38,119,31,310,3659,1131.900021196227,51.51962311329317,19.884837737416834,-44.043498009728445,DEFENSIVE,False,False
2020-07-17,49.21802086039283,50.114285714285714,65.87496587496588,50.0,38.7388253641418,38.531865456932735,38.26098826098826,50.48694160829717,0.0016231386943239303,1754,1746,163,66,109,65,41,3663,1133.7372519187368,46.90371367856087,24.69684926848666,-13.847728304196934,TRANSITION,False,False
2020-07-20,71.69210901055021,91.87482843810047,80.73144104803494,63.25840568271506,42.737617710265155,36.60736415702509,100.0,60.339475335371205,0.0344649177845707,3347,296,21,233,13,174,10,3664,1172.8114130954211,52.64547511200568,49.17391060791072,17.225284300334444,RISK_ON,False,False
2020-07-21,58.36224775568966,50.86623118432263,81.10354223433242,50.0,38.22539976117479,36.188600555991954,100.0,51.446229859341884,0.004820766197806289,1791,1730,149,195,3,93,13,3670,1178.465262712073,59.75745920887758,64.28511511223626,21.335952290615694,RECOVERY,False,False
2020-07-22,57.93052177744629,47.62321376494605,81.33514986376021,49.84151433212571,40.58205278394832,36.18269685510334,100.0,51.51767221072583,0.005058907369086099,1633,1796,241,190,6,76,2,3670,1184.4270093138189,62.66162618122873,63.45475779578971,8.712500917053454,RECOVERY,False,False
2020-07-23,51.26625256027246,33.41708542713568,74.91166077738515,46.12590799031477,41.662453047274894,36.27419922234566,86.69475400924163,49.289991384286765,-0.002366695385710791,1197,2385,97,179,44,82,5,3679,1181.6238313761646,55.85300736446948,43.968843458801445,-20.42585645027775,TRANSITION,False,False
2020-07-24,28.776138403523206,6.928532460447356,51.69790817712578,33.4134615384615,43.544073299844946,32.77595047276646,0.0,37.66396759927189,-0.04112010800242703,254,3412,15,61,401,40,143,3681,1133.0353318117352,45.99097091374733,29.322943884176354,-29.586109352166453,DEFENSIVE,False,False
2020-07-27,38.98636210470516,46.70454545454545,49.904917142080954,49.250936329588015,27.757104667499284,32.72815871314316,0.0,50.10440583550392,0.0003480194516797322,1644,1876,161,83,285,75,31,3681,1133.4296501466463,39.67625102283362,29.01672111404282,-18.94415967274113,DEFENSIVE,False,False
2020-07-28,54.67082991772381,74.95069033530572,53.07277628032345,53.660489782074805,26.112476411876173,32.76573971744272,73.98921832884096,53.54322688223353,0.011810756274111782,2660,889,161,103,14,71,8,3710,1146.8163114983802,40.81111014198407,42.861256083432835,3.4045773574513447,TRANSITION,False,False
2020-07-29,64.8669989784312,94.0934065934066,62.456234850525185,57.821229050279314,31.1471929410856,32.385697852539494,93.89981147320225,57.571722573911984,0.0252390752463733,3425,215,73,164,1,139,0,3713,1175.7608946780563,52.841397000286726,71.91621412775258,36.09086057490799,RECOVERY,False,False
2020-07-30,49.213904501702814,37.861352792590516,60.05383580080753,47.70444763271162,32.137967693939295,32.609416444334336,100.0,50.00990399925224,3.301333084080546e-05,1349,2214,152,231,1,99,4,3715,1175.799710461462,56.25057779928594,68.96848324043428,10.227542396997656,TRANSITION,False,False
2020-07-31,59.89971806829043,73.29299913569577,63.088512241054616,52.86123032904149,34.098956045861165,32.266638052792196,100.0,53.76148149281893,0.012538271642729764,2544,927,246,235,2,131,0,3717,1190.5422066286708,57.993540516141486,68.41591950723095,5.228888150566625,RECOVERY,False,False
2020-08-03,70.47579459819013,93.17685589519651,75.98065556152606,59.494482083959575,45.43174240223901,32.94073896425722,100.0,59.04883885460579,0.030162796182019308,3414,250,58,442,1,248,0,3722,1226.4522885533029,59.86313905606113,68.1104026078276,5.608795619758936,RISK_ON,False,True
2020-08-04,52.34508834354171,33.15760266370699,73.73086220789686,46.53543307086614,44.0322684884546,32.947649317031036,100.0,48.591901408687455,-0.004693661971041811,1195,2409,119,277,5,99,28,3723,1220.695736087223,60.90686700334077,66.54248589819976,3.1311838418388973,TRANSITION,False,False
2020-08-05,60.72435035030337,63.569405099150146,75.32223415682063,52.137966128931446,39.87405709720192,33.127711424979964,100.0,53.05955235467411,0.010198507848913707,2244,1286,194,324,4,128,1,3724,1233.145011132844,61.18174443067841,63.30128788601788,0.824632282012935,RECOVERY,False,False
2020-08-06,53.19117270027941,36.75690761931343,74.17493962972901,47.34219269102997,41.09653260820315,34.260924702280604,100.0,49.50113208784436,-0.0016628930405187946,1317,2266,144,245,13,102,12,3727,1231.0944228758808,55.420203798041506,44.494638460723515,-17.284621897910725,TRANSITION,False,False
2020-08-07,45.16761073105589,22.88529975362716,64.89133351220822,42.883617494440344,40.2114146572419,34.17232397238785,82.73410249530453,46.26243241371766,-0.012458558620941126,836,2817,74,190,68,75,18,3727,1215.756760840568,53.027711260546226,41.0705374906969,-7.1774776124858235,TRANSITION,False,False
2020-08-10,61.27850846441595,68.2953914491949,71.67157781944817,53.26167531504815,38.19768512162736,35.30129340619859,100.0,52.426232642128134,0.008087442140427096,2460,1142,131,216,13,105,26,3733,1225.589123300699,53.21243063191708,42.645866274045154,0.5541581141125818,RECOVERY,False,False
2020-08-11,40.168757824828575,16.73480512401199,61.55906777390838,41.280653950953685,41.460471741977514,35.542697923312325,54.82185909456201,44.51236866633562,-0.01829210444554795,614,3055,64,108,90,49,22,3733,1203.1705190499551,48.87162567343348,35.971832108944675,-13.022414875450835,TRANSITION,False,False
2020-08-12,39.81218725130878,36.12114476243401,58.00321199143469,46.820556344724395,39.875970269370086,37.83845861351689,0.0,47.8586761789496,-0.0071377460701679985,1300,2299,137,92,286,59,40,3736,1194.5825934058641,47.08648451351777,40.383780445213624,-5.35542347974711,DEFENSIVE,False,False
2020-08-13,55.3411479818723,60.66969353007945,61.40679326023001,51.465689540306414,32.490054332421465,42.07914391723183,85.0361059106713,51.74958767213852,0.005831958907128397,2138,1386,215,153,22,78,16,3739,1201.549350001778,45.10736435266989,37.84188113884181,-5.937360482543653,RECOVERY,False,False
2020-08-14,58.01914659531491,71.16529628579529,65.15637530072173,52.56723716381417,31.688464587234545,42.448698431968836,76.99812884255546,52.270189472239906,0.007567298240799671,2510,1017,214,115,14,55,26,3741,1210.6418322842806,51.057493942832004,55.98537819276958,17.850388770486333,RECOVERY,False,False
2020-08-17,69.59351172543585,89.0176600441501,75.28751002941962,55.75539568345329,44.577245077924424,44.48971704158385,100.0,55.65453780298702,0.018848459343290096,3226,398,115,262,4,107,5,3739,1233.460565639377,60.984602100874355,73.61754995334161,29.781324474127068,RECOVERY,False,False
2020-08-18,61.109037630020694,57.2042394729304,77.81041388518024,50.863930885529115,43.66452240422094,44.51046963687113,100.0,52.311600552048496,0.0077053351734950115,1997,1494,254,280,4,93,4,3745,1242.964792720917,62.907231983590485,72.4623986009586,5.767889648148397,RECOVERY,False,False
2020-08-19,47.72321213113882,21.555252387448842,68.3964781216649,43.110309043429076,43.28564375835058,43.903390431774156,90.2881536819637,45.53112156605812,-0.014896261446472929,790,2875,83,198,47,57,26,3748,1224.4492641997854,59.47525382886513,55.92571730150977,-10.295934464176085,TRANSITION,False,False
2020-08-20,41.90766550781565,26.27777777777778,61.74353505731804,45.64507348938487,34.48032138073966,43.85274051939376,42.53532391362304,46.63796756174482,-0.011206774794183937,946,2654,151,84,112,41,29,3751,1210.727137048994,50.24663842299173,35.01242321271899,-27.685846217620195,TRANSITION,False,False
2020-08-21,56.6229859210228,64.24468696151638,63.86890487609912,51.639344262295154,33.78843697261827,48.424929653696566,75.31308286703971,52.0012953622648,0.00667098454088268,2237,1245,271,148,53,59,8,3753,1218.8038790634753,48.751287853325756,37.35923904224766,-4.486051708997891,RECOVERY,False,False
2020-08-24,55.98461551074211,58.60335195530726,64.51784762919553,51.35421552367458,35.93582971086199,48.68680701167077,78.7693127330847,51.82178472840303,0.006072615761343431,2098,1482,174,173,65,62,16,3754,1226.2052067094623,51.5050889798602,49.70860556486713,8.261403379603287,RECOVERY,False,False
2020-08-25,51.86314223132613,41.18942731277533,61.61897191308956,48.256938961903394,37.18648752506645,48.3914746510008,90.80551139374668,50.11556885988321,0.0003852295329440262,1496,2136,142,228,74,71,13,3774,1226.6775771685368,54.82358122103036,54.67915540986632,9.955476723510479,TRANSITION,False,False
2020-08-26,33.36669051142307,17.82258064516129,48.42425847457627,41.220583289762146,40.18331637982705,48.21034284833152,0.0,43.891488398919314,-0.020361705336935616,663,3057,56,110,447,35,50,3776,1201.700329798805,47.07148275116378,39.20511997108128,-23.25629540959973,DEFENSIVE,False,False
2020-08-27,55.81415559967188,73.68421052631578,53.005030447445066,53.48330914368651,32.45319842561186,47.70671506432589,64.5618215514959,53.49534163253965,0.011651138775132165,2660,950,167,167,112,61,23,3777,1215.701507107413,47.01466278080702,44.23207282808412,-0.17045991107023184,RECOVERY,False,False
2020-08-28,58.93399161852746,71.97011621472053,57.77277542372882,53.18745338359507,36.44420733872716,47.56889901842706,85.48728813559322,52.730793127023865,0.009102643756746227,2601,1013,162,167,33,55,25,3776,1226.7676048411513,49.371612576540805,54.49230246206586,7.070849387201328,RECOVERY,False,False
2020-08-31,52.58547859103123,43.75,57.64145954521417,49.09774232063386,42.347850715291216,49.13710279830098,89.66155473294552,50.45963946949982,0.0015321315649993823,1561,2007,214,183,33,66,7,3782,1228.647174211447,55.777875269743525,63.13477558034543,19.21878807960816,TRANSITION,False,False
2020-09-01,53.85067415568878,56.48512071869736,58.130618720253835,50.93768317702229,34.913009915749335,49.70706124938724,76.70544685351666,51.68830915515086,0.0056276971838362085,2012,1550,220,181,80,54,10,3782,1235.5616284536852,55.123381455082495,57.40174564447262,-1.963481443983099,TRANSITION,False,False
2020-09-02,55.32053704712953,49.84777193468032,59.67784526010034,50.0,39.21696951219981,49.63322746594919,100.0,51.54313676028982,0.005143789200966064,1801,1812,174,317,95,58,7,3787,1241.9170970152534,53.918896597949846,50.02763088445922,-3.6134545713979307,RECOVERY,False,False
2020-09-03,40.73085428143808,27.543424317617866,54.947229551451194,45.735665462620446,39.84041127700637,49.75286006747381,26.781002638522427,47.31509020399444,-0.008949699320018545,999,2628,163,161,249,42,27,3790,1230.8023124165766,49.9673551614188,44.62543899033184,-11.854624309593156,TRANSITION,False,False
2020-09-04,46.19477226148586,48.05339265850945,53.087071240105544,49.81030268431752,36.04815430820163,50.6398217674477,31.00263852242744,50.41990541943993,0.0013996847314664354,1728,1868,194,165,237,45,15,3790,1232.5250476207195,47.41538786335116,41.8148629702692,-7.65590189420292,TRANSITION,False,False
2020-09-07,36.385148192999836,25.149700598802394,46.46531258243207,44.932126696832555,44.43711615568351,50.72255195557855,0.0,46.54037806755108,-0.011532073108163057,924,2750,117,180,496,54,27,3791,1218.311478663915,41.103591578641264,33.58217252497656,-18.93538885412969,DEFENSIVE,False,False
2020-09-08,52.88854599180437,66.70293797606094,50.03953610964681,53.069391325803885,39.16193890317634,51.535833450616394,45.78281497100685,52.76679798700835,0.009222659956694515,2452,1224,118,266,282,87,22,3794,1229.54755115297,45.15615548209669,46.63534374445758,12.157691710366294,TRANSITION,False,False
2020-09-09,32.93248411602237,17.090319091400758,41.545766288578214,40.22004889975555,47.93385931814119,50.189273144969235,0.0,42.17475076550198,-0.02608416411499339,632,3066,93,104,870,39,145,3791,1197.475831041508,40.7353927669422,36.314319222088024,-13.262288145463486,DEFENSIVE,False,False
2020-09-10,26.69673273783441,12.145532370251471,22.812335266209804,37.6859895751066,44.98356435893982,47.53314370078983,0.0,38.88270263687262,-0.03705765787709126,454,3284,56,25,1554,24,382,3794,1153.100181378686,37.50592094855372,31.979596479237713,-9.688415455165426,DEFENSIVE,False,False
2020-09-11,45.52216129025123,78.16726469776428,26.18483412322275,54.42542729733617,31.358911036792474,47.32664417913794,4.186413902053715,54.48843465854287,0.014961448861809569,2832,791,175,35,209,71,14,3798,1170.3522307749265,35.05045938136934,35.8010387198055,-7.366384701553137,TRANSITION,False,False
2020-09-14,50.018522131736034,70.3072625698324,32.10900473933649,53.03917232072575,33.51043538547118,47.7218124069601,55.26592943654555,54.77380402261047,0.015912680075368252,2517,1063,218,83,63,128,9,3798,1188.9756713987415,40.74580538660723,53.54001987928271,17.08603801571366,TRANSITION,False,False
2020-09-15,43.305928261391315,49.35574229691877,32.78537611783272,50.0,30.48150236662647,48.14919420096007,49.736980536559706,50.98149269698264,0.003271642323275497,1762,1808,232,54,55,53,10,3802,1192.8655745266344,46.282203894459535,65.94342318817182,16.609195523556906,TRANSITION,False,False
2020-09-16,33.50208408807928,28.531779072994723,30.0552195635025,46.7741935483871,29.242434925871883,49.32517293073643,16.07941099132264,48.30285487570683,-0.0056571504143105595,1028,2575,200,50,179,39,6,3803,1186.1173545474842,42.27551149373555,49.39826131324862,-12.020077202171954,DEFENSIVE,False,False
2020-09-17,41.54898936535087,52.888888888888886,30.493567865581518,50.36866359447005,32.31985562686128,49.66603285153606,22.958781832501973,51.24588436817679,0.004152947893922628,1904,1696,209,70,173,45,8,3809,1191.0432381169971,39.452333904940495,43.59213675293412,-8.469532766385164,TRANSITION,False,False
2020-09-18,56.282547091664824,80.71700162954916,37.17915138816134,54.388245309982075,36.2615311773126,49.45531595978731,74.35830277632269,53.772761198801476,0.012575870662671589,2972,710,136,102,9,59,9,3818,1206.0216438332059,43.777873515031665,54.04588986381091,12.976618830273509,RECOVERY,False,False
2020-09-21,42.22754763221906,36.13750698714365,35.92767295597484,48.190045248868806,34.09727265170632,49.89876735563223,62.054507337526196,49.38422279672126,-0.0020525906775957967,1293,2285,238,72,26,35,9,3816,1203.5461750500951,46.686361363078255,56.581132501860566,8.725463544139778,TRANSITION,False,False
2020-09-22,28.080484393751824,14.656325220647231,28.464958158995817,43.21208112874781,33.00907242183961,50.14799474319249,0.0,45.50877899766977,-0.014970736674434085,548,3191,85,36,242,34,11,3824,1185.528202187898,42.19685970587857,43.83694461244667,-13.468504971599046,DEFENSIVE,False,False
2020-09-23,45.04184045114306,62.890403180011354,30.72399372713016,51.309332476159895,28.997364506194685,51.37075639271749,33.79508625196027,52.237041977864486,0.0074568065928816065,2215,1307,304,54,116,63,4,3826,1194.3684567020196,38.44995749237132,37.8947451292674,-11.240706640521765,TRANSITION,False,False
2020-09-24,24.49600429049516,7.5033025099075275,20.96394984326019,39.29939025973839,35.474440083573356,51.039899225541106,0.0,42.146484406307415,-0.026178385312308605,284,3501,43,15,1109,23,41,3828,1163.1018190376067,32.53944304513002,28.350010303522026,-17.731543341723896,RISK_OFF,False,False
2020-09-25,31.54778925043672,35.185702317788326,18.896713615023476,47.97853430876795,27.835672831955204,51.85079062765938,0.0,48.296216282210644,-0.005679279059297866,1260,2321,253,14,876,28,34,3834,1156.4962392329153,33.69521133069165,35.193136002569055,3.467304856684894,DEFENSIVE,False,False
2020-09-28,26.64307699753528,21.052631578947366,15.64945226917058,44.652406417112275,27.25785654429156,51.82488090014034,0.0,45.620022294794204,-0.01459992568401931,772,2895,167,17,1168,19,49,3834,1139.611480086267,27.562290179489057,21.24721213554773,-18.398763453607778,DEFENSIVE,False,False
2020-09-29,40.78120505455584,69.82879595846197,17.841352405721718,52.112103980503655,27.956854715719516,51.31490840284319,0.0,52.278018781564285,0.007593395938547628,2488,1075,282,30,239,45,22,3845,1148.2650012706763,32.99069043417595,42.022376618399214,16.28520076406068,TRANSITION,False,False
2020-09-30,32.179633769749586,37.59042849193099,18.144008318170002,48.39098954143206,28.559421706493488,51.42715433357225,0.0,49.35895725173554,-0.00213680916088153,1351,2243,253,28,541,29,6,3847,1145.8113780968415,33.20130527394691,42.8239520097801,0.6318445193128674,DEFENSIVE,False,False
2020-10-09,61.215334338865986,95.15916863983162,30.885024656112126,60.3896103896104,39.13735007875186,49.38235407514577,84.25901894627563,59.10711750578365,0.030357058352612164,3617,184,52,148,16,127,3,3853,1180.5948409628145,44.72539105439048,67.52613103007485,34.572257341330705,RECOVERY,True,False
2020-10-12,69.38517267750612,96.25065547981121,51.36328226434692,60.03344481605346,55.70511902657642,47.35791980327435,100.0,59.06551595924031,0.030218386530801042,3671,143,37,338,7,126,4,3851,1216.2705122032983,54.26004692870723,76.33341753719127,28.60396762295028,RECOVERY,False,False
2020-10-13,53.194236025070495,44.95412844036697,52.02282157676348,49.379831544940565,44.91766186962634,48.49403520777095,100.0,51.142241333278534,0.003807471110928473,1617,1980,259,264,7,53,1,3856,1220.9014270415864,61.26491434714754,78.78798418666993,21.01460225532091,TRANSITION,False,False
2020-10-14,47.048969682539834,28.625643805909462,47.419605809128626,46.428571428571445,44.3596745906851,48.77002987816154,94.86514522821577,48.53766311421074,-0.004874456285964211,1056,2633,167,210,37,55,11,3856,1214.9501964060007,56.54279279503882,56.610142575362545,-14.166364656326152,TRANSITION,False,False
2020-10-15,43.37711542532373,29.297622301175185,44.137483787289234,46.97885196374622,41.65864222300846,51.373479367718346,64.00778210116731,47.82925635340646,-0.007235812155311811,1072,2587,196,125,71,38,29,3855,1206.1590450067479,47.87344037764469,34.29246484915053,-26.00805725218239,TRANSITION,False,False
2020-10-16,48.54165004082966,49.4322902243146,44.3594398340249,50.0,39.8963865824608,54.62660005165441,58.558091286307054,50.17524793561522,0.0005841597853840491,1785,1826,245,122,89,33,13,3856,1206.863634615618,46.322578382897746,35.78518544379974,-4.652585984240837,TRANSITION,False,False
2020-10-19,42.79310436479995,31.794304672380424,41.16580310880829,47.5646184227376,42.920706007718124,54.85293653519807,51.29533678756477,48.47483156197082,-0.005083894793430621,1150,2467,243,118,113,33,13,3860,1200.7280668672147,44.903956610317785,36.84140573262339,-4.255865317739882,TRANSITION,False,False
2020-10-20,56.69869455608569,73.78694924707195,45.287415846711546,52.76035240383577,38.62308983423675,55.75769262432713,72.52718798549974,53.169393565636454,0.010564645218788202,2646,940,276,139,52,47,1,3862,1213.4133328979083,49.34448298723844,51.67118138125564,13.321579130761961,RECOVERY,False,False
2020-10-21,37.853273004063816,21.610056164749935,39.380989380989384,45.17965726920949,40.94017344686603,55.6732902315527,37.56798756798757,46.649173986261985,-0.011169420045793372,808,2931,122,111,159,25,13,3861,1199.8602096936054,45.781690641649824,42.39710336140076,-10.688377036765843,DEFENSIVE,False,False
2020-10-22,38.649657005059815,36.87290969899666,36.895213454075034,48.4948259642521,37.30895654808031,55.5959677615246,11.707632600258734,49.02918952934881,-0.0032360349021706195,1323,2265,277,97,245,28,12,3865,1195.977420177311,44.40054152173644,44.089971703606174,-4.1434473597401364,DEFENSIVE,False,False
2020-10-23,31.65997533808963,19.56815114709852,30.71354705274043,45.00846953644435,40.23640777701928,55.35945021798435,0.0,46.05103043897872,-0.013163231870070916,725,2980,163,71,440,22,22,3868,1180.2344920841479,36.05430178240442,26.017039003615025,-25.03871921799606,DEFENSIVE,False,False
2020-10-26,39.29519842427418,47.4090407938258,31.238686320144815,49.73421926910295,37.66521432230083,55.544590903079396,0.0,50.61653665540534,0.0020551221846844556,1720,1908,239,117,523,41,10,3867,1182.6600181719598,36.534943589141214,34.61670054664032,1.4419254202103673,DEFENSIVE,False,False
2020-10-27,39.28126525864543,46.24896949711459,31.48578811369509,49.52526872367906,36.97154671544414,55.36154466079532,4.0051679586563305,50.21343367628235,0.0007114455876078274,1683,1956,231,90,268,32,10,3870,1183.5014164235286,36.745479673669756,37.74205381267962,0.6316082535856182,DEFENSIVE,False,False
2020-10-28,40.46948693887196,47.724137931034484,32.50645994832041,49.84383354253832,43.26491247389415,55.405318515060685,0.0,50.60633424956642,0.0020211141652213866,1730,1895,245,142,339,45,18,3870,1185.8934079008216,39.6819835405972,47.12738274065828,8.80951160078233,TRANSITION,False,False
2020-10-29,38.90514509497801,38.52861035422344,32.54132231404959,48.23008849557522,45.16082808532717,55.05003981650789,7.902892561983476,49.215946372554725,-0.00261351209148425,1414,2256,202,146,309,38,23,3872,1182.7940611400613,39.55196576416514,44.16723926079083,-0.39005332929617254,DEFENSIVE,False,False
2020-10-30,29.990377762268388,13.29464521234503,23.3359133126935,39.62033462033459,56.75574864743068,54.3480174641193,0.0,42.16639120133423,-0.02611202932888591,504,3287,85,58,1174,12,87,3876,1151.90890792554,36.45500326537279,33.182464499200975,-9.290887496377046,DEFENSIVE,False,False
2020-11-02,40.04134550468147,48.157051282051285,25.52889576883385,49.56525873336206,50.671453189911965,53.42274309505161,0.0,50.37044864811237,0.0012348288270412598,1803,1941,132,130,1088,57,23,3876,1153.331318251172,36.312289453975964,33.32676894953991,-0.42814143419048634,TRANSITION,False,False
2020-11-03,59.7570384874339,85.47144754316069,31.09850438370294,57.28788332443773,47.031511937468714,52.63623599746323,84.55389375966993,56.051069198077165,0.02017023066025723,3218,547,113,163,29,65,1,3878,1176.5942769679964,43.26292058479459,48.97438134585232,20.851893392455892,RECOVERY,False,False
2020-11-04,43.283434934708026,36.10653487095002,30.76328004125838,48.14459337090167,39.559458074607285,53.094401305666985,71.66064981949458,49.46064758752674,-0.001797841374910846,1315,2327,236,141,57,37,11,3878,1174.4789470953804,47.69393964227447,56.57834456538732,13.293057172439639,TRANSITION,False,False
2020-11-05,62.95854871737797,87.89501874665237,37.235688499226406,55.16823725200024,48.583088062225876,52.150312076207705,100.0,55.198526522298195,0.017328421740994,3282,452,144,264,15,70,1,3878,1194.8308136165674,55.33300737983998,69.82433372025434,22.9172032126965,RECOVERY,False,False
2020-11-06,41.874007098471274,27.77777777777778,34.424117495490854,46.595744680851055,45.25567202494239,54.06537129163424,64.94460190672507,47.320586584474164,-0.00893137805175278,1025,2665,191,168,110,27,27,3881,1184.1593279122746,49.371996916852424,50.593110465126706,-17.88303138896263,TRANSITION,False,False
2020-11-09,67.8644215801793,89.7198731501057,45.53525476067936,56.93928128872372,63.34667778789183,54.566763544743345,100.0,56.556642491006535,0.021855474970021785,3395,389,102,339,15,97,2,3886,1210.0396924639792,57.56565913200952,68.46422322484527,24.58098664547127,RECOVERY,False,False
2020-11-10,45.43814570858712,27.078321304464048,41.73521850899743,46.128139918797096,53.56641642138229,54.32090772718313,75.706940874036,47.29106739045593,-0.009029775365146916,1013,2728,149,154,54,31,23,3890,1199.1133058581179,51.725524795745905,48.19199074411583,-17.52040300879085,TRANSITION,False,False
2020-11-11,38.32201711128216,28.784648187633266,36.52017476227191,45.31066822977725,45.59319599008577,54.06838383980166,24.55666923670008,46.47470342579674,-0.01175098858067754,1080,2672,139,130,229,32,23,3891,1185.0225390940404,50.54152813334954,48.527614214067654,-3.551989987189117,DEFENSIVE,False,False
2020-11-12,44.53516941432717,47.79753761969904,36.91576784797124,49.871334746858366,37.511650095496904,54.25864678942012,41.52542372881356,50.33553323263017,0.0011184441087672356,1747,1908,239,155,188,47,9,3894,1186.3479205716467,42.76511074473215,34.55350237059877,-23.329252165852125,TRANSITION,False,False
2020-11-13,45.1458019057186,46.99781659388647,36.45003853069612,49.624060150375946,38.030356058770124,54.29951658223777,50.25687130747496,50.05077661529151,0.00016925538430503353,1722,1942,229,135,134,31,19,3893,1186.5487163448627,42.66766281044264,41.19333413373957,-0.2923438028685226,TRANSITION,False,False
2020-11-16,58.80199940244455,69.17313352956917,43.40010272213662,53.37291829365554,45.05326323348559,54.078582711352375,100.0,53.13819950837066,0.010460665027902197,2585,1152,157,397,124,61,2,3894,1198.9608050058337,49.494323574163445,54.65616258105155,20.479982291162393,RECOVERY,False,False
2020-11-17,40.71164997341422,32.57004310344828,41.989730423620024,46.94656488549618,46.20504263639027,53.62145065625812,24.326059050064185,48.074020278258764,-0.006419932405804103,1209,2503,183,193,293,33,11,3895,1191.2635576804878,48.21981709385913,49.580331075634625,-3.8235194409129534,TRANSITION,False,False
2020-11-18,54.76930634754251,60.75179657269209,44.38029253271748,51.14777618364421,43.956670109086645,53.62096674560536,85.15524762637926,51.240206334358085,0.004134021114526932,2198,1420,279,224,87,45,10,3897,1196.1882663809054,51.42765190780043,54.16499106856983,9.623504441823911,TRANSITION,False,False
2020-11-19,52.691212482516484,54.01761144744084,46.47435897435898,50.455581456589414,42.72726744545354,53.1734044653988,80.51282051282051,50.91775985312176,0.003059199510405843,1963,1671,266,161,42,42,8,3900,1199.847644939771,49.39072293449107,49.11315037452706,-6.110786919928067,TRANSITION,False,False
2020-11-20,55.63270358011577,57.158743397275515,49.653846153846146,50.65164388360643,41.229926760087324,53.76810253930524,96.66666666666667,51.730719657528056,0.005769065525093521,2056,1541,303,213,31,52,6,3900,1206.7696446235577,54.36440747005827,57.3093838058028,14.921053606701555,RECOVERY,False,False
2020-11-23,56.82747731647117,52.75956284153005,51.61579892280073,50.29585798816569,52.22865844042212,53.832076956071596,100.0,51.05083323266335,0.003502777442211154,1931,1729,239,366,78,48,8,3899,1210.9966901126902,55.050464459701146,54.64530589541545,2.058170968928657,RECOVERY,False,False
2020-11-24,50.66158785242878,39.72077744319738,50.936137471146445,48.78048780487809,42.757144876233355,53.95572889205042,89.24083098230315,49.877302155961374,-0.0004089928134620927,1451,2202,246,232,79,41,6,3899,1210.5014011693079,54.37392291633858,49.87969456066762,-2.029624630087703,TRANSITION,False,False
2020-11-25,34.90148450950819,18.981972428419937,44.179487179487175,44.427420089245054,46.73923980456694,53.406921243230144,0.0,46.08805716221892,-0.013039809459270277,716,3056,128,109,328,37,22,3900,1194.7166935478804,47.46351655946938,37.154104237715764,-20.731219070607587,DEFENSIVE,False,False
2020-11-26,38.50463567677696,37.864342141105965,41.47247119078105,48.128654970760195,38.03206741786329,53.83135118218891,0.0,48.73624853663677,-0.004212504877877422,1390,2281,234,130,385,29,16,3905,1189.6839436486284,41.35590267957131,32.18903067090774,-18.32284163969421,DEFENSIVE,False,False
2020-11-27,42.72719341391144,47.956403269754766,41.664532650448145,50.0,38.08108208649123,56.18373859676167,10.819462227912934,49.85407341883968,-0.0004864219372010551,1760,1910,235,157,310,31,11,3905,1189.1052552801018,38.71110453339887,34.9342392797602,-7.934394438517337,TRANSITION,False,False
2020-11-30,43.35356675019668,39.690863924924095,39.83614951356887,48.79618224122244,44.534826501096944,57.346204587158844,32.59088581669227,49.40521029037721,-0.0019826323654092903,1438,2185,283,107,175,37,13,3906,1186.7476967151051,41.52846528029503,41.837203111928254,8.45208224068849,TRANSITION,False,False
2020-12-01,62.37821206326295,84.90824431662558,46.314307652930644,53.70615486432824,42.49652889198707,58.15300103855979,89.41643204504734,54.01887163424812,0.013396238780827064,3100,551,256,174,20,55,5,3907,1202.6456522328972,49.48632407579036,57.51850383710146,23.873576386485993,RECOVERY,False,False
2020-12-02,53.21278511454833,50.63291139240506,47.95081967213115,50.0,43.61316296312284,58.28308035431884,85.60450819672131,50.673200648967764,0.0022440021632258804,1840,1794,270,188,49,53,8,3904,1205.344391678102,52.981521309335996,58.410673211318226,10.485591700636888,TRANSITION,False,False
2020-12-03,47.893682249485394,41.21805328983143,46.904579176259915,48.87323943661976,41.635504545394355,58.87388604372086,62.790995139421845,49.309067523183344,-0.002303108256055527,1516,2162,231,151,101,42,16,3909,1202.568353058238,54.49489314243223,58.91973633295402,4.540115499288717,TRANSITION,False,False
2020-12-04,49.654448968693785,49.50684931506849,48.056265984654736,50.0,36.378458629534705,58.96016471275294,62.787723785166236,50.69851597547197,0.0023283865849065633,1807,1843,260,138,88,41,16,3910,1205.3683970789323,50.25363877757584,47.11927133243498,-12.723763094569165,TRANSITION,False,False
2020-12-07,40.071911656694326,31.12122023013112,42.044001023279606,46.70658682634734,39.58852948432933,60.192557687516654,24.929649526733183,48.526364529582835,-0.004912118234723871,1163,2574,172,169,267,36,13,3909,1199.447484996081,45.87334762495784,40.61537427834366,-13.140873457854006,TRANSITION,False,False
2020-12-08,38.28037425101168,36.296498905908095,39.69348659003831,48.423127463863345,35.28561991031246,60.71235644698929,1.7241379310344807,49.35181325196476,-0.002160622493450816,1327,2329,259,111,300,34,16,3915,1196.8559317802853,42.6689116254666,38.97485615036921,-9.613307998473715,DEFENSIVE,False,False
2020-12-09,30.407421854362575,13.750000000000002,29.198570699336397,41.63449340471388,43.972128419709094,60.667329329788885,0.0,44.4496301570592,-0.018501232809802676,528,3312,78,63,1088,39,21,3918,1174.712621546625,36.25323592068953,27.05590637867972,-19.24702711433121,DEFENSIVE,False,False
2020-12-10,38.80609315832274,46.33879781420765,28.905053598774888,49.576279348550734,36.26327963057252,60.71613605791231,0.0,49.85671064712256,-0.0004776311762581392,1696,1964,258,99,711,35,26,3918,1174.1515421754304,35.83129642123234,32.12843224003856,-1.265818498371587,DEFENSIVE,False,False
2020-12-11,30.92736863781006,18.281535648994517,23.93467721357489,42.610837438423665,46.29599660927764,59.79462077605577,0.0,45.0912419617135,-0.016362526794288332,700,3129,90,80,1521,24,37,3919,1154.93945610603,33.380294550165125,26.123444487734037,-7.353005613201621,DEFENSIVE,False,False
2020-12-14,44.618852962654856,64.98923573735199,25.547910295616717,51.938052088293894,34.74596694380019,59.665285323845715,16.870540265035682,52.11553110982514,0.007051770366083807,2415,1301,208,136,266,53,24,3924,1163.0838239372194,38.117438252929226,43.20318973351804,14.211431108292281,TRANSITION,False,False
2020-12-15,37.58017496366813,44.809782608695656,25.452229299363054,49.277108433734895,33.20804858966188,59.81937190131408,4.394904458598726,49.86164524241612,-0.0004611825252796104,1649,2031,245,98,277,40,16,3925,1162.5474300021842,37.70879885471101,42.693517998347374,-1.2259181946546107,DEFENSIVE,False,False
2020-12-16,31.52586646148024,25.388874242024784,24.166454568592517,45.041928043286106,35.419752792157745,59.489937691577055,0.0,46.54222185562516,-0.011525927147916127,963,2830,136,106,932,33,32,3929,1149.147993017982,37.90829812926774,45.06263086269079,0.5984978236701828,DEFENSIVE,False,False
2020-12-17,48.08057636782848,71.84076943628106,26.538657171922686,53.09158835479151,42.323497444311386,59.37542680992011,19.226856561546292,52.803227347231974,0.009344091157439905,2689,1054,189,97,218,58,10,3932,1159.885736618131,39.062205930992285,47.346475429000485,3.461723405173622,TRANSITION,False,False
2020-12-18,39.34289762826498,34.40745672436751,26.976862445969996,47.30276466621714,37.48927837924012,59.24629728238098,42.62649377065853,48.7915079171312,-0.004028306942895994,1292,2463,178,105,134,45,10,3933,1155.213360852346,39.64978015252457,43.87903346755777,1.7627226645968506,DEFENSIVE,False,False
2020-12-21,53.547864002549815,68.8627665390924,30.90701219512195,52.29226361031509,41.28593670067495,58.646980215628815,75.91463414634147,53.15756891813565,0.010525229727118847,2519,1139,278,216,114,76,10,3936,1167.3722468591538,46.99044599954775,58.37033089991363,22.021997541069574,TRANSITION,True,False
2020-12-22,29.995341089653117,14.89251489251489,24.453482460599897,40.4837370764471,49.20419756224536,57.38443185335817,0.0,43.79764986529453,-0.020674500449018227,575,3286,73,118,900,38,19,3934,1143.237408817293,40.96203424015598,39.38757938532492,-18.08523527817536,DEFENSIVE,False,False
2020-12-23,41.29073736473352,53.32790002716653,27.157360406091367,50.35773606234382,44.579087558421485,57.29874074304044,0.0,51.137853186095604,0.003792843953652002,1963,1718,259,154,694,66,13,3940,1147.5735299109144,41.611314152312154,45.694393819591255,1.947839736468545,TRANSITION,False,False
2020-12-24,30.741619822779086,19.606319606319605,23.44582593250444,41.38943248532287,47.31023491952927,56.27699600165303,0.0,44.364500476103366,-0.018784998412988786,757,3104,80,114,1524,39,52,3941,1126.01636297275,34.009232759055244,29.275578175333653,-22.80624417977073,DEFENSIVE,False,False
2020-12-25,45.49919096305313,67.7549919050189,26.153651115618658,52.6207262030475,39.422395141872066,55.34461277829642,13.488843813387424,52.797978055367025,0.009326593517890064,2511,1195,238,183,327,84,21,3944,1136.51825988469,39.17718271685525,46.89640384616832,15.503849873400014,TRANSITION,False,False
2020-12-28,33.071897106850784,26.630151278038603,25.576095213978224,44.01394013940134,45.99692636721735,54.65687703806543,0.0,46.63645129492282,-0.011211829016923936,1021,2813,115,147,1102,69,34,3949,1123.7758114802507,36.437569297561005,37.99715426312568,-8.21884025788274,DEFENSIVE,False,False
2020-12-29,39.37185708762505,52.2017614091273,22.960343521091186,50.18912529550832,42.16221350956797,54.182928841923726,0.0,49.16708652342342,-0.0027763782552552687,1956,1791,212,47,297,74,81,3959,1120.6557847534752,39.31431505250966,48.862301530728246,8.630237264845967,DEFENSIVE,False,False
2020-12-30,40.94060726073323,52.50412768299395,25.30942157110381,50.0,39.22410158971551,54.099955226558635,13.879767618085376,51.42207005684507,0.004740233522816903,1908,1726,325,85,228,81,6,3959,1125.9679548719023,37.79478715173636,43.7786801233866,-4.5585837023199005,TRANSITION,False,False
2020-12-31,57.29012120598416,80.55109684323168,29.73996465539005,54.17910447761187,45.48150867245613,53.14748113989882,82.31507195152739,54.1801356489082,0.013933785496360663,3011,727,223,164,36,70,8,3961,1141.6569508308635,45.86752851811415,61.75232864511762,24.218224099133373,RECOVERY,False,False
2021-01-04,59.25964181831996,71.81119066560593,35.48915784165406,53.85573140892621,54.97487187112263,51.55568136499882,100.0,54.57707910160923,0.015256930338697443,2708,1063,195,308,71,148,9,3966,1159.0751314003796,52.49679009501245,68.28880506394383,19.88778473069491,RECOVERY,False,False
2021-01-05,47.97012242332172,41.06673673147662,36.64314516129033,48.212955077709154,55.90439372362118,50.90001773724702,71.6733870967742,49.997328091856794,-8.906360477347514e-06,1563,2243,162,270,184,96,20,3968,1159.0648082594391,54.839961815875284,64.47634141343805,7.029515162588488,TRANSITION,False,False
2021-01-06,35.3373811418365,26.553235369940708,34.09377363246786,43.379522709776765,53.940976985044465,49.65599236395452,0.0,46.33286764478235,-0.012223774517392169,1030,2849,88,147,422,57,18,3967,1144.8966613922312,47.52238179449273,46.4770542556744,-21.952740064147655,DEFENSIVE,False,False
2021-01-07,32.14683053173402,19.145124136165858,27.574918156635608,37.8312070657508,61.63383545273417,48.06066317668779,0.0,42.394863418478124,-0.02535045527173958,748,3159,64,190,1378,52,51,3971,1115.8730097868433,38.48477803229741,28.92169874586104,-27.112811286585945,DEFENSIVE,False,False
2021-01-08,39.83829557405269,50.17145871801636,26.32704402515723,50.0,48.65249462778726,47.512864041312376,0.0,49.61722982435649,-0.0012759005854783704,1902,1889,184,120,436,64,29,3975,1114.4492667603367,35.77416908254107,31.956606074707622,-8.131826849269032,DEFENSIVE,False,False
2021-01-11,29.374404520572885,18.85057471264368,21.827794561933533,39.527082030145436,50.26948162189976,46.651607863384804,0.0,43.23113191760001,-0.022562893607999953,738,3177,57,106,1111,54,71,3972,1089.3040665229096,33.78651020878653,29.389052522275282,-5.962976621263618,DEFENSIVE,False,False
2021-01-12,42.213527480680504,65.02024291497975,24.666498867354644,51.757469244288146,39.985032542239615,46.44859848015752,0.0,52.3786372493944,0.007928790831314671,2409,1296,268,141,349,80,13,3973,1097.9409306180703,37.14207585843536,44.68075878187991,10.066696948946486,TRANSITION,False,False
2021-01-13,31.812695651473256,26.61538461538462,23.70472837022133,42.31323165552645,48.25510816235165,45.52659723505538,0.0,45.59986254791175,-0.014667124840294185,1038,2862,76,157,1251,47,26,3976,1081.8372939214262,34.46687588424222,36.828734081002665,-8.025599922579431,DEFENSIVE,False,False
2021-01-14,42.404083450542196,62.56222164003143,24.069416498993963,52.242467814615345,42.95584368075023,44.82332176509992,6.237424547283704,51.27646770384688,0.004254892346156295,2388,1429,159,114,288,86,50,3976,1086.440395143119,38.810102194231995,51.39928305679859,13.029678929969311,TRANSITION,False,False
2021-01-15,50.92364249952491,73.42767295597484,25.50327126321087,54.55732899198979,41.0835784910826,43.12561171611375,61.07196779063915,54.00351869505741,0.013345062316858038,2802,1014,158,76,32,98,13,3974,1100.9390099198556,41.71347386718012,54.20175973713028,8.710115018844405,TRANSITION,False,False
2021-01-18,54.88301558287587,76.16357277374226,30.0251572327044,53.607666290868124,40.97828348341254,41.952442706577905,87.23270440251571,54.613675316958975,0.015378917723196574,2831,886,258,159,11,121,6,3975,1117.8702603716708,49.403580510980994,70.71782245658284,23.070319931402615,TRANSITION,False,False
2021-01-19,49.422979421104536,57.763157894736835,32.369942196531795,51.302931596091206,43.89409595453182,41.60064317561687,75.13194269917065,51.107775760835224,0.003692585869450763,2195,1605,179,128,28,82,7,3979,1121.9980922989985,51.74321250116844,69.11813454148462,7.01889597056234,TRANSITION,False,False
2021-01-20,45.455085653347524,45.302990209050016,32.96882855706385,49.26334925113953,36.94154002189038,42.28186988716367,78.15485168426345,51.22333683150102,0.004077789438336735,1712,2067,199,134,22,97,2,3978,1126.5733642696093,49.92036021910932,59.74324029250969,-5.4685568461773855,TRANSITION,False,False
2021-01-21,51.529260861795436,56.49368109706911,36.34422110552764,50.81234889098045,42.58679679595603,42.26257353731045,92.96482412060301,52.08769495181615,0.006958983172720462,2101,1618,261,185,14,95,3,3980,1134.4131693543966,48.802441978749165,53.18660973361864,-3.353754721080435,TRANSITION,False,False
2021-01-22,40.20579934903022,28.193266512464664,31.794228356336262,43.939393939393945,43.006155256438646,42.83704290312195,71.07904642409034,47.3039147510136,-0.008986950829954665,1097,2794,94,217,133,76,28,3985,1124.2182539805556,45.73004862139106,43.329979272861245,-9.217180072074314,TRANSITION,False,False
2021-01-25,31.20299571838956,24.162618256200457,28.16654125909205,42.204628501827024,44.68174461830539,41.981878056189636,0.0,45.95778257764417,-0.013474058074519443,945,2966,76,175,510,72,34,3987,1109.070471937987,40.97935197640508,36.28318862191139,-14.252089934957965,DEFENSIVE,False,False
2021-01-26,33.23361512717139,36.36604774535809,25.068939583855602,47.355601948503875,36.12048482028753,42.33279657494169,0.0,47.47245202495727,-0.00842515991680911,1371,2399,219,90,507,58,50,3989,1099.7263758528984,34.88080339819706,29.57397750467439,-18.295645734624046,DEFENSIVE,False,False
2021-01-27,36.87391881468564,49.69616908850726,25.645201703833624,50.0,33.76010081353381,42.3227999084062,0.0,50.49082177842797,0.0016360725947599296,1881,1904,206,115,349,83,19,3991,1101.525608038166,33.77017655341553,36.74161169668859,-3.3318805343445845,DEFENSIVE,False,False
2021-01-28,29.147156746096027,24.94775339602926,22.17217217217217,45.098459822386225,34.72020303824374,42.047011701796244,0.0,45.96566726760316,-0.013447775774656138,955,2873,168,53,618,44,49,3996,1086.7125386512269,33.08489689598435,37.00332340996486,-2.0558389722935324,DEFENSIVE,False,False
2021-01-29,29.515373560874554,26.314432989690722,20.174999999999997,43.41640866873065,39.498921396557854,41.72327365566352,0.0,45.84276876184501,-0.013857437460516637,1021,2859,120,41,1137,44,64,4000,1071.6534876093083,31.84548304055208,33.65278515807574,-3.718241566296836,DEFENSIVE,False,False
2021-02-01,39.14027673826803,58.75647668393782,23.382463152635523,51.92704748795593,34.92803604721673,41.480125409346336,0.0,51.96779731091867,0.006559324369728926,2268,1592,143,113,504,107,55,4003,1078.682810446489,32.60093568174621,36.67288768988592,2.2663579235823903,DEFENSIVE,False,False
2021-02-02,38.004069296103154,50.51464766429137,25.08114856429463,50.0,34.65682955301591,41.64824682604259,9.55056179775281,50.815447436789086,0.0027181581226302844,1914,1875,216,117,279,82,34,4005,1081.6148408894458,35.55323986508191,45.19518577930663,8.856912550007127,DEFENSIVE,False,False
2021-02-03,28.747462878203507,22.48201438848921,23.008739076154804,42.64623955431759,37.77646309692569,41.926200206512185,0.0,45.383720950250684,-0.015387596832497729,875,3017,113,103,928,53,37,4005,1064.9713877897927,35.2972696375249,43.917712912239445,-0.7679106826710473,DEFENSIVE,False,False
2021-02-04,28.175538205000738,20.998980632008156,19.5082376435347,41.2428729767242,41.60180523896357,43.68241525000908,0.0,44.58404521875382,-0.01805318260415393,824,3100,82,64,1509,50,46,4006,1045.7452648578244,31.64235679310247,31.331880894929565,-10.96473853326729,DEFENSIVE,False,False
2021-02-05,29.912648198223092,30.439303353262282,17.965043695380775,45.83333333333335,34.38229026793629,43.719082481135615,0.0,46.111236650547156,-0.012962544498176144,1171,2676,158,71,786,51,95,4005,1032.189745328348,28.94521642714245,24.64009945791987,-8.091421097880062,DEFENSIVE,False,False
2021-02-08,35.87681697734412,50.843437005798634,19.15876185721418,50.0,32.385654534352234,44.58730182118559,0.0,50.3525398436047,0.0011751328120156934,1929,1865,212,91,722,64,36,4006,1033.4027053663094,31.321667793522654,34.09390699702301,7.129354099140613,DEFENSIVE,False,False
2021-02-09,53.32071877619885,83.68775933609959,22.607178464606182,55.649717514124305,34.34504736810503,44.17718129244525,71.93419740777667,55.33981293792266,0.017799376459742187,3227,629,156,133,45,89,11,4012,1051.7966291536404,39.7033946505887,54.99016656505349,25.145180571198114,TRANSITION,True,False
2021-02-10,48.50252024424183,63.850013203063114,24.44029850746269,51.78682287417078,34.12488512437367,44.9824981598308,76.61691542288558,52.10519367860418,0.007017312262013942,2418,1369,233,144,37,62,19,4020,1059.177414536545,45.90001866592828,66.12706984832043,18.589872046018737,TRANSITION,False,False
2021-02-18,61.73079706050262,87.46518105849582,32.01492537313433,60.139546959174425,47.760590603623434,43.9368549452666,100.0,57.65621184610907,0.02552070615369692,3454,495,71,230,13,124,13,4020,1086.2083700975647,54.518012026981104,78.33431786588615,25.853980083158497,RECOVERY,False,False
2021-02-19,65.07297459524128,87.44338198288878,46.71968190854871,60.230244113888354,51.270792415112986,42.547552357180074,100.0,57.76564005482303,0.025885466849410104,3475,499,50,353,9,118,10,4024,1114.325380853277,58.435430633328586,79.58619208148255,11.752255819042425,RECOVERY,False,False
2021-02-22,61.26306701811384,63.537344398340245,51.75155279503105,52.67379679144382,68.38557241101635,42.495982790564234,100.0,52.39833400194254,0.007994446673141807,2450,1406,169,424,43,110,17,4025,1123.233795687037,62.68894622461925,79.48196914657494,12.760546773872008,RECOVERY,False,False
2021-02-23,46.40379934239872,30.975045021867764,49.49093618077974,46.573875802997875,47.66518839181626,42.557517845466045,79.55053389620063,48.30372094774088,-0.005654263507530394,1204,2683,140,166,47,61,7,4027,1116.8827358256588,57.579946985251276,60.65192380103224,-15.326997718103897,TRANSITION,False,False
2021-02-24,48.821801160034596,50.10537407797682,50.34748076445767,50.0,46.922430823751924,42.58944753221202,49.50359890791759,49.56584440146207,-0.001447185328459758,1902,1894,233,97,99,50,26,4029,1115.2663995167618,52.162889173515715,48.20592116606159,-16.25117343520668,TRANSITION,False,False
2021-02-25,43.50009623319181,31.053175012906554,48.251488095238095,46.12778224866485,42.03910975002776,42.39392956714993,62.15277777777778,48.13600653241779,-0.006213311558607386,1203,2671,158,125,76,51,7,4032,1108.336901905718,46.24189891187505,37.377864704250364,-17.762970784922025,TRANSITION,False,False
2021-02-26,44.34624555887472,43.88075313807531,46.72700223158939,48.87482419127984,42.28470213639077,42.795116495109134,36.36250929828911,48.819305990952,-0.003935646696826646,1678,2146,209,106,161,50,14,4033,1103.9748794387615,45.55604765070038,41.67976740965288,-2.057553783524,TRANSITION,False,False
2021-03-01,66.03906728388344,89.0537084398977,55.986613782845815,57.38613546299729,45.72937316785818,42.74134847125494,100.0,56.737125511720535,0.02245708503906844,3482,428,124,283,12,112,6,4034,1128.7669371873133,51.29513635864999,54.66254553029318,17.217266123848844,RECOVERY,False,False
2021-03-02,47.69915649773727,30.678314491264132,54.40921476343819,46.78530424799079,44.0233410521275,43.187573670121296,87.89943027000247,48.3547546640697,-0.005484151119767655,1194,2698,145,190,37,43,19,4037,1122.5766087247807,52.69482311349848,54.537592023079036,4.199060264545459,TRANSITION,False,False
2021-03-03,63.303744147892814,79.83259220507455,59.53678474114441,53.386960203217626,42.520087992930954,43.54057914505416,100.0,53.962480089352006,0.013208266964506702,3052,771,214,313,4,93,3,4037,1137.4039002609281,59.01398930983785,66.52153837874545,18.957498589018094,RECOVERY,False,False
2021-03-04,47.73432297328828,29.793281653746774,56.820995295865316,46.65071770334927,47.663593315433125,44.18983943120236,79.95791037385492,47.19763734710868,-0.009341208842971077,1153,2717,169,263,142,47,22,4039,1126.779172889781,52.912407872972786,46.768062783361806,-18.30474431059516,TRANSITION,False,False
2021-03-05,61.73099257880844,70.99117799688635,60.22277227722772,52.95518953632508,46.062623393149046,44.712076987742265,100.0,52.29527971891924,0.0076509323963974835,2736,1118,186,334,54,68,15,4040,1135.4000841672294,57.589686566663175,60.20568395190255,14.03183608107117,RECOVERY,False,True
2021-03-08,43.37606762637333,24.61459403905447,56.262376237623755,45.32058469004794,51.889395149472215,45.6723879590439,45.04950495049505,46.32515204406073,-0.012249493186464231,958,2934,148,217,237,54,46,4040,1121.4920085723122,50.94712772615668,41.799684563229185,-19.927676521519487,TRANSITION,False,False
2021-03-09,32.444036749170884,14.804539722572507,41.759465478841875,39.769820971867006,52.57088196846096,44.195486930794104,0.0,42.4070917726155,-0.02530969409128166,587,3378,76,83,447,40,70,4041,1093.1073889095298,45.850365651450886,36.80343725283776,-15.290286224117395,DEFENSIVE,False,False
2021-03-10,33.69951802326502,24.903920061491156,33.10660400692555,44.557823129251695,37.70820455851916,44.656068599065236,17.103635913925302,46.72685204084877,-0.010910493197170773,972,2931,140,47,180,40,19,4043,1081.181048179055,36.50654079960308,21.441017941039362,-28.03147455554342,DEFENSIVE,False,False
2021-03-11,59.11540660604708,90.10429916051895,43.284689586940395,56.26680696831521,36.60697526998979,45.68767193253145,66.32451150136038,56.00216438788669,0.020007214626288974,3542,389,112,83,17,79,0,4043,1102.8124694598498,41.752987126160996,43.270919648194194,15.739338979673754,RECOVERY,False,False
2021-03-12,48.16702130534322,47.39854318418315,43.15034619188922,49.590024560740574,36.789975031056684,46.92581332379753,75.22255192878337,50.3095961378381,0.0010319871261269785,1822,2022,200,164,62,54,5,4044,1103.9505577308648,46.993981978218436,54.13558746873107,15.722984556172335,TRANSITION,False,False
2021-03-15,43.44787956602737,43.851508120649655,42.45982694684796,48.86802161049655,37.04997895091711,47.66773067412918,38.87515451174289,49.020970873922046,-0.0032634304202598446,1701,2178,166,195,240,48,22,4045,1100.347891898303,50.243435825805896,60.451450155117236,9.748361542762346,TRANSITION,False,False
2021-03-16,59.093205763287195,75.52916881775941,48.93722194760257,54.183405148602404,37.66114681544266,47.821089467283926,91.76964903608503,53.75425048766343,0.012514168292211431,2926,948,172,248,79,72,8,4046,1114.1178305974984,50.23603554488593,55.59307337419739,-0.02220084275988654,RECOVERY,False,False
2021-03-17,53.85847488890095,58.112712975098304,51.531999011613536,51.103143960286786,36.55736329470436,48.0177931428661,84.84062268346923,51.779583438429356,0.005931944794764529,2217,1598,232,156,15,66,5,4047,1120.7267160634656,52.133186739405176,59.16446330450244,5.691453583557731,TRANSITION,False,False
2021-03-18,50.022736856453996,43.924745231251634,50.98814229249011,49.15851010042338,38.23745090395496,49.739913969540304,82.36166007905138,50.48741069254298,0.0016247023084765774,1681,2146,221,170,39,63,3,4048,1122.5475633462252,54.32480583621405,59.188875674703105,6.574857290426628,TRANSITION,False,False
2021-03-19,47.140760455998745,43.01837270341207,49.6294466403162,48.88033535092355,40.12266057398307,51.49096304909207,54.9407114624506,49.333222243844574,-0.002222592520518072,1639,2171,238,163,143,59,8,4048,1120.0525975280061,50.34065740045123,48.351943636587315,-11.95244530728845,TRANSITION,False,False
2021-03-22,65.40656176679789,84.55977278595404,57.981741919565756,54.77137176938367,43.61149393920496,51.58461401003041,100.0,55.0875785820978,0.016958595273659335,3275,598,180,382,22,97,3,4053,1139.0471162146941,54.19001969308354,57.1676302402059,11.548086877896942,RECOVERY,False,False
2021-03-23,43.84417951633258,27.883880825057293,51.79891572203056,45.450565196624716,44.71847416135668,51.12015603985471,55.42138984721537,46.6783134651585,-0.01107228844947165,1095,2832,131,175,153,57,51,4058,1126.4352579864262,52.13050057970974,51.820675438141116,-6.178557340121415,TRANSITION,False,False
2021-03-24,37.94170001256354,31.65972944849116,47.0551996057171,46.75280740909973,40.77131599300028,50.939009760746416,0.22178413011335607,47.42059659792699,-0.008598011340243369,1217,2627,214,133,335,57,35,4058,1116.750154864209,49.06414709856467,48.03446101983415,-9.199060443435208,DEFENSIVE,False,False
2021-03-25,42.29438685896862,39.785788923719956,44.570302881063775,48.52941176470584,37.7127285671503,50.95457947283772,29.561684314208325,48.91863246685701,-0.0036045584438099743,1523,2305,233,108,191,48,35,4061,1112.7247636638672,41.360088795954915,33.10979973242278,-23.11217490782927,TRANSITION,False,False
2021-03-26,59.85566660837699,80.09453781512606,51.31676101402904,53.532875368007815,38.97580536093195,51.14097158311266,78.79645582082205,53.972702041104505,0.013242340137015014,3050,758,255,135,18,80,2,4063,1127.4598434631835,46.69725115996972,50.51335206244571,16.011487092044412,RECOVERY,False,False
2021-03-29,51.66619140234552,46.012903225806454,50.94687653713723,49.35365980996136,41.415329212128405,52.425780723406234,85.90752582390554,50.49822560843625,0.001660752028120855,1783,2092,191,210,64,70,7,4066,1129.3322746848398,51.27208162323038,55.297743321550804,13.724491389781981,TRANSITION,False,False
2021-03-30,38.894001793894475,31.76710929519918,44.632768361581924,46.15720524017468,42.40602671967012,51.763038178569396,11.680176860722186,47.9372899974482,-0.00687570000850601,1244,2672,155,158,314,68,16,4071,1121.5673247541831,50.13861993487233,52.62485011204388,-3.400385065074147,DEFENSIVE,False,False
2021-03-31,50.629954925787516,56.052287581699346,47.248157248157256,50.8524262585436,36.64823014550959,51.315434348938616,63.759213759213765,50.6937661861602,0.0023125539538673312,2144,1681,245,160,104,82,11,4070,1124.1610097055716,47.0633827073425,44.61076670090165,-9.225711682589477,TRANSITION,False,False
2021-04-01,49.67773828453186,50.116550116550115,48.7239263803681,50.0,36.495439070498094,51.45200364685467,67.42331288343559,50.839359314339404,0.0027978643811313406,1935,1926,214,160,89,79,19,4075,1127.3062597532835,46.40056500140462,45.9786489978162,-1.9884531178136555,TRANSITION,False,False
2021-04-02,53.90641453890257,55.55555555555556,50.93205788570027,50.6677796327212,39.020218039296864,51.253094494359466,86.79175864606327,51.46858216057299,0.004895273868576654,2115,1692,270,199,49,77,6,4077,1132.8247326285366,51.40470258307398,53.908131084601656,15.012412745008092,TRANSITION,False,False
2021-04-06,61.10902967815959,70.5774278215223,58.9828431372549,52.60586319218241,40.36958765364098,51.68999873157078,99.01960784313727,53.0165162196744,0.010055054065581357,2689,1121,270,219,19,82,5,4080,1144.2153465619442,54.89772750053134,58.74984449787598,10.479074752372071,RECOVERY,False,False
2021-04-07,61.28666332751989,64.68449753310828,63.71876531112199,51.69731598405916,43.987293529640766,54.07683427985922,100.0,52.22822053954985,0.007427401798499512,2491,1360,231,253,21,100,2,4082,1152.7138936848692,58.76736918152735,63.60582697006203,11.608925042988027,RECOVERY,False,False
2021-04-08,49.95325965443987,30.358504958047295,56.773640372366486,46.46017699115039,46.42641210276989,54.82664510414885,91.89122978931896,48.08258974039848,-0.006391367532005054,1194,2739,149,216,45,51,27,4082,1145.3464755310804,57.44965088670644,55.206810104225944,-3.9531548844626982,TRANSITION,False,False
2021-04-09,51.98774511692788,48.46965699208443,56.04799216454457,50.0,40.01919835147951,55.929949571421325,70.56807051909892,50.16101348447839,0.0005367116149279515,1837,1953,294,199,115,63,14,4084,1145.961196287615,54.40922269962922,47.837553161079995,-9.121284561231704,TRANSITION,False,False
2021-04-12,37.076045221736656,25.830164765525982,46.90557729941291,44.63025430124921,44.83824239297638,55.09156970141533,0.0,46.15914192394423,-0.012802860253519219,1019,2926,143,171,442,69,42,4088,1131.2896152355888,46.33901666436813,34.886108905219224,-24.210618105783233,DEFENSIVE,False,False
2021-04-13,36.8185083178387,31.438041815400307,40.899096017591006,46.58411614005122,39.343472907147905,55.0141637179149,0.0,47.772478631981194,-0.007425071226729347,1233,2689,171,119,566,63,42,4093,1122.8897092644054,41.960766218834415,35.245954524336895,-13.13475133660117,DEFENSIVE,False,False
2021-04-14,57.516847521683566,77.48463114754098,47.54698559921894,53.45821325648412,36.71934000016369,55.114543175122456,69.28240175738345,53.39930266413542,0.011331008880451398,3025,879,193,164,85,77,14,4097,1135.613182531848,43.80380035375297,44.91761257615574,5.529102404755683,RECOVERY,False,False
2021-04-15,43.984466030228084,42.82755049197307,47.09259711702908,48.891966759002784,38.505801387223855,54.98816564757474,28.011238700219888,48.98906654231096,-0.0033697781922967895,1654,2208,231,155,245,48,33,4093,1131.7864179944675,46.10660728991678,50.58340781830477,6.908420808491428,TRANSITION,False,False
2021-04-16,65.5668742678016,81.51981822772028,58.55086606489388,55.31373657433578,46.55278466455998,54.65123016950181,100.0,54.63290590216418,0.015443019673880617,3229,732,138,318,34,80,14,4099,1149.2646179141868,55.689395939904415,67.2773332890781,28.748365949962896,RECOVERY,False,True
2021-04-19,66.71175165411832,75.98343685300206,67.06900755913192,53.72786579683133,54.35037748144404,53.82087748850004,100.0,54.16533376900213,0.013884445896673776,2936,928,237,442,17,103,5,4101,1165.2215203225778,58.75436398404933,66.77693519089846,9.19490413243475,RECOVERY,False,True
2021-04-20,53.60025733047718,32.857142857142854,64.19346978557505,47.30962859561707,50.28124189074729,54.69205388596017,100.0,48.78883395051566,-0.0040372201649477996,1288,2632,184,265,27,49,19,4104,1160.5172645041005,61.95962775079903,63.45346597928838,9.615791300249093,TRANSITION,False,False
2021-04-21,50.140454630168755,36.32160287695865,60.32846715328467,47.93920604754371,41.304036048170076,55.499607194444934,76.03406326034063,49.09014240873049,-0.003032858637565034,1414,2479,217,202,95,44,25,4110,1156.9975796944059,56.81748787158808,48.38739419570118,-15.42641963763284,TRANSITION,False,False
2021-04-22,56.34338654760872,52.63157894736842,61.4823815309842,50.11361699710282,42.462979098865304,56.03988013804131,88.39611178614824,51.17853795511191,0.003928459850373034,2000,1800,315,250,92,61,11,4115,1161.542798233214,53.361366169418226,40.60344156048996,-10.368365106509593,RECOVERY,False,False
2021-04-23,40.50548232575627,28.34049002273301,52.250608272506085,45.95156215702054,44.588778036207835,55.86248840377055,14.233576642335766,47.591612639538305,-0.008027957868205657,1122,2837,151,177,324,46,23,4110,1152.2179815868801,48.99644116784458,39.09789061568668,-13.094775004720908,TRANSITION,False,False
2021-04-26,42.52898185160453,38.212830957230146,49.93920233463035,47.90026246719159,49.58960356068834,55.679168786259005,3.550583657587553,48.829569936085484,-0.0039014335463817113,1501,2427,184,214,405,62,30,4112,1147.7226797007727,46.45928357498983,39.72829997577718,-7.611472778564227,TRANSITION,False,False
2021-04-27,39.0734510425987,34.9339430894309,44.38215939556422,46.62921348314608,43.838477417648996,55.06875810344661,0.0,47.73007891328419,-0.007566403622386032,1375,2561,167,130,728,43,52,4103,1139.0385466595903,40.702638406653165,33.82908802313134,-17.269935505010025,DEFENSIVE,False,False
2021-04-28,45.759761043932606,53.76536885245902,44.5578231292517,50.65200756690116,41.87172534936979,54.6847046471862,15.2575315840622,50.68141288804059,0.002271376293468634,2099,1805,212,225,368,71,49,4116,1141.6257318118198,42.454064646045275,42.30404763304001,5.254278718176337,TRANSITION,False,False
2021-04-29,43.97824066553853,44.16282642089094,43.66934502069637,48.94782989916706,43.70360819023938,54.868158361710954,23.703433162892622,48.97580380610389,-0.003413987312987026,1725,2181,201,181,289,56,47,4107,1137.728236047235,42.93715091735661,44.28737945426027,1.4492588139340015,TRANSITION,False,False
2021-04-30,38.06276867417891,34.811249049911325,38.841567291311755,46.37070641607255,45.66883311666595,54.05092681670591,0.0,47.61238683714723,-0.007958710542842582,1374,2573,162,186,804,51,59,4109,1128.6733863401162,42.60025679455001,44.24648144108708,-1.0106823684197863,DEFENSIVE,False,False
2021-05-06,47.50670281242654,59.65851172273191,40.66440349175557,51.55339870902007,41.65209330669149,53.62908081189992,25.50921435499515,51.29081728692415,0.0043027242897471655,2341,1583,200,237,338,79,31,4124,1133.529756734713,43.18257071738133,46.210862397844714,1.746941768493933,TRANSITION,False,False
2021-05-07,39.618785082975364,42.049201115901596,38.44568380213385,48.48913935157113,42.63612372938066,53.247654897768484,0.0,48.4758618330715,-0.005080460556428339,1658,2285,181,190,454,57,28,4124,1127.7709035160844,41.72941885652694,45.50632062951493,-4.3594555825631645,DEFENSIVE,False,False
2021-05-10,43.01174064634549,52.9814767825425,39.89335918565197,50.53751402472204,42.56318209284677,52.54433600917567,0.0,51.363231900531446,0.004544106335104829,2088,1853,185,299,577,108,16,4126,1132.8956144232986,43.379076180582466,51.563063207058654,4.948971972166575,TRANSITION,False,False
2021-05-11,51.314030799811846,61.00789004835836,41.47286821705426,51.748253084085064,40.787519641882106,52.11923224332866,61.143410852713174,51.21708851624312,0.004056961720810406,2397,1532,199,195,149,71,17,4128,1137.491728564688,44.64818550971089,52.012855982267475,3.8073279873853068,TRANSITION,False,False
2021-05-12,57.67469002104721,69.8249227600412,45.802080812968796,52.42480764747022,39.28890052083509,51.7688513451279,94.76167432857488,52.958687516541644,0.009862291721805487,2712,1172,249,252,67,95,10,4133,1148.7100038229337,50.666820489068186,61.27142986364734,18.055904938071848,RECOVERY,False,False
2021-05-13,44.56547484217721,33.6807320793086,43.72283920811202,47.46810809820785,41.254760133925956,52.49257647994974,64.24432641236118,48.37206913352981,-0.005426436221567281,1325,2609,208,184,125,55,16,4142,1142.4766022501124,51.18473188767876,54.83784829590271,1.5537341958317228,TRANSITION,False,False
2021-05-14,62.277617885495914,77.52409944190765,50.59150169000483,53.679662322732824,45.35312865041236,52.321183252017065,100.0,53.82511431689117,0.012750381056303885,3056,886,200,248,22,101,8,4142,1157.0436142767123,54.83926091624011,60.34325142708581,10.963587085684068,RECOVERY,False,False
2021-05-17,43.92512778173266,32.44867300951427,44.1815548044423,46.36775922490208,47.5077352826774,51.946324241220985,53.13858039594399,47.73667857224416,-0.007544404759186148,1296,2698,148,147,134,51,54,4142,1148.3144089265772,50.25607350313526,47.884501510243496,-13.74956223931455,TRANSITION,False,False
2021-05-18,51.1362333433991,59.03242408646423,45.54347826086956,51.02564102564102,36.77398807922653,52.182924642125236,63.04347826086957,51.53694027158999,0.0051231342386333055,2294,1592,254,162,108,84,16,4140,1154.197377791665,52.44632633687589,56.33506551262871,6.5707585012218885,TRANSITION,False,False
2021-05-19,44.83842705080164,37.10130135238581,44.84797297297297,48.06178002788173,37.83292611540847,52.37728102187579,59.89382239382239,49.64381710094481,-0.0011872763301839784,1454,2465,225,180,139,73,13,4144,1152.8270265646524,46.633262725311134,42.8607994827881,-17.439190834694273,TRANSITION,False,False
2021-05-20,41.920896465832435,36.89148073022312,42.30676619311341,47.927461139896366,41.538922450494034,52.730308235824275,30.977606549482307,48.91848055129508,-0.003605064829016379,1455,2489,209,153,232,60,21,4153,1148.6710103972448,45.965185620011056,44.34173538969105,-2.0042313159002276,TRANSITION,False,False
2021-05-21,46.913343257741815,48.65142563575648,43.01877708233028,50.0,37.81031844318768,52.50294937568694,52.16658642272508,50.164601720345594,0.000548672401151955,1894,1999,261,136,127,70,18,4154,1149.301254478653,44.55755559145863,40.88140257278847,-4.2228900856572835,TRANSITION,False,False
2021-05-24,53.535959952639466,62.84615384615384,47.111913357400724,51.55642023346303,40.37600098197976,52.172699608573694,68.05054151624549,51.7970304964506,0.005990101654835344,2451,1449,255,205,130,77,16,4155,1156.1856858250098,47.45673322540458,49.46302007071114,8.697532901837825,TRANSITION,False,False
2021-05-25,59.70754291865782,68.75647668393783,52.35803657362849,51.810371845215016,45.33386925116127,52.14513165089456,96.43888354186718,52.33557498430103,0.007785249947670106,2654,1206,296,239,46,60,13,4156,1165.186880375076,53.38561537634637,60.08468538861604,17.786646452825387,RECOVERY,False,False
2021-05-26,59.9401945038553,62.92367399741268,58.169149447381066,51.419447130883356,48.314535482134055,52.16874096385662,98.05382027871215,51.86185197632871,0.006206173254429015,2432,1433,297,222,22,69,12,4162,1172.4182320284713,57.72789912505086,64.8421015091681,13.026851246113488,RECOVERY,False,False
2021-05-27,60.96650761734439,62.821512081060014,61.80072028811525,51.441152922337885,49.009792788423134,52.24475239496456,100.0,52.17736886691442,0.007257896223048047,2418,1431,316,276,25,84,21,4165,1180.9275218865434,60.20474834661917,64.83388758747016,7.430547664704925,RECOVERY,False,True
2021-05-28,50.08620905348451,31.264136717768288,56.52904464714354,46.948406447157076,49.671631650293044,52.9937357146572,87.44599135861736,48.54775045337489,-0.004840831822083703,1244,2735,187,242,86,68,20,4166,1175.2108503590207,56.997637058228065,52.336440932080315,-9.621333865173312,TRANSITION,False,False
2021-05-31,62.157203915862794,67.59072580645162,60.1869606903164,52.628337198931916,48.51212313024597,53.729641881401704,100.0,53.56194177339506,0.011873139244650183,2682,1286,204,401,81,119,17,4172,1189.164292427157,57.73664019556389,53.89212486842663,2.217009412007492,RECOVERY,False,True
2021-06-01,62.78815330363161,65.48288196218702,63.80301941049604,51.87090739008422,52.40758297777914,54.0305471427436,100.0,52.240013230635675,0.007466710768785574,2563,1351,259,441,33,83,16,4173,1198.0434382552783,58.34385542432631,54.77924816213564,1.8216456862872192,RECOVERY,False,True
2021-06-02,52.14494821874265,31.97703444832751,59.465612269350586,46.69421487603307,51.975192907282405,54.449738678589284,96.24970045530793,47.7442414380722,-0.007519195206426001,1281,2725,167,283,90,66,38,4173,1189.035115777259,59.03010181274569,55.01688073898871,2.058739165258139,TRANSITION,False,False
2021-06-03,53.62561459222809,43.538108590364516,59.00383141762452,49.07478742224502,47.89555025086844,54.719495716454134,84.48275862068965,49.490901528613094,-0.0016969949046230133,1708,2215,253,245,101,75,34,4176,1187.0173292443674,56.186238704867456,46.99934166695967,-8.531589323634705,TRANSITION,False,False
2021-06-04,49.98369059368347,42.57950530035336,56.088516746411486,48.897437027334625,44.56369448442683,55.19958635086641,61.004784688995215,49.630081771248975,-0.001233060762503417,1687,2275,218,209,163,65,29,4180,1185.5536647512645,51.91808446821807,39.364882779681786,-12.80446270994814,TRANSITION,False,False
2021-06-07,59.72633121200506,61.2756264236902,58.21360153256705,51.77219869432439,45.46250737881828,55.62650542656229,100.0,52.336956918829536,0.007789856396098458,2421,1530,225,371,140,78,22,4176,1194.788957549545,54.44521213263888,49.131080104802685,7.581382993262409,RECOVERY,False,False
2021-06-08,53.243721934927954,45.488911290322584,57.28294666347764,49.30313588850175,46.267537078064116,55.27556926574677,80.8538627122698,49.327212737304734,-0.0022426242089842196,1805,2163,213,281,152,61,49,4181,1192.1094949087174,54.317914580205496,49.78134767145537,-0.3818926573001349,TRANSITION,False,False
2021-06-09,54.74507470904846,50.532724505327245,58.17595027492231,50.0,43.08011455629766,55.231724626899805,84.66411666268229,50.50204430658671,0.0016734810219557273,1992,1950,241,265,120,65,22,4183,1194.1044675245403,55.905042618660495,52.43242073977999,4.76138411536499,TRANSITION,False,False
2021-06-10,56.68472905775418,52.12443095599393,58.817204301075265,50.21834061135371,47.3338894939862,55.4582336896327,91.33811230585425,51.55422686381937,0.005180756212731239,2061,1893,231,334,161,92,14,4185,1200.2908316633184,54.8911752339102,49.38202225054791,-3.0416021542508744,RECOVERY,False,False
2021-06-11,45.52888876163103,34.421734795613155,54.58452722063036,46.98483988970952,51.9851217704024,55.039778255330575,32.56924546322827,48.00305995457988,-0.006656466818067059,1381,2631,176,237,310,68,29,4188,1192.3011355703213,52.31956417614456,45.6929634189781,-7.714833173296924,TRANSITION,False,False
2021-06-15,39.14756793995256,31.87300024612355,47.323775388291516,45.32412327311373,46.984736936953716,54.95330952890707,0.0,47.458056327250894,-0.008473145575830354,1295,2768,122,218,729,61,38,4185,1182.1985944784062,47.1203952531126,39.47305533257687,-15.5975067690959,DEFENSIVE,False,False
2021-06-16,36.09391562305012,28.582240161453075,41.189111747851,45.90216410234884,40.40234371505556,54.464450280931786,0.0,46.36824064825634,-0.012105864505812216,1133,2831,224,109,684,47,57,4188,1167.887058474689,40.256790774877906,31.625658401063248,-20.59081343470406,DEFENSIVE,False,False
2021-06-17,43.495771126520246,55.203849075715375,42.37833969465649,50.71671745716198,37.04093347117269,54.55359078529932,0.0,52.002684017599435,0.006675613391998112,2180,1769,243,155,393,82,15,4192,1175.683420962584,39.579084896507645,38.55302982776399,-2.0331176351107842,TRANSITION,False,False
2021-06-18,51.56205966376292,63.71457489878543,45.229007633587784,51.978974164412776,41.146368071134134,54.310521924425515,45.70610687022901,52.34300395103034,0.007810013170101142,2518,1434,240,213,231,76,10,4192,1184.8655239641712,43.71724880444443,49.166888045317954,12.414491723810364,TRANSITION,False,False
2021-06-21,57.84619120991737,65.57998483699772,48.91485809682805,52.278275020341795,43.01762491141909,53.59263677717574,93.40567612687813,53.48014202265611,0.011600473408853703,2595,1362,236,328,146,106,8,4193,1198.610524967985,50.96800733340018,61.499469603832836,21.75227558686725,RECOVERY,False,False
2021-06-22,57.522009402547326,59.27887039838629,52.19151977131967,51.20221710649817,44.73528913310288,53.36181202265834,99.54740352548832,51.64880715864002,0.005496023862133389,2351,1615,232,263,55,81,9,4198,1205.1981170146132,55.64342009207587,62.857810044723145,14.02623827602708,RECOVERY,False,False
2021-06-23,54.55841309131975,48.859026369168355,53.29919009051929,50.0,43.852266542780995,53.37443822886338,97.16531681753216,51.040059897341806,0.003466866324472673,1927,2017,254,273,75,74,13,4198,1209.376377780809,56.642204567928154,57.90596053485078,2.9963534275568264,TRANSITION,False,False
2021-06-24,46.61745126280542,35.11355128525081,50.48774684748989,47.109428768066095,42.19576032984619,52.97222894155582,66.41684511063526,48.13656604177558,-0.00621144652741473,1407,2600,196,244,175,69,24,4203,1201.8644010787052,52.89929125222417,47.75048268426847,-11.228739947111954,TRANSITION,False,False
2021-06-25,51.98250546209769,52.23767383059419,50.855920114122675,50.20871381540615,42.676807353000974,52.423056535203,70.44698050404185,50.64142204878114,0.00213807349593713,2066,1889,251,187,101,68,14,4206,1204.434075500362,51.05278993874095,45.40341716167111,-5.5395039404496345,TRANSITION,False,False
2021-06-28,54.021826237787266,53.988035892323026,51.935866983372925,50.625987672500194,42.369375678450325,52.285005679684375,83.729216152019,51.738343644380194,0.005794478814600646,2166,1846,198,230,88,92,15,4210,1211.413143234432,50.87392765423012,47.11308700272266,-0.5365868535324836,TRANSITION,False,False
2021-06-29,37.09085099310209,25.800146591742003,44.854161726345744,45.24375743162903,41.36057685764555,52.23333110432256,10.872658287882386,47.374658345715225,-0.008751138847615908,1056,3037,124,161,326,62,12,4217,1200.8118986161608,47.69839423099568,44.00861877155307,-9.52660026970333,DEFENSIVE,False,False
2021-06-30,50.04265856537846,60.0253807106599,48.07874762808349,51.23203317888119,38.346166088245624,52.341561872493216,41.46110056925996,52.07135455704884,0.006904515190162804,2365,1575,276,205,241,77,10,4216,1209.1029226106841,47.05177859875594,46.604521064908305,-1.9398468967192315,TRANSITION,False,False
2021-07-01,34.83249992734115,25.48971596474045,39.483657034580766,44.417417313366855,42.91568639264175,51.69817411188311,0.0,45.87113124300563,-0.013762895856647908,1041,3043,138,128,495,64,37,4222,1192.4621650068248,40.6553364952739,37.10508108904744,-19.189326310446113,DEFENSIVE,False,False
2021-07-02,37.244181568130756,36.8789013732834,36.83088583609664,47.67888209214881,39.37077724720187,51.796740499855964,0.0,48.42312213404757,-0.0052562595531747604,1477,2528,217,111,785,54,13,4222,1186.1942743602083,40.70644668695012,40.79799934956124,0.15333057502866865,DEFENSIVE,False,False
2021-07-05,51.84445860020869,71.02988392195604,42.45975378787878,53.7418180545346,39.38472880629782,51.205468661046574,38.16287878787879,53.7844017625305,0.012614672541768313,2876,1173,175,215,265,101,17,4224,1201.1577267021828,41.30704669856021,44.46616708665996,1.8018000348302294,TRANSITION,False,False
2021-07-06,47.37852568981281,52.519428428177484,43.379049420666824,50.301545420278956,42.40910781529593,51.38048255569587,40.305036651690706,49.95417585120368,-0.0001527471626543935,2095,1894,240,133,174,56,30,4229,1200.9742532675286,45.48905528605076,53.47607124113896,12.546025762471658,TRANSITION,False,False
2021-07-07,52.809400785998776,55.70555272542027,45.62854442344045,50.597247844479256,39.79001954584617,51.30368459746843,84.49905482041588,52.37879339236745,0.007929311307891498,2187,1739,306,234,88,102,7,4232,1210.4971519944497,50.67746169200675,59.751621691851255,15.56521921786802,TRANSITION,False,False
2021-07-08,38.020233006458774,31.808225845704552,43.039169419537515,46.16879822999298,46.647288862907175,51.131219874902925,0.0,48.49615219399644,-0.005012826020011893,1307,2802,129,209,501,69,20,4238,1204.4291403737816,46.06938649409012,46.67773566643408,-13.824225593749915,DEFENSIVE,False,False
2021-07-09,52.35948014039023,61.9735858460005,45.79009433962264,51.65426085052815,43.133857039745905,51.01438938245819,58.01886792452831,51.73042793451644,0.0057680931150548235,2487,1526,227,275,241,82,11,4240,1211.376399805943,47.7297046442826,49.829121472375085,4.980954450577421,TRANSITION,False,False
2021-07-12,61.105224137452694,69.1668764158067,51.5912305516266,52.53244723066195,52.25212965572388,50.84044711467346,100.0,53.87055357500978,0.01290184525003259,2748,1225,269,354,73,135,5,4242,1227.005390655781,50.49497909476724,54.31622936917057,8.295823351453919,RECOVERY,False,False
2021-07-13,58.092470177998614,58.601747815230965,54.089087909498005,51.14285714285715,48.38257660291608,51.17490552419057,100.0,51.558200560124455,0.005194001867081519,2347,1658,238,314,66,83,19,4243,1233.3784589457662,57.185724818613856,63.24740335901271,20.07223717153984,RECOVERY,False,False
2021-07-14,43.856610721540726,29.09936368086148,50.082508250825086,46.25766051144598,47.51751217466498,51.59176372875566,49.528524280999534,47.73926894536347,-0.007535770182121758,1189,2897,156,189,191,67,30,4242,1224.0840023315714,54.351435012330676,52.28932930396636,-8.502869418849507,TRANSITION,False,False
2021-07-15,38.8614235016191,33.56197942185204,44.48373408769448,46.460888656411605,47.29639579432048,51.12149408774981,0.0,47.96879504464802,-0.006770683184506608,1370,2712,160,171,497,64,47,4242,1215.7961173605613,46.936834800386144,40.42103030598148,-22.243800635833594,DEFENSIVE,False,False
2021-07-16,42.999425299692305,41.30765331981754,43.84271250294326,48.91156462585036,42.66252496976305,51.18812695491851,25.74758653166942,49.485693622969336,-0.0017143545901022227,1630,2316,301,209,312,55,20,4247,1213.711811706136,41.905819840950706,34.656332140843666,-15.093044878306308,TRANSITION,False,False
2021-07-19,40.33902507943019,41.81329423264907,43.18021201413428,48.14189189189189,42.88268575897255,51.24549563657537,0.0,49.42845814307737,-0.0019051395230754334,1711,2381,153,176,601,71,26,4245,1211.399521364031,40.73329129358053,38.89430899143954,-3.5175856421105323,TRANSITION,False,False
2021-07-20,44.1234711694097,50.16254063515879,43.46597598304685,50.0,36.43788285528871,51.61534903195283,22.21568165764069,50.81710633515934,0.0027236877838644562,2006,1993,248,158,276,63,13,4247,1214.6989954417495,42.48730718284406,44.427829395875115,5.262047667790597,TRANSITION,False,False
2021-07-21,58.122127140250925,67.80512305374185,48.65913902611151,52.25225225225216,43.91681929197772,51.39705974313973,91.87250058809691,53.734036136700055,0.01244678712233353,2700,1282,269,251,73,120,4,4251,1229.8180952557254,47.52820779636361,53.26031930718322,15.12270184055862,RECOVERY,False,False
2021-07-22,55.68180769501422,53.84615384615385,50.44684854186266,50.55666049077199,47.180419630508844,51.92266738531182,97.03668861712134,51.488038133355715,0.004960127111185741,2163,1854,235,339,139,103,14,4252,1235.9181493318301,52.64246866822495,57.271272511684806,15.342782615584028,RECOVERY,False,False
2021-07-23,37.858393743017835,27.68115942028986,45.42998120300752,44.386393072369735,51.40885753529609,51.451427371243085,0.0,46.753546381393726,-0.010821512062020922,1146,2994,116,281,648,64,28,4256,1222.543646171165,50.55410952609433,49.77747877339517,-6.265077426391862,DEFENSIVE,False,False
2021-07-26,35.86157532039024,24.778549197988987,40.02347417840376,43.20491414672354,52.14137367821452,50.72829474366196,0.0,45.74941074210668,-0.014168630859644395,1035,3142,83,166,1242,56,58,4260,1205.2218765387622,43.13392558614077,35.43528748814421,-22.260551819860687,DEFENSIVE,False,False
2021-07-27,33.50605171907619,21.624242424242425,34.18953788411916,43.1350114416476,50.59685776902745,49.88583665973094,0.0,44.274389772348044,-0.019085367425506525,892,3233,138,85,1145,44,114,4263,1182.2197741957614,35.74200692749476,24.694650347507075,-22.17575597593803,DEFENSIVE,False,False
2021-07-28,30.088986460501904,20.664118490205446,24.23212192262603,39.31750741839761,48.498162761266386,47.55571619534666,0.0,42.97220613882147,-0.02342597953726177,865,3321,79,66,1772,54,113,4265,1154.5251179569052,33.152204499989445,22.3556367041456,-7.769407282515932,DEFENSIVE,False,False
2021-07-29,55.94639162528249,85.80097087378641,31.638153269275836,56.39431616341035,40.08805483000953,47.30714176766385,60.78040778064213,57.74815298274253,0.02582717660914175,3535,585,147,155,109,223,1,4267,1184.3432420780684,39.84714326828686,42.69644392941141,20.08481630489225,RECOVERY,False,False
2021-07-30,48.50927947633388,61.807937285644286,35.09367681498829,52.31396410100393,43.099443568535314,46.274937071640146,44.613583138173304,52.75393241025843,0.009179774700861447,2523,1559,188,232,255,136,22,4270,1195.215246208833,44.848219187372756,56.091008883212034,15.00322775725769,TRANSITION,False,False
2021-08-02,61.71416839435649,80.79597218892351,40.97612359550562,56.344514019922,50.23691842413554,45.45146075224004,100.0,55.75179372383712,0.01917264574612372,3370,801,101,280,38,159,16,4272,1218.1306847147607,55.389946498657615,76.13496011611805,31.625181933854588,RECOVERY,False,False
2021-08-03,50.773148596416426,46.76665847061716,41.822648572765566,49.45017156158833,47.60862432994937,44.43013651449574,92.58306036499766,49.13630385058057,-0.002878987164731454,1902,2165,207,215,33,79,91,4274,1214.6237021085017,53.665532155702266,63.123522648394975,-5.173243028866061,TRANSITION,False,False
2021-08-04,54.269986962767355,61.813664596273284,45.289855072463766,51.63099556609447,40.89277321935684,44.414472847234485,87.63440860215054,53.50292672900172,0.011676422430005735,2488,1537,253,182,21,134,4,4278,1228.806161547818,55.58576798451342,63.12543175193796,5.760707486433475,TRANSITION,False,False
2021-08-05,44.223595154306615,31.011127237542336,43.20252277505256,46.00399600399601,41.47058775863184,44.56016686060882,78.49801448259753,48.06606182391416,-0.006446460586952786,1282,2852,147,201,79,71,16,4281,1220.8847110583952,49.7555769044968,46.53048343481091,-17.490573240049876,TRANSITION,False,False
2021-08-06,45.47057448573387,42.63261296660118,42.87214185720952,48.7257742350671,39.065204379319795,44.2536824940618,61.43257116192253,50.01441429770412,4.8047659013740235e-05,1736,2336,214,169,120,73,8,4286,1220.943371710687,47.98805220093595,45.15246826680558,-5.302574110682556,TRANSITION,False,False
2021-08-09,58.610222283655176,71.87800192122958,47.88945895522388,54.23494496813382,42.488006316294374,43.51641322105615,95.24253731343283,53.56984532379771,0.011899484412659015,2993,1171,124,205,11,108,7,4288,1235.4719683310977,49.434797307898556,48.507247375124344,4.340235320887821,RECOVERY,False,False
2021-08-10,59.94809071987328,70.40079661438885,53.4257748776509,52.502844141069446,45.12846646276755,43.558359713080364,100.0,53.24408057724605,0.010813601924153536,2828,1189,274,246,9,95,6,4291,1248.8318703850807,54.67629582975411,61.637137167406514,15.724495565566663,RECOVERY,False,False
2021-08-11,56.14523130062802,54.351599305727746,55.73426573426573,50.58481532147741,45.66067296244071,43.72684382753811,100.0,52.01941404002813,0.0067313801334271265,2192,1841,257,322,11,122,4,4290,1257.2382324273817,58.23451476805216,65.54346594711537,10.67465681489415,RECOVERY,False,False
2021-08-12,55.05196882302447,48.84236453201971,57.81322775966464,50.0,45.2192495150551,44.3931393690571,100.0,51.130615478452725,0.0037687182615090678,1983,2077,234,316,12,95,10,4294,1261.9764091129982,57.04843028117525,57.86492015071209,-3.5582534606307092,RECOVERY,False,False
2021-08-13,53.14534761013834,43.27990135635019,57.16612377850163,48.93368770480808,44.28165722194202,44.07490501404351,100.0,50.04710549867188,0.00015701832890627592,1755,2300,243,314,43,79,8,4298,1262.1745625398764,54.780849244596936,48.82462173136586,-6.802743109734941,TRANSITION,False,False
2021-08-16,56.2775002081761,52.6908023483366,59.1120409112041,50.431967457829515,45.36229575384905,44.017123333792455,100.0,50.23079247440202,0.0007693082480067231,2154,1934,214,267,38,92,41,4302,1263.1455638412626,54.8249388804463,48.271022745568814,0.13226890754808096,RECOVERY,False,False
2021-08-17,34.34979637405491,12.839273070568796,45.25081281932187,40.012229507576905,49.87056092018278,42.329330784946485,22.364143056200653,42.76099188539328,-0.024130027048689058,544,3693,69,86,205,37,52,4306,1232.6658272193413,47.92421473078978,36.26999225841851,-20.702172448969556,DEFENSIVE,False,False
2021-08-18,54.16892504078046,68.28204506905743,50.65025545750116,52.67494641482426,39.60653797908434,41.723672513880175,63.23734324198792,52.60076894685536,0.008669229822851201,2818,1309,179,179,122,87,9,4306,1243.3520905702808,48.265407207670485,44.60404016265426,1.0235774306421206,TRANSITION,False,False
2021-08-19,44.84226388586536,38.924205378973106,49.245939675174014,48.047589267101486,38.14606203146264,41.662620985309594,56.96055684454756,49.41318256633897,-0.001956058112203458,1592,2498,220,121,91,70,34,4310,1240.9200216271959,44.45366176690024,40.01517450619976,-11.435236322310743,TRANSITION,False,False
2021-08-20,39.73631355896351,35.37086252718048,44.93509503940658,47.25792429333395,40.38721431291819,41.980845754422155,21.48817802503477,48.258115008071194,-0.005806283306429355,1464,2675,175,149,272,69,43,4314,1233.7148884210078,46.2491674952031,47.525704325070315,5.386517184908598,DEFENSIVE,False,False
2021-08-23,65.19183058663891,83.78378378378379,57.09318497913769,57.422544333582024,47.8476708746153,41.6264026542846,100.0,57.481501964147185,0.0249383398804906,3503,678,133,373,32,213,13,4314,1264.4816896240725,49.923469343822596,52.69295056331244,11.022905545858457,RECOVERY,True,False
2021-08-24,57.56394503113111,56.76346487962274,59.04563354181145,50.85929108485496,47.3741024525256,42.38784488357044,100.0,51.80317167798025,0.006010572259934195,2287,1742,288,388,30,94,11,4317,1272.0819481909216,54.16402972557785,58.63937039686232,12.721681145265755,RECOVERY,False,False
2021-08-25,59.4001254970172,61.577669902912625,60.74322759898124,51.7777777777777,46.413116596721714,45.16007568749825,100.0,52.24841553136116,0.007494718437870529,2537,1583,199,490,30,112,17,4319,1281.6158442225103,60.71863370492908,67.37497285543971,19.66381193805369,RECOVERY,False,False
2021-08-26,51.29470258574169,34.66794533684968,56.49155288127747,46.48682559598498,49.65180051793424,45.135582783789374,100.0,47.90106959613906,-0.006996434679536471,1446,2725,150,422,201,68,25,4321,1272.6491026841484,56.08625770463001,51.00302670646166,-13.897128000897226,TRANSITION,False,False
2021-08-27,46.37355143882706,40.87591240875913,53.13584818329091,48.170731707317096,46.76304641937492,45.38525205755123,42.825734783614905,49.32476593717345,-0.0022507802094218292,1680,2430,211,285,316,88,43,4321,1269.7846492702884,52.35612650719531,45.70717588284045,-11.190393592304055,TRANSITION,False,False
2021-08-30,48.745063964232436,44.2579717094222,51.862132778163314,48.663697104677,52.41735435948862,45.89423740446599,50.46264168401573,50.205977055424164,0.0006865901847472235,1846,2325,152,357,355,94,36,4323,1270.6564709472202,48.80443932960039,39.93394315167698,-10.655061532784764,TRANSITION,False,False
2021-08-31,48.03024850945093,48.39328537170264,51.6658954187876,49.6537600895069,48.40116189999628,46.26310671809969,37.73715872281351,49.80966480501892,-0.0006344506499369256,2018,2152,152,357,410,100,43,4322,1269.8503021233812,47.71628797083681,44.50905649662798,-3.264454076290761,TRANSITION,False,False
2021-09-01,54.352221765312215,51.05162523900574,51.30696275734443,50.19230769230765,55.55118704070715,45.251555959437404,84.9294471431876,48.9659676775434,-0.0034467744081886813,2136,2048,139,357,206,84,98,4323,1265.4734145997916,50.37584474633186,47.900960773376845,7.978670326485158,TRANSITION,False,False
2021-09-02,58.45192385757565,62.50608272506083,54.64847363552266,51.92900287476982,46.30605772081568,44.88517952837681,100.0,53.43862814060801,0.011462093802026712,2569,1541,214,364,117,146,2,4324,1279.9783895819055,53.61146471077959,53.98366444525638,9.706859893343214,RECOVERY,False,False
2021-09-03,58.01581191754922,56.96019300361882,56.579555966697505,51.20919028480664,52.05579781085448,44.3132822789869,100.0,50.775520621143365,0.0025850687371445718,2361,1784,179,414,108,94,37,4324,1283.2872217010342,56.93998584681236,56.839300322561776,9.985563408098294,RECOVERY,False,False
2021-09-06,62.831281852247365,73.20165813216289,60.67545685866297,53.375527426160296,48.305161782451236,44.37873432238384,100.0,54.11598267887884,0.01371994226292945,3002,1099,222,376,15,155,18,4323,1300.8938482895276,59.766339209124084,64.22264462028083,8.47906008693515,RECOVERY,False,True
2021-09-07,61.90359981259467,67.65578635014838,64.64879852125694,52.042554670931416,47.65845707973671,44.37798036451894,100.0,53.33887443508162,0.011129581450272052,2736,1308,284,492,8,117,0,4328,1315.3722523322238,60.916897860797086,65.93921249531002,3.45167595501902,RECOVERY,False,True
2021-09-08,61.7515649837693,62.18304757304999,68.36027713625866,52.229966239709704,51.24890060795808,43.94500437099747,100.0,52.348343980103415,0.007827813267011376,2575,1566,189,751,19,118,6,4330,1325.6687407000884,62.16214888287044,67.68016401845374,3.7357530662200773,RECOVERY,False,True
2021-09-09,56.18069296337299,45.73436742607853,66.75513501038542,49.26402943882242,47.389734491075345,43.78262932100009,100.0,50.39493166383223,0.0013164388794407857,1887,2239,207,603,60,101,17,4333,1327.4139025716054,59.945285919912315,58.52440044975895,-6.650588888874374,RECOVERY,False,False
2021-09-10,51.14288297300996,33.69954621447337,64.5492275766659,46.68674698795181,49.15487125700688,43.5579160691036,86.4307124740604,48.660906259964705,-0.004463645800117663,1411,2776,150,221,63,73,7,4337,1321.4887970803736,56.358380306717414,47.20565373786727,-10.76071683958471,TRANSITION,False,False
2021-09-13,57.59064630142311,55.82454458293385,63.98617511520737,51.13234310076091,44.763927812027504,43.82430827350504,95.16129032258065,51.08549272242695,0.0036183090747564962,2329,1843,168,330,134,111,28,4340,1326.2703519870388,54.97140741260202,45.0861527411619,-4.1609186823461926,RECOVERY,False,False
2021-09-14,43.51498308126703,25.454545454545453,57.35327963176064,43.78238341968914,47.44424748017301,44.66948162324628,51.84119677790564,46.9125663236804,-0.010291445587731995,1078,3157,110,150,142,78,14,4345,1312.621112824942,50.7495041185667,38.3262120839842,-12.665709882105958,TRANSITION,False,False
2021-09-15,52.30590000086658,57.39759036144578,58.007363092498856,51.22465478959302,38.86790146332955,45.2306253177018,57.363092498849525,51.63549144823691,0.005451638160789727,2382,1768,196,225,193,106,10,4346,1319.7770481742766,51.13717646118557,46.22556013297501,1.1630170278566183,TRANSITION,False,False
2021-09-16,36.29618104370094,23.55166706077087,51.56501726121979,44.06674907292953,44.60349080490646,45.16298295049966,0.0,45.56853099077783,-0.014771563364073889,996,3233,116,150,427,54,59,4345,1300.2818778807198,44.03902137527819,35.467934292254014,-21.294465257722166,DEFENSIVE,False,False
2021-09-17,40.068556854911286,41.51796335950512,47.38900391074304,47.81420765027322,40.15411393537433,45.50058675869323,0.0,49.319166383398894,-0.002269445388670363,1745,2458,144,129,453,73,31,4347,1297.3309591689917,42.8902126331596,40.82240692724057,-3.4464262263557472,TRANSITION,False,False
2021-09-22,45.62512022721831,49.843862599087196,46.20165745856353,50.0,33.48083732649787,46.8082111477519,41.48250460405157,51.452518231575475,0.004841727438584917,2075,2088,181,222,259,141,7,4344,1303.6122820709259,40.66328604194351,38.30449767312104,-6.680779773648268,TRANSITION,False,False
2021-09-23,56.695809884583745,66.47426647426647,51.64556962025316,52.73972602739727,38.79854212029109,46.385946273131104,87.74453394706559,52.08682195587148,0.006956073186238238,2764,1394,187,221,57,85,30,4345,1312.6803045114902,47.463162322237785,52.61203081095291,20.399628840882805,RECOVERY,False,False
2021-09-24,33.22665241432934,22.25890120254657,43.50978135788262,42.68680445151034,38.18982491902262,45.73860004788728,0.0,45.09232863494988,-0.01635890455016706,944,3297,104,98,429,50,88,4345,1291.2062927051027,45.18252750871047,46.192343425300066,-6.841904440581949,DEFENSIVE,False,False
2021-09-27,29.50894066248543,19.296201351666276,30.29465930018416,38.128819509081694,42.81699147099962,43.941085857124385,0.0,41.79956463614772,-0.027334784546174273,828,3463,53,107,1323,47,227,4344,1255.9114468893445,39.810467653799506,36.009789676159755,-16.11617956473288,DEFENSIVE,False,False
2021-09-28,39.3647755320184,56.81818181818181,31.18242466068553,50.90566037735851,28.688978027237738,44.32047754271717,0.0,51.050032607493776,0.0035001086916459138,2350,1786,211,67,315,89,19,4347,1260.3072734605394,34.033456202944386,32.791094790798205,-17.331034352565347,DEFENSIVE,False,False
2021-09-29,24.27952690159056,10.375378876194919,22.603999080671112,38.75502008032123,32.763722156086345,43.77452965085409,0.0,41.19236131722126,-0.029358795609262463,445,3844,62,32,1571,16,109,4351,1223.3061698141446,31.051081032031462,28.82992068201432,-8.947125512738776,RISK_OFF,False,False
2021-09-30,51.565111341860806,86.48328195399573,28.13504823151125,56.35388865477364,26.97513014820195,43.615929293563546,46.325218190169956,56.47627276479875,0.02158757588266251,3647,570,137,55,71,115,3,4354,1249.7143845827366,38.40313792515659,51.225614216124136,22.056170679375377,TRANSITION,True,False
2021-10-08,53.86700661249776,76.33552014995314,35.56677374942634,56.35091542224786,33.280617230343985,43.36209085337529,71.79899036255163,54.17867611285462,0.013928920376182057,3258,1010,90,157,62,84,35,4358,1267.1215567385589,43.23721495198305,57.73139366004791,14.502231080479362,TRANSITION,False,False
2021-10-11,42.70410255211134,46.13508900268227,35.19495412844037,49.508381807494196,30.625368398061003,43.66721848274568,52.75229357798166,49.38651477693369,-0.0020449507435543793,1892,2209,259,138,126,55,58,4360,1264.5303555689327,49.3787401688233,69.65129703554369,18.424575650520776,TRANSITION,False,False
2021-10-12,28.05863289542983,17.077754287056614,29.165711666284665,43.22392800423502,32.21863296135896,43.840224226315335,0.0,45.1129084587623,-0.016290305137459007,727,3530,106,94,608,41,37,4363,1243.9307702211354,41.54324735334631,46.51612114656399,-23.506478446430975,DEFENSIVE,False,False
2021-10-13,42.74773682786985,60.32660902977906,30.192572214580473,51.513243263872965,28.2872495157586,43.897334211232454,27.074736359468133,51.20578306988385,0.004019276899612837,2512,1652,198,97,197,72,59,4362,1248.9304724306028,37.83682409180367,41.1798174398393,-11.11926978462791,TRANSITION,False,False
2021-10-14,44.87030415493434,55.80192165558019,32.22553289021316,50.650406504065074,27.85449009692566,43.74711792066578,57.334402933761176,51.8166117481071,0.006055372493690319,2265,1794,304,105,73,99,7,4363,1256.4932116598907,38.558891292744676,44.40209499080527,2.1662016028230013,TRANSITION,False,False
2021-10-15,31.768457168111215,29.50584865122941,28.803849679193398,46.23397917056267,32.73206750312628,43.91263812012435,0.0,47.90108512798807,-0.006996382906706432,1236,2953,175,79,348,41,34,4364,1247.7023040314405,39.795499383638465,48.5447931121962,3.7098242726813844,DEFENSIVE,False,False
2021-10-18,43.63698975410458,61.57340985174557,31.364468864468865,51.905269278730295,32.96837200140528,44.07011964415316,22.298534798534796,52.05663763970575,0.00685545879901915,2575,1607,186,92,213,93,20,4368,1256.2558757701693,40.09191702571671,48.96039338618504,0.8892529262347324,TRANSITION,False,False
2021-10-19,45.352260772896116,53.6639526276832,33.77574370709382,50.374525597987585,32.24960572865524,44.12396999292434,58.0091533180778,51.483836889198265,0.004946122963994209,2175,1878,317,118,83,85,6,4370,1262.4694718059686,40.252569231703966,48.24773704355272,0.481956617961778,TRANSITION,False,False
2021-10-20,36.38169816381102,36.40939597315436,33.188472095150956,47.854745925215745,35.49668764992435,45.10159223605176,11.573650503202199,49.42830882591674,-0.0019056372469442016,1519,2653,200,82,250,56,18,4372,1260.063662957365,41.79031623027057,50.54891948419436,4.613240995699808,DEFENSIVE,False,False
2021-10-21,33.5284829956144,30.750836920133906,31.775594149908592,46.76264657444407,36.634421742683266,45.53435298545987,0.0,48.45318778968225,-0.005156040701059186,1286,2896,194,78,457,47,10,4376,1253.5667234252312,38.42081397744051,40.27472850699047,-10.108506758490186,DEFENSIVE,False,False
2021-10-22,33.18953676384983,31.118627687847304,29.869833295272898,46.59863945578233,36.84887715801952,45.44722166025432,0.0,47.481270494754405,-0.00839576501748533,1288,2851,240,65,666,52,14,4379,1243.042071781614,34.36657264109175,32.75962019371184,-12.162724009046286,DEFENSIVE,False,False
2021-10-25,41.1169040414881,57.31064237775647,31.482750742517705,51.152737752161315,37.410019465633745,46.04207782386609,0.0,52.08143866979148,0.00693812889930492,2391,1781,205,107,498,90,8,4377,1251.6664579028939,35.944974600317444,39.72670232857921,4.735205877677075,TRANSITION,False,False
2021-10-26,35.449237732414815,36.32468459890502,30.712166172106826,47.452229299363054,40.26593386515211,46.316948307378404,0.0,48.724280857041514,-0.004252397143194954,1526,2675,180,105,440,46,27,4381,1246.3438750330747,36.58522617925092,41.58465155483625,1.9207547368004185,DEFENSIVE,False,False
2021-10-27,30.125006524994934,19.91098617943312,26.08893956670467,41.89873417721519,45.317852524259635,46.01997281077015,0.0,44.89973560994962,-0.01700088130016793,850,3419,116,87,1538,51,46,4385,1225.154930754446,35.563716099632614,37.848771052031516,-3.0645302388548963,DEFENSIVE,False,False
2021-10-28,29.838091517129676,22.72727272727273,21.961766044606282,42.82705472641091,43.80905449422774,45.496913178088626,0.0,44.376248509711544,-0.018745838300961513,970,3298,126,87,1629,51,100,4394,1202.1883745288974,31.804111924846477,26.320981168536935,-11.278812524358422,DEFENSIVE,False,False
2021-10-29,51.35884768431883,79.23689138576779,26.279281328178307,55.58139534883723,42.82452112680597,44.7839389260965,43.17716624971572,54.73541166627046,0.01578470555423486,3385,887,125,142,172,99,20,4397,1221.1645640415602,37.10731524214781,40.62505009749119,15.909609951904017,TRANSITION,False,False
2021-11-01,54.99020019955061,72.04865251609826,31.33954969297248,53.585982070089685,47.317198415658666,46.37064520299503,82.29474641801228,54.162217939371224,0.013874059797904098,3021,1172,204,268,126,146,12,4397,1238.1070742261545,45.39571313366637,58.0042722097129,24.865193674555673,TRANSITION,False,False
2021-11-02,33.28872944690973,24.6046511627907,29.25,43.51617411633166,52.17345750149072,46.154566583752775,0.0,46.373305103268265,-0.01208898298910578,1058,3242,100,191,568,59,25,4400,1223.1396188671429,46.54592577692639,58.630065021552234,3.4506379297800507,DEFENSIVE,False,False
2021-11-03,50.55326326975283,68.7424861745612,30.686207680072712,52.398401065955994,38.31065692790617,47.67344013859597,62.497159736423534,52.13963007033434,0.007132100234447815,2859,1300,242,129,74,56,6,4401,1231.8631732296274,46.27739763873772,55.13192995115003,-0.8055844145659989,TRANSITION,False,False
2021-11-04,58.35320667254226,76.25030200531529,36.387375113533146,53.42890175424082,43.15253543577916,48.034843752326125,100.0,54.4491238954239,0.014830412984746327,3156,983,265,303,53,125,2,4404,1250.132212829323,47.398399796401605,56.53247978088905,3.36300647299165,RECOVERY,False,False
2021-11-05,41.458427920879096,40.68160152526216,36.59173478655767,48.32782320046465,47.09336662168546,48.98879955369958,23.206176203451413,48.74009066428793,-0.0041996977857068915,1707,2489,208,206,324,61,33,4404,1244.8820353432625,50.12163262105806,61.891463235046196,8.169698473969369,TRANSITION,False,False
2021-11-08,50.99959371351071,59.271601999523924,38.47026781661371,51.50567669673647,43.80317745329147,48.92500745447029,67.02224239673174,51.93173085365199,0.006439102845506631,2490,1711,205,221,146,84,8,4406,1252.8979587993613,50.27040943564402,58.734501843367106,0.4463304437578799,TRANSITION,False,False
2021-11-09,58.78179202813285,71.55361050328227,44.16307063365887,52.56410256410264,44.18014516329742,48.845089885784255,100.0,53.29258255784162,0.010975275192805407,2943,1170,290,290,62,75,2,4403,1266.6488586856885,50.41327122084089,57.168938009356104,0.42858535559059163,RECOVERY,False,False
2021-11-10,57.53765558847933,63.10562015503876,47.40009082652135,51.525747596923296,46.958083609490856,49.19059459240882,100.0,51.79196488424726,0.00597321628082419,2605,1523,276,321,64,64,5,4404,1274.2148262704773,55.773013776707636,64.6436108859483,16.079227667600236,RECOVERY,False,False
2021-11-11,61.29995933617791,69.14053148192482,53.440054495912804,52.79455680695291,52.20467387732883,49.22908437946379,100.0,53.080450518510084,0.010268168395033596,2888,1289,227,405,8,97,10,4404,1287.2986786780712,59.20646898426336,67.9332540467486,10.3003656226672,RECOVERY,False,False
2021-11-12,60.14376480828696,63.737864077669904,56.04719764011799,51.84005661712669,50.83329572650494,49.37466257734848,100.0,53.227803031325905,0.010759343437753014,2626,1494,287,594,13,118,2,4407,1301.1491672689342,59.66045991098141,65.32800523821115,1.3619727801541117,RECOVERY,False,True
2021-11-15,63.62692107449852,68.03857008466603,61.950113378684804,53.406341503393804,57.86885821598729,49.1486649608574,100.0,52.422188472043,0.008073961573476653,2893,1359,158,677,41,106,52,4410,1311.6545956468246,61.6902150729878,66.97232188142023,6.089265486019187,RECOVERY,False,True
2021-11-16,48.447541297009266,26.724339490296934,58.31259895951142,45.73333333333331,52.22047071785506,48.60770572618714,81.89323682424791,47.21543539621961,-0.009281882012601288,1143,3134,144,258,117,74,46,4421,1299.4799724487445,57.40607572659825,52.83359121754427,-12.852418039168647,TRANSITION,False,False
2021-11-17,64.20211546539932,75.16090584028605,63.43502824858758,53.710575139146584,47.56932928069928,48.2026530644772,100.0,54.25264772371372,0.014175492412379073,3153,1042,230,358,10,119,7,4425,1317.9007409382305,58.758859278969034,56.64127180508299,4.058350657112356,RECOVERY,False,True
2021-11-18,49.90333503233181,28.297025064417898,59.880307136404696,45.71651074104115,49.82759934005883,47.941247152401466,93.36043360433604,47.82465502215309,-0.007251149926156362,1208,3061,159,222,30,68,9,4428,1308.3444450778948,54.18433059824681,43.39409013166695,-13.723586042166708,TRANSITION,False,False
2021-11-19,64.17245890645799,74.38154138915318,64.89169675090253,53.175749240731164,47.63730480532971,48.02197940486599,100.0,53.491563231869264,0.011638544106230896,3127,1077,228,283,13,95,2,4432,1323.5716696080763,59.42596980139638,59.279824097952364,15.724917609448724,RECOVERY,False,True
2021-11-22,60.02748816705276,56.73587638821825,67.40356417775773,50.848356309650015,48.671084674852565,47.943011661614186,100.0,52.811778412196844,0.009372594707322799,2350,1792,291,442,11,116,0,4433,1335.9769704334071,58.03442736861419,53.13814761392976,-4.174627298346557,RECOVERY,False,True
2021-11-23,59.936628240835354,55.71982549684925,68.50349335136353,50.619195046439636,48.775835263631684,48.28278734112037,100.0,51.36879831455219,0.004562661048507297,2299,1827,311,407,17,81,5,4437,1342.0725805181064,61.378858438115365,62.27908109140687,10.033293208503544,RECOVERY,False,False
2021-11-24,59.13171962762734,51.95086705202312,69.31228861330328,50.011363636363626,48.23864501033686,49.82746437674801,100.0,51.22594814562073,0.004086493818735759,2157,1995,283,412,27,99,3,4435,1347.5569518226885,59.698612011838485,54.80218964569686,-5.0407392788306495,RECOVERY,False,False
2021-11-25,56.90557766367979,44.587199619319534,68.67958539882831,49.19763588914956,45.90580440783919,52.533753065670766,100.0,50.079386559377134,0.00026462186459046957,1874,2329,235,412,27,79,25,4438,1347.9135448559216,58.65797517738083,50.75263072273062,-3.121910503372966,RECOVERY,False,False
2021-11-26,52.462455239640974,34.030061061531235,64.43868349864744,47.22222222222223,45.278255062808185,52.65344977880837,94.63480613165014,49.26612181456532,-0.0024462606181156065,1449,2809,178,256,58,68,4,4436,1344.616197034516,56.1665841769827,43.522709244291285,-7.47417300119438,TRANSITION,False,False
2021-11-29,50.88838875876907,35.77254719179678,58.52669520162199,46.95740365111565,46.88213073359704,52.69499957558039,84.01667042126604,49.856315262078496,-0.0004789491264049952,1535,2756,148,306,155,100,5,4439,1343.9721942815963,53.41880722069661,38.129935957549165,-8.243330868858273,TRANSITION,False,False
2021-11-30,62.1244569295429,64.41761363636364,63.46846846846847,52.26544919114238,50.167615020480724,53.485371770872156,100.0,52.257260358552536,0.007524201195175127,2721,1503,216,368,52,89,5,4440,1354.084511472092,55.15843364265098,44.740073963230536,5.218879265863109,RECOVERY,False,True
2021-12-01,64.84587467513157,71.14125350795135,69.1891891891892,53.757050350826674,47.957394958347464,53.21877574426257,100.0,52.87358179007023,0.009578605966900794,3042,1234,164,573,40,102,12,4440,1367.0547534533664,59.28624012114784,57.11047144537057,12.383419435490595,RECOVERY,False,True
2021-12-02,48.35553100298331,23.598130841121495,62.53375337533753,44.933792218398175,47.08575415191078,52.424870247585176,85.77857785778578,46.51941703103974,-0.011601943229867535,1010,3270,164,254,95,64,24,4444,1351.19426181168,58.44195420255259,53.05233266181215,-2.5328577557857557,TRANSITION,False,False
2021-12-03,58.65495219774732,60.21297192642788,64.07515751575157,51.04525550345209,42.514203518188594,53.03242440768295,88.92889288928892,51.132542600934705,0.0037751420031156774,2488,1644,312,256,83,70,18,4444,1356.295212023814,57.285452625287405,51.650785425166895,-3.469504731795581,RECOVERY,False,False
2021-12-06,39.00214163835932,20.018471484645577,49.67393748594558,43.162393162393144,47.875779545104464,52.320673520830056,29.087024960647632,45.32481031472813,-0.015583965617572897,867,3464,116,170,263,48,17,4447,1335.158754072356,48.67087494636331,34.60985808406497,-25.84373303677225,DEFENSIVE,False,False
2021-12-07,40.824838110969964,37.473585348673396,43.99865138233311,47.38988580750409,43.549477815598706,51.513550552153745,14.711171049674087,47.86669587373581,-0.007111013754213989,1596,2663,190,182,339,57,26,4449,1325.6644218080883,46.16064398235886,39.235009586582265,-7.530692892013349,TRANSITION,False,False
2021-12-08,59.18826584852101,75.99520383693046,50.52785265049417,52.95598161257238,37.77636531892549,51.009227164404415,86.83737646001796,53.787639140453024,0.012625463801510091,3169,1001,282,176,12,98,3,4452,1342.4015499785762,46.33841519928344,44.4957535567498,0.5333136507736924,RECOVERY,False,False
2021-12-09,57.9447401962449,60.18606870229007,55.35593981585447,51.323772752344254,43.44078120959545,50.3747143239383,100.0,51.497610616334086,0.004992035387780277,2523,1669,261,284,26,79,3,4453,1349.1028660206805,52.652614718578626,57.88495262929795,18.94259855788558,RECOVERY,False,False
2021-12-10,53.875418005902084,49.98812069375148,57.072294566681634,50.0,42.734926753983935,50.624445404580854,84.35114503816794,51.122617235108336,0.003742057450361106,2104,2105,245,197,44,85,2,4454,1354.1512864517765,57.00280801688933,62.05646441099066,13.05057989493212,TRANSITION,False,False
2021-12-13,56.125777756724915,52.95247239558329,58.91855508189365,50.32706459525755,44.26493060742938,51.6734631086875,91.73210679829481,51.49184740698184,0.004972824689939477,2206,1960,291,220,34,97,4,4457,1360.8852434029573,55.9819786529573,54.3755539305416,-3.062488091796098,RECOVERY,False,False
2021-12-14,58.1608329498772,56.987980202686785,60.96274685816876,51.10004074575123,43.408594728652005,52.179774698983415,97.35188509874327,51.836544532771946,0.006121815109239822,2418,1825,213,253,42,105,4,4456,1369.2163312479631,56.05400957083473,53.30952443067383,0.21609275363229585,RECOVERY,False,False
2021-12-15,55.13541250566385,46.394460362941736,61.964085297418634,49.468085106382986,42.986738870356334,52.216074306040504,95.34231200897867,50.39836254863742,0.0013278751621247334,1943,2245,267,272,70,90,3,4455,1371.0344796058027,56.47400773742199,52.111637653737255,1.259994499761767,RECOVERY,False,False
2021-12-16,61.994243917716844,66.9208770257388,66.41623682440009,51.96319018404907,42.031708216226136,52.511239773761595,100.0,52.60837117969337,0.008694570598977895,2808,1388,263,321,54,104,2,4459,1382.9550356823681,58.430163124419295,56.76777253045575,5.868466160991929,RECOVERY,False,False
2021-12-17,45.93651997995521,29.089632576644043,60.715086303519385,46.23824451410661,43.07049787614845,52.522829232007304,54.93162967944407,47.58674650813856,-0.008044178306204804,1243,3030,188,264,242,91,10,4461,1371.8302987858754,54.3553921344453,47.46832332177485,-12.22431296992199,TRANSITION,False,False
2021-12-20,39.31657999757679,30.468204053109716,54.08917768317275,45.48022598870056,43.538257418703964,51.8568030370409,0.0,46.864812657000954,-0.010450624476663483,1308,2985,170,259,578,106,37,4463,1357.4938154875551,49.08244796508294,42.1595712184975,-15.818832508087063,DEFENSIVE,False,False
2021-12-21,64.26969878337246,79.75474317445628,61.43849428635447,54.763348200753455,39.826873806131246,51.28883962536395,100.0,54.517937378367954,0.01505979126122652,3447,875,141,451,83,138,12,4463,1377.9373889872036,49.84093292030149,46.43752660140333,2.275454865655618,RECOVERY,False,False
2021-12-22,57.406703345840235,52.281863324663036,64.10486220031369,50.2737850787132,41.98481418874489,51.11862346575364,100.0,51.29225675835342,0.0043075225278447135,2211,2018,234,280,49,91,15,4463,1383.8728853322252,53.66432737559649,54.16827018407631,11.470183365885028,RECOVERY,False,False
2021-12-23,45.65708630404789,33.18645640074212,61.32856184298814,46.50145772594754,41.66354403057683,51.159519794285416,43.29009170208007,48.50096844299044,-0.004996771856698521,1431,2881,159,164,194,77,35,4471,1376.957988245549,55.77782947775353,55.07435429995379,6.340506306471099,TRANSITION,False,False
2021-12-24,35.98847624064597,22.433547204399634,50.92799642218247,42.65748724939118,43.41477181366477,50.37908697100573,0.0,44.91485197101219,-0.016950493429959357,979,3385,108,156,752,54,45,4472,1353.6178709124626,46.3507552968447,35.96728897660157,-28.28122254272649,DEFENSIVE,False,False
2021-12-27,49.89626394169152,61.61282716340486,53.362377122430736,51.726198867002935,35.455070857247875,50.48058105096038,31.233243967828418,51.440175316753255,0.0048005843891775184,2613,1628,235,225,309,74,27,4476,1360.1160277324766,43.847275495461794,39.07761025618218,-7.510439404148713,TRANSITION,False,False
2021-12-28,55.139726359050236,62.63992537313433,57.18275245755138,52.01005025125633,36.41360566874948,50.314096915302876,71.44772117962465,52.06928653525501,0.006897621784183371,2686,1602,188,137,41,74,18,4476,1369.4975936743813,47.00815551379591,48.895433246979586,9.48264005500235,RECOVERY,False,False
2021-12-29,48.69183629371206,43.30166270783848,55.99330357142858,49.081864720809975,37.302426347413366,50.77669569410611,61.38392857142857,49.881076313595216,-0.0003964122880159493,1823,2387,270,149,98,76,11,4480,1368.9547079998406,51.24260886481793,55.851471748125874,12.703360053066085,TRANSITION,False,False
2021-12-30,59.50683119475099,67.55587599134823,61.23018530922081,51.94647201946472,40.157772701858484,51.48815358972718,87.50837240455458,53.130716548862175,0.01043572182954061,2811,1350,318,223,55,116,7,4479,1383.2407385297668,54.44613128250443,57.83248802410699,9.610567253059465,RECOVERY,False,False
2021-12-31,60.10038696900051,62.33269598470363,64.52008928571429,51.4099653037706,40.95722292708477,51.65267174790873,100.0,51.85699412525126,0.006189980417504205,2608,1576,296,316,55,73,20,4480,1391.8029716139602,56.099684819154525,57.730078227963425,4.960660609950274,RECOVERY,False,False
2022-01-04,65.75262176152113,71.19926622334327,68.83087907184293,54.960728421138995,53.85962641501034,52.12112373062128,100.0,53.02927585664408,0.010097586188813599,3105,1256,121,637,120,122,36,4482,1405.8568220776788,61.7866133084242,67.02927939979836,17.06078546780907,RECOVERY,False,True
2022-01-05,41.24789791184465,23.921028466483012,61.967432522864165,44.52054794520546,51.65345832474711,52.2121632296463,9.402186036136516,45.732368471597965,-0.014225438428006798,1042,3314,127,225,407,52,61,4483,1385.8578924166193,55.7003022141221,52.48433022484329,-18.258933282906334,TRANSITION,False,False
2022-01-06,60.201024002416425,66.28397375820056,64.44816053511705,52.309468822170935,45.06372651471547,52.305042973549234,82.77591973244147,52.526457694216724,0.008421525647389062,2829,1439,217,275,128,98,15,4485,1397.5289302012422,55.733847891927404,53.80142281600893,0.10063703341591435,RECOVERY,False,True
2022-01-07,37.7781700200705,21.1534077957602,57.00757575757576,42.62820512820513,48.5332031157053,51.5584225662196,0.0,45.16498852813531,-0.016116704906215626,928,3459,101,209,447,49,36,4488,1375.0053688352896,46.4090306447772,37.11947000681457,-27.97445174145063,DEFENSIVE,False,False
2022-01-10,55.407678623813936,69.09005628517824,60.48997772828508,52.80252454417953,41.032619153140445,51.058767564184194,42.20489977728285,52.710614362353226,0.009035381207844083,2946,1318,226,230,265,88,12,4490,1387.429066505549,51.12895754876695,52.17581261304631,14.159780711969283,RECOVERY,True,False
2022-01-11,44.23207176320045,36.612408586930876,58.463251670378625,47.892755678600096,41.14028896842794,50.99952740207836,25.05567928730512,48.51683832798897,-0.004943872240036767,1552,2687,251,186,298,62,11,4490,1380.569794458632,45.805973469028295,42.28529088928975,-15.968952239215973,TRANSITION,False,False
2022-01-12,63.34510102202604,76.0,63.76585800133541,53.88978930307946,41.94582110881587,50.559737735142285,94.5136879590474,54.18490581111395,0.013949686037046499,3249,1026,218,227,27,112,2,4493,1399.8283096435598,54.32828380301348,60.56748829070301,25.566931001955545,RECOVERY,False,False
2022-01-13,41.69327628666752,27.52743404155965,59.37708565072302,46.17927994121973,42.42253457367626,50.365296608288254,22.413793103448278,47.356389954499036,-0.008812033485003196,1179,3104,212,170,294,64,12,4495,1387.4929757057253,49.756816357298,46.71328087616349,-13.714402337146417,TRANSITION,False,False
2022-01-14,39.65862975497099,33.508812085145344,51.045606229143495,45.60439560439562,44.86735711523472,50.60931538506077,0.0,48.812220828106575,-0.003959263906311402,1464,2905,126,175,407,99,8,4495,1381.9995248467528,48.23233568788819,45.678748708901644,-4.573442008229463,DEFENSIVE,False,False
2022-01-17,62.4712461032654,74.83705772811918,58.90075656430797,54.67065910131761,43.32122402964884,49.760114910224104,95.61637739207832,54.90797316997593,0.016359910566586453,3215,1081,198,317,112,158,12,4494,1404.6089134763106,47.94105071496798,45.29110128494136,-0.8738549187606424,RECOVERY,False,False
2022-01-18,40.563998120596345,29.53867339912784,50.38897532785063,44.832041343669225,46.407310980997906,49.928780887832524,21.1046899310958,46.24569549302716,-0.012514348356576112,1287,3070,142,128,258,57,104,4499,1387.0311482283162,47.56462465961091,45.96151440413076,-1.129278166071174,TRANSITION,False,False
2022-01-19,45.510575854023536,52.169877001624506,51.999555654299044,50.37950664136632,39.01323269604614,50.321365785475436,11.119751166407465,50.303457539148766,0.0010115251304958965,2248,2061,192,132,307,78,17,4501,1388.4341650915296,49.515273359295094,52.18186937629048,5.851946099052547,TRANSITION,False,False
2022-01-20,31.960773503407786,17.481414733047984,39.124638969117974,39.105058365758794,45.6786401049858,48.89956384989846,0.0,43.159617414413184,-0.022801275285289396,776,3663,62,95,1089,59,27,4501,1356.7760954777768,39.34511582600922,33.06332171126675,-30.510472599857614,DEFENSIVE,False,False
2022-01-21,33.77047658962597,29.860465116279066,33.79609062638828,46.10530916869033,36.068145107134534,48.97886831938077,0.0,46.444744239334966,-0.011850852535550118,1284,3016,202,73,1112,53,95,4502,1340.6971420465102,37.0806086490191,33.17058561698383,-6.793521530970374,DEFENSIVE,False,False
2022-01-24,35.23112076832475,39.28322085175704,29.980013324450365,48.139534883720984,31.78569922902938,49.72534444480705,0.0,49.059866582043036,-0.0031337780598565397,1688,2609,206,45,744,58,56,4503,1336.4956947578526,33.654123620452836,28.87503356702801,-10.279455085698785,DEFENSIVE,False,False
2022-01-25,22.08724490908906,5.458612975391497,15.745058849655786,33.1645820925154,40.07485416638155,46.94808234951944,0.0,37.857124430470854,-0.0404762518984305,244,4226,33,26,2493,30,119,4503,1282.399358355666,30.362947422346593,24.86743298114251,-9.873528594318728,RISK_OFF,False,False
2022-01-26,40.371535467979584,69.14619883040936,17.240230905861456,52.71212799857095,29.58083845664848,46.98175374022544,0.0,51.896384737989834,0.006321282459966096,2956,1319,229,32,587,56,43,4504,1290.5057669263113,32.563300381797795,37.962677552519274,6.601058878353612,TRANSITION,False,False
2022-01-27,20.53544838617423,5.3599461762727065,10.545575515635397,37.62475049900207,32.611646314223755,45.35682686571835,0.0,40.30409060846537,-0.03231969797178208,239,4220,50,9,2573,14,134,4509,1248.7970103084099,27.664742921080958,26.65491932735783,-14.69567238215052,RISK_OFF,False,False
2022-01-28,40.58107649219813,72.40512117055327,12.42800177226407,54.83269460289479,31.23077982048082,44.08428017531904,0.0,53.524933281375,0.011749777604583326,3167,1207,140,17,606,62,31,4514,1263.4700974528023,33.82935344878398,48.97042205907842,18.49383158310907,TRANSITION,False,False
2022-02-07,43.209139720716024,76.76216462028195,17.30130617666593,55.86510263929618,32.72026194702694,43.12391105594728,2.4020367500553528,54.35875723527239,0.014529190784241303,3376,1022,119,64,279,104,42,4517,1281.827295548878,34.77522153302946,51.509077322369286,2.8376042527364405,TRANSITION,False,False
2022-02-08,48.5642632771349,79.18654851170189,24.435341009743137,55.68171976127112,34.449267412093846,43.43258814877976,33.170947741364046,54.01112564483368,0.013370418816112275,3485,916,115,115,191,78,18,4516,1298.9658633402912,44.118159830016346,76.11794476751236,28.028814890960668,TRANSITION,False,False
2022-02-09,52.75678535848207,78.7408973455485,30.628735886650432,53.60360360360357,36.902392396293905,43.67593020600729,62.840380783705996,54.36566691617822,0.014552223053927397,3352,905,260,88,30,114,0,4517,1317.8687043230566,48.176729452111,78.22987015917742,12.17570886628394,TRANSITION,False,False
2022-02-10,39.879241896934104,37.22352941176471,31.29424778761062,48.366529228520626,34.67099334409768,44.326790147507126,49.7787610619469,48.96652959265306,-0.003444901357823122,1582,2668,270,135,136,60,12,4520,1313.3287766341016,47.06676351085036,65.05032508967167,-3.32989782378192,DEFENSIVE,False,False
2022-02-11,26.926912092580125,12.46618575293057,25.70765148164529,41.271679526713115,38.94163725077302,44.45216667522459,0.0,43.83242347746094,-0.020558588408463523,553,3883,86,97,572,51,25,4522,1286.32859087029,39.854313115998764,42.81020417008124,-21.637351184554774,DEFENSIVE,False,False
2022-02-14,36.69657758383067,48.280701754385966,25.51403935441079,49.88235294117649,33.71710423561704,44.82238255052903,0.0,50.0287488556017,9.582951867232104e-05,2064,2211,248,60,355,86,13,4523,1286.4518591200078,34.5009105244483,32.65680563969372,-16.060207774651403,DEFENSIVE,False,False
2022-02-15,43.16598299769578,54.023529411764706,25.652077807250222,50.51452559984093,32.77206391261813,44.547109693910514,50.0,51.639713740893065,0.005465712469643543,2296,1954,274,57,57,71,16,4524,1293.483235087996,35.59649089136886,38.256805639693724,3.286741100761674,TRANSITION,False,False
2022-02-16,53.25793942451489,78.01253772927792,33.14544650751547,53.843263856350944,34.85711983486412,44.561493745191974,66.79929266136162,53.69158992709391,0.012305299756979693,3360,947,217,90,14,78,0,4524,1309.3999340263817,44.37350000201378,60.105589631809515,26.331027331934763,TRANSITION,False,False
2022-02-17,40.471470216353076,34.3101061375173,32.72586702010161,47.575757575757564,38.32558135647675,44.6972862409214,55.30152418820411,49.27376790411464,-0.0024207736529512024,1487,2847,193,89,65,54,23,4527,1306.2301731649147,45.63179754618792,55.44872442618662,3.774892632522409,TRANSITION,False,False
2022-02-18,51.19011305901252,67.7676270789412,37.75397526501767,51.995842340903174,34.855843410679476,45.42582211417251,65.23851590106007,52.06449144026065,0.006881638134202177,2893,1376,259,114,45,62,2,4528,1315.219176536612,48.30650756662683,60.030090315245445,8.02413006131674,TRANSITION,False,False
2022-02-21,58.45141901134509,74.64886023486069,47.361448443364985,53.703703703703724,41.75594329324101,45.89997245404109,87.09428129829983,53.97083678362229,0.013236122612074287,3242,1101,186,197,29,114,1,4529,1332.6275788190019,50.03766742890355,58.90886448377304,5.1934795868302,RECOVERY,False,False
2022-02-22,37.323582433692856,18.559494242492665,41.44402737911239,44.49541284403664,44.98833109306851,46.994651940676505,39.40163391477147,46.65426442273285,-0.011152451924223844,822,3607,100,145,193,54,8,4529,1317.765513813328,48.98837150135015,53.65866051876483,-3.14788778266022,DEFENSIVE,False,False
2022-02-23,62.4614694738565,79.26913353252125,51.44559699845509,54.83175150992237,47.85469981335205,45.43601618465627,96.56808651511808,55.03377445133153,0.016779248171105095,3449,902,180,226,15,118,8,4531,1339.8766284009255,52.745490306298144,57.49249600329151,11.271356414843986,RECOVERY,True,False
2022-02-24,33.85461682756465,13.686090645233312,35.42126157917953,39.247801699855465,70.7488040487609,46.22227549385476,0.8160564622849642,42.91035585027983,-0.023632147165733915,613,3866,55,137,360,44,71,4534,1308.2124667346275,44.546556245038005,37.17157280674905,-24.59680218378044,DEFENSIVE,False,False
2022-02-25,56.74088805234536,74.96496964035498,43.217909131010146,53.269382138383925,48.053666598403765,46.33899818637687,68.74724305249228,52.97964763299036,0.00993215877663451,3210,1072,252,107,22,70,8,4534,1321.2058406678086,51.01899145125551,55.97339793936982,19.417305618652506,RECOVERY,True,False
2022-02-28,45.5334664926523,43.41067285382831,43.306131451257166,48.841418653914715,43.29947830807532,46.52835407136793,50.441111601235114,50.029817547699786,9.939182566594704e-05,1871,2439,224,150,148,59,23,4534,1321.3371577283933,45.37632379085411,44.020577713138834,-16.9280029812042,TRANSITION,False,False
2022-03-01,57.764424762148494,70.20284448589415,48.52357866901718,52.40360601082044,42.384426724684346,50.54755816443057,86.13926840017629,52.442206801702206,0.00814068933900737,3011,1278,249,197,33,56,7,4538,1332.0937530415472,53.34625976904872,62.85949566002578,23.909807934583846,RECOVERY,False,False
2022-03-02,55.44846644991216,57.410037878787875,50.49592241569319,50.762994754411125,40.33928081602882,50.78254506081321,96.94732201895525,51.16888907067438,0.0038962969022479474,2425,1799,313,270,57,60,1,4537,1337.2839858050268,52.91545256823766,57.007851739503415,-1.2924216024332011,RECOVERY,False,False
2022-03-03,51.208810211845204,41.00322135296825,48.58968708682239,48.171844907610506,45.56415653021526,53.28135970997676,93.85191714411634,49.326791103109855,-0.0022440296563004994,1782,2564,192,355,156,78,7,4538,1334.2830808819842,54.80723380796862,56.2053679058834,5.675343719192902,TRANSITION,False,False
2022-03-04,36.00436951871999,21.252285191956123,40.3172504957039,44.94818652849739,46.248558747181676,53.39673506397169,12.767129323639569,46.638997829544095,-0.011203340568186362,930,3446,163,142,311,51,29,4539,1319.3346531124946,47.55388206015912,39.88851480790406,-21.760055243428504,DEFENSIVE,False,False
2022-03-07,31.82571146047506,17.255343082114738,31.515752368363074,43.370998116760795,46.95640697809791,53.945302780927896,0.0,45.301683479043284,-0.015661055069855725,767,3678,94,105,917,48,20,4539,1298.6724804545308,39.67963039701342,26.503616542346347,-23.6227549894371,DEFENSIVE,False,False
2022-03-08,26.32769328923345,8.953229398663698,17.702137034589114,36.70465337132005,52.16274036826055,51.9831141585692,0.0,40.41076111711385,-0.03196412960962049,402,4088,49,44,1972,23,117,4539,1257.161544968835,31.38592475614283,15.820285890911498,-24.881116922611753,DEFENSIVE,False,False
2022-03-09,31.178874672676038,23.080377189043556,15.315116791538122,42.356268166507526,56.55671000565621,52.13986637036234,0.0,45.89647308493458,-0.013678423050218064,1028,3426,84,55,2224,52,14,4538,1239.9655575142854,29.77742647412818,16.429649889940638,-4.825494846043952,DEFENSIVE,False,False
2022-03-10,53.7133748639424,79.26689576174113,21.04625550660793,55.35771890692733,45.31043432603137,50.85990239636917,67.40088105726872,55.22196983755876,0.017406566125195883,3460,905,175,90,11,112,4,4540,1261.5490999841231,37.07331427528396,37.100167449816105,21.88766340346734,TRANSITION,False,False
2022-03-11,49.3192485298723,64.51085687602148,23.18361955085865,52.103843794854264,43.33319475523902,51.35539154460176,64.97137824746807,52.13155277948419,0.00710517593161397,2763,1520,259,102,34,90,8,4542,1270.5126282858796,44.73716602216357,55.61937660893536,22.991555240638846,TRANSITION,False,False
2022-03-14,24.117202754282783,8.686958453676963,16.087530239718497,38.35386338185893,39.084637603322534,50.185574116831134,0.0,41.87249066919019,-0.027091697769366027,391,4110,46,68,318,46,35,4547,1236.0922841481956,42.38327538269916,50.82157036381316,-7.061671918393255,RISK_OFF,False,False
2022-03-15,21.123804047754568,4.8785871964679925,9.056935590239611,28.019644279267332,51.031431031244466,44.975038916700505,0.0,34.75209884685651,-0.050826337177144965,221,4309,19,28,2719,32,156,4549,1173.2662409320124,31.520085110636547,26.02546750872212,-32.58957081618783,RISK_OFF,False,False
2022-03-16,54.15237980240204,92.14333407522814,13.126098418277682,61.32216963445609,49.21901455159121,42.85071689332588,46.704745166959576,59.09205532007674,0.03030685106692248,4140,353,59,73,88,162,7,4552,1208.8242461577868,33.13112886814646,35.23629324179101,4.833131272529741,TRANSITION,False,False
2022-03-17,53.0573999780286,82.43058716431497,16.67032725675379,55.850940329695845,50.127546131822996,41.46520028314793,62.738853503184714,55.970187754760005,0.01990062584920002,3622,772,159,60,2,128,2,4553,1232.880605198014,42.777861276061735,59.81750281200368,28.940197223745816,TRANSITION,False,False
2022-03-18,50.62405757435021,75.30779753761969,21.047430830039527,54.27682995776384,37.449450543346096,40.70428924044016,70.64119455423803,53.88263138606146,0.012942104620204889,3303,1083,168,96,2,114,7,4554,1248.8366749747083,52.611279118260285,83.29390625905424,29.500253526595642,TRANSITION,False,False
2022-03-21,52.96776869301751,70.57598889659958,26.711276875822733,53.201507300989135,39.560833517398166,40.68161685499837,93.00131636682755,53.97743297524793,0.013258109917493108,3051,1272,235,199,3,138,1,4558,1265.3938888805196,52.21640874846545,76.1047911995114,-1.1846111093845266,TRANSITION,False,False
2022-03-22,42.55089528179999,42.2077922077922,27.489035087719298,48.75291601866252,35.78499396399641,40.71082082813054,72.80701754385966,49.37339755420432,-0.0020886748193189478,1820,2492,248,112,8,81,21,4560,1262.7508925282948,48.71424051638923,62.697192880670464,-10.50650469622861,TRANSITION,False,False
2022-03-23,45.501570016208746,50.819288389513105,29.456855015330706,50.0,35.184268916980464,41.718206046083985,74.09110819097678,50.93610309022347,0.0031203436340782485,2171,2101,294,115,5,79,12,4566,1266.6911092372222,47.00674466367541,54.534356497968275,-5.122487558141465,TRANSITION,False,False
2022-03-24,34.63425680627553,19.833782569631627,26.133128968688418,44.007490636704105,35.25483194876564,42.65378638459224,59.63433326034596,46.620500356313094,-0.01126499881228969,883,3569,115,97,53,67,11,4567,1252.4218353961269,40.89557403476142,37.62028772231229,-18.33351188674198,DEFENSIVE,False,False
2022-03-25,39.08558908428207,37.66836971667441,25.32851511169514,48.09145099051035,36.13881095675626,42.75703112854852,52.6281208935611,48.5947827694697,-0.004684057435100993,1622,2684,260,103,91,81,15,4566,1246.5554195861569,39.740471968922115,36.107146891939685,-3.4653061975179185,DEFENSIVE,False,False
2022-03-28,37.44832875171233,38.82893226176808,24.710002188662727,48.0830670926518,34.80965641751852,42.85394499906933,36.4302910921427,48.73526225782029,-0.004215792473932368,1691,2664,214,112,174,62,27,4569,1241.300200629926,37.05605821408997,32.11036151602468,-8.053241264496414,DEFENSIVE,False,False
2022-03-29,31.04567146640813,24.44545043005885,23.7527352297593,44.71831430193678,34.27845273291297,43.00441441950134,16.739606126914662,47.19689406144993,-0.009343686461833575,1080,3338,152,99,251,57,19,4570,1229.7018807502286,35.859863100800844,33.64758413616709,-3.5885853398674,DEFENSIVE,False,False
2022-03-30,54.824904543378004,83.53286650101649,29.899387576552932,55.28483553263905,36.758922757503285,41.589770033391716,72.52843394575677,54.86852522754207,0.01622841742514026,3698,729,145,129,26,91,5,4572,1249.6579961795235,41.10630158716615,48.935749730947784,15.739315459095934,TRANSITION,False,False
2022-03-31,43.84867962208606,45.15685825509503,31.820170640997592,49.03614457831318,39.547115503639915,41.477716654102046,62.90746007438197,49.38848489942835,-0.002038383668572179,1972,2395,204,152,93,60,15,4571,1247.1107137288104,43.239751877290736,51.0450583953901,6.400350870373728,TRANSITION,False,False
2022-04-01,41.53368971617195,43.52319706017455,32.688101487314086,48.86363636363633,37.51349944064335,41.2247677471989,45.62554680664917,49.47336655277474,-0.0017554448240841894,1895,2459,218,155,175,75,26,4572,1244.9214796813353,46.735757960545335,57.40430727209533,10.488018249763819,TRANSITION,False,False
2022-04-06,54.84712988089504,69.71001359311282,39.92561802669,53.864734299516925,41.985692161377855,41.1668818155236,83.03434697002844,52.736320591788335,0.009121068639294443,3077,1337,157,304,153,83,16,4571,1256.2764939480408,46.74316640638435,52.79668963612744,0.02222533751703537,TRANSITION,False,False
2022-04-07,27.64250606939132,11.538461538461537,30.336832895888012,40.01459193397772,41.821611528121025,42.59178336477716,0.0,43.118304996116144,-0.022938983346279505,519,3979,74,77,575,33,40,4572,1227.4587883750442,41.3411085554861,41.59055739724961,-16.20617355269474,DEFENSIVE,False,False
2022-04-08,33.86236853182396,33.54444695770188,28.482396676142574,46.03141794129804,41.27664298187781,42.86063688561709,0.0,47.95009260263779,-0.006833024657874033,1483,2938,152,156,783,68,41,4573,1219.0715322075532,38.78400149403677,38.26430736309205,-7.671321184347988,DEFENSIVE,False,False
2022-04-11,25.766061577658512,11.555457357490056,22.118959107806692,36.98372966207759,44.23406478389552,42.10217851624063,0.0,41.21036796409266,-0.02929877345302445,523,4003,47,115,1639,55,69,4573,1183.3542315623727,29.090312059624598,18.87945528455113,-29.081068303236528,DEFENSIVE,False,False
2022-04-12,52.731253469689996,82.24068253255501,27.4087830456631,56.661115736885925,39.61938327709266,41.17623394208555,53.71422329036487,55.1641130415359,0.017213710138453006,3663,791,123,152,135,106,23,4577,1203.7241482955992,37.45322785972416,42.446862282582295,25.088747400298676,TRANSITION,False,False
2022-04-13,26.9948934063833,17.7688710754843,22.68659973810563,41.745688416940126,35.723701511783545,41.81430266122671,0.0,44.27033868919758,-0.019098871036008068,798,3693,91,108,622,62,59,4582,1180.734376024373,35.16406948457727,37.18833698850977,-6.867475125440659,DEFENSIVE,False,False
2022-04-14,46.197016552256734,70.2715247157113,25.583424209378407,52.40240240240244,35.416567458901284,47.1513130506377,29.93456924754635,52.620336448785366,0.008734454829284538,3028,1281,276,144,236,85,21,4585,1191.0474470971412,41.97438780944335,56.76035944125018,20.430954974598222,TRANSITION,True,False
2022-04-15,29.091921264003094,21.53708668453977,20.530451866404714,42.47311827956985,40.98167005597352,48.32707893342347,0.0,45.01266151826708,-0.016624461605776405,964,3512,105,82,1011,44,57,4581,1171.2469245422171,34.09461040754771,36.52582749191176,-23.6393322056869,DEFENSIVE,False,False
2022-04-18,40.86016030956116,62.48012718600954,20.54585152838428,52.61932249233104,36.30649760172299,48.50706113940541,3.275109170305679,52.27736324605418,0.007591210820180585,2751,1652,177,92,306,95,44,4580,1180.1381068689052,38.71636604194033,51.429579528753514,13.865266903177858,TRANSITION,False,False
2022-04-19,45.70226245680921,59.19117647058824,23.1835042548549,51.34228187919465,35.04707616682936,48.95062474549854,58.50970979707615,51.26660654060188,0.004222021802006267,2576,1776,231,127,88,60,19,4583,1185.1206756854842,38.55144801012449,47.7361301137125,-0.4947540954475258,TRANSITION,False,False
2022-04-20,31.11124493407785,27.636939791760977,20.76520601700458,45.801526717557195,39.24838618319909,49.38871414309314,0.0,47.052208666278695,-0.009825971112404358,1221,3197,169,91,349,54,25,4587,1173.4757141614855,39.224555900149404,49.76941448278623,2.0193236700747548,DEFENSIVE,False,False
2022-04-21,22.913397496040815,6.614104248795444,12.698758440426921,33.96072013093288,46.59164570809345,47.008388747058305,0.0,38.72851990393576,-0.03757160032021413,302,4264,25,46,2071,36,103,4591,1129.3863536435324,33.24230162897596,31.147406837048194,-17.946762813520344,RISK_OFF,False,False
2022-04-22,31.213836534945973,34.86383074499212,12.823862399303287,46.06188466947958,39.90573663256971,46.734801763765944,0.0,47.28965994306584,-0.009034466856447185,1549,2894,150,66,1783,83,102,4593,1119.1829500634162,28.412826321688215,23.038291595182823,-14.488425921863236,DEFENSIVE,False,False
2022-04-25,17.57986348941502,3.0759162303664933,5.515665796344647,16.939799010394687,54.136557348063484,36.70827819715613,0.0,27.509399981402495,-0.07496866672865836,141,4443,12,18,3601,28,1509,4596,1035.2792964717155,23.90236584013394,14.851283741384663,-13.53138144466283,RISK_OFF,False,False
2022-04-26,22.688399059014337,16.01502098519991,4.699738903394255,35.20319688569069,46.7370321245357,34.67347552825933,0.0,39.72628255351235,-0.034245724821625516,725,3802,69,18,3359,55,319,4596,999.8254065712191,23.82736636112511,17.984922653519487,-0.22499843702647837,RISK_OFF,False,False
2022-04-27,45.345356419565086,85.95059550066166,5.855463648236831,62.07581821172088,49.59099008716293,29.698962802998853,0.0,59.33394579239702,0.03111315264132336,3897,637,60,29,336,259,44,4594,1030.9331270605426,28.53787298933148,35.01384423874267,14.131519884619113,TRANSITION,False,False
2022-04-28,25.7324262290482,25.949084412684233,6.22004357298475,42.183567556308965,40.82359534084345,29.158956915517,3.8126361655773433,45.05825337195791,-0.0164724887601403,1162,3316,112,43,255,78,94,4590,1013.9510927125816,31.25539390254254,42.638233632848575,8.152562739633183,DEFENSIVE,False,False
2022-04-29,54.565677071436426,95.09094893710278,10.241619503700479,67.07591120855025,48.95779470542222,24.803562134026258,56.96560731388768,63.25286209066739,0.04417620696889132,4339,224,31,69,37,317,12,4594,1058.7436060405862,41.88115324001657,68.99687628348286,31.87727801242209,TRANSITION,True,False
2022-05-05,48.84257944414023,77.30769230769229,14.354275741710298,55.565015417017484,44.775187099602775,23.65315053727145,64.61605584642234,55.33700406025347,0.01779001353417824,3417,1003,164,92,25,177,16,4584,1077.5786691212727,43.04689424820828,66.11590855249308,3.497223024575142,TRANSITION,False,False
2022-05-06,30.109684031280548,26.20008972633468,13.556376276341517,44.81361426256076,36.67151073317355,23.271536122356284,39.572018248968064,46.82524315871998,-0.01058252280426675,1168,3290,145,49,97,88,23,4603,1066.1751682819054,44.50598018228573,66.19957699037656,4.3772578022323465,DEFENSIVE,False,False
2022-05-09,47.5617400424031,80.0763701707098,16.673908320660438,55.555555555555536,33.4889929012797,22.838901438402214,58.255485552900275,54.834897358760514,0.016116324529201705,3565,887,151,88,50,155,6,4603,1083.3579932989128,42.171334505941296,61.194717401578906,-7.003937029033324,TRANSITION,False,False
2022-05-10,51.73350560982555,82.71800679501699,22.216192750162797,55.18358531317497,42.24664844714907,22.39619923790889,69.96961146082049,55.19298454234397,0.017309948474479902,3652,763,192,120,28,133,5,4607,1102.110864342333,43.134976561169736,62.998155564020465,2.890926165685322,TRANSITION,False,False
2022-05-11,44.153731723330914,47.81113912445565,25.13026487190621,49.73907326756268,54.961457890990886,22.15823999102191,66.93443334780721,51.210939203396386,0.004036464011321295,2086,2277,243,102,24,108,7,4606,1106.5594951827368,47.81632579185319,70.20183869672745,14.044047692050366,TRANSITION,False,False
2022-05-12,47.884223698598454,68.94112277498859,29.402823018458196,52.797202797202836,39.81828319769766,23.508571671713597,59.12052117263844,52.26292434978781,0.007543081165959361,3021,1361,223,77,35,85,22,4605,1114.9063632698633,47.9238203439183,66.49008956482038,0.32248365619535235,TRANSITION,False,False
2022-05-13,47.98140885844223,61.62575266327003,33.8142764157084,51.325966850828664,36.84258829493757,24.028230289525887,75.81904968539813,52.04208280251416,0.006806942675047202,2661,1657,291,140,21,113,25,4609,1122.4954669726865,46.67312142679052,59.4593381875714,-3.75209675138332,TRANSITION,False,False
2022-05-16,44.50959105068081,47.32348869404707,36.5263614666956,49.72779857094252,38.989843991974965,24.789387845539125,70.61184638750271,50.51353552176228,0.0017117850725409062,2051,2283,275,113,18,104,25,4609,1124.4169379570453,46.79174120257383,59.29678804410187,0.3558593273498971,TRANSITION,False,False
2022-05-17,43.28650931222072,42.299794661190965,37.26128472222222,48.79924936189,37.1469962369177,25.00226088708165,73.87152777777779,49.59975992342881,-0.0013341335885706288,1854,2529,225,130,20,70,36,4608,1122.916815552559,45.25916974044792,50.41634533950266,-4.597714386377731,TRANSITION,False,False
2022-05-18,50.91800179252297,61.28515892979648,42.568886960295075,51.66666666666675,40.18355955509162,25.414081953504997,81.67715339553048,51.92554399695075,0.006418479989835822,2680,1693,236,158,12,100,16,4609,1130.1242346634335,46.23803405180817,50.302814095011485,2.9365929340807426,TRANSITION,False,False
2022-05-19,51.584907648828214,59.847080630213156,45.55218051638099,51.133144475920744,39.4488361372484,25.74104659585881,87.53525710566284,51.95547851742387,0.006518261724746216,2583,1733,293,203,30,88,11,4609,1137.4906802064481,48.596472917857305,54.47734474040018,7.075316598147403,TRANSITION,False,False
2022-05-20,59.80079523978608,77.1441605839416,53.448275862068975,53.53200883002209,43.89309343359356,25.4937735882536,100.0,53.239144460383436,0.010797148201278105,3382,1002,227,274,17,88,21,4611,1149.7723356582098,54.10123489371242,66.09213338131705,16.51428592756536,RECOVERY,False,False
2022-05-23,60.4981430285915,75.82367643717338,57.973997833152765,54.3636363636363,43.85378496547556,25.261860005490245,100.0,53.77250305503595,0.012575010183453172,3337,1064,214,352,15,109,19,4615,1164.2307344877647,57.29461530573527,70.93830588377602,9.580141236068528,RECOVERY,False,False
2022-05-24,31.74080037678122,5.7391304347826075,37.98743500866551,31.841127370238652,54.37075288223823,24.760341689778322,54.33275563258232,37.34877992489732,-0.042170733583675575,264,4336,16,78,58,48,86,4616,1115.1342703537541,50.679912881719595,52.90232248529917,-19.844107272046994,DEFENSIVE,False,False
2022-05-25,58.545770311832044,85.8538751943149,48.894907908992415,56.99126092384521,37.87877250588366,25.06155159719521,77.95232936078007,55.42853642395951,0.018095121413198374,3866,637,112,151,22,110,28,4615,1135.3127603678238,50.26157123906825,55.80556068875694,-1.2550249279540395,RECOVERY,False,False
2022-05-26,54.45861209309372,58.99132816065723,51.07212475633528,51.29449838187705,40.800818403792604,36.32641264007026,95.05089885206843,50.88652869196074,0.002955095639869157,2585,1797,235,244,36,68,32,4617,1138.6677181558744,48.248394260569,50.194777929918224,-6.03953093549778,TRANSITION,False,False
2022-05-27,50.094573758493496,41.003700277520814,49.14465136422693,48.92617256190726,40.917429065482715,40.4639287498069,100.0,49.835705943574375,-0.0005476468547520761,1773,2551,294,264,27,87,31,4618,1138.0441303614186,54.36631872113975,61.9496345441643,18.353773381712276,TRANSITION,False,False
2022-05-30,57.61561318111038,65.13488797439415,51.93597231235129,52.193784277879374,41.225205830521986,43.011571279988615,100.0,52.61382161565052,0.008712738718835066,2849,1525,249,439,37,106,29,4623,1147.9596115197614,54.05626634423253,55.043305470857376,-0.9301571307216605,RECOVERY,False,False
2022-05-31,62.08142271876558,73.17294598275079,56.14054054054054,53.361344537815114,49.22401699726237,45.144639628213135,100.0,53.15619843773669,0.010520661459122291,3224,1182,219,564,36,109,40,4625,1160.0369059613063,56.59720321945648,59.77051141155522,7.62281062567186,RECOVERY,False,True
2022-06-01,59.6778156010086,60.723220377530126,58.34775086505191,51.64364017036655,50.57710042792654,48.94862382506824,100.0,51.98973722729783,0.00663245742432608,2670,1727,227,629,27,92,26,4624,1167.7308013507418,59.79161716696152,66.343684778225,9.5832418425151,RECOVERY,False,False
2022-06-02,61.035199487359314,63.98829619626378,60.55591607181484,52.659574468085154,49.936002420213704,48.971931720914476,100.0,52.80825037188246,0.009360834572941549,2843,1600,180,889,84,130,35,4623,1178.6617362079144,60.9314792690445,65.9614875188482,3.419586306248931,RECOVERY,False,True
2022-06-06,68.56369682348844,81.25839677563815,66.1084701815039,55.606614406008205,60.01097902983731,49.34317444455102,100.0,55.008942668923886,0.01669647556307963,3629,837,162,1259,37,106,27,4628,1198.3412330836468,63.09223730395212,68.65663778314399,6.482274104722862,RECOVERY,False,True
2022-06-07,53.37726646148406,32.828170269667936,64.65573062810275,46.73024523160767,52.47276642806915,49.41226634154865,100.0,48.34798770680269,-0.005506707643991019,1473,3014,146,331,28,64,30,4633,1191.7423182553155,60.99205425744393,59.35828774718991,-6.300549139524534,TRANSITION,False,False
2022-06-08,54.051632355271416,36.03257181633115,62.48650982085042,47.89947486871715,52.971855071628525,49.809196865071605,99.85970213684438,48.971960915501974,-0.003426796948326768,1593,2828,212,291,60,66,32,4633,1187.6584593159264,58.66419854674797,50.03971295387905,-6.983567132087899,TRANSITION,False,False
2022-06-09,38.08071767520814,15.120879120879122,49.233923176521365,41.106167346434304,45.88220108628305,48.59018118012774,43.52611135088477,43.87657483350459,-0.020411417221651355,688,3862,84,159,189,41,39,4634,1163.4166669860053,48.503205497321204,27.993873735626035,-30.4829791482803,DEFENSIVE,False,False
2022-06-10,65.71609605700779,86.2846830588766,57.88963138607458,54.82573726541551,45.40845770885066,47.932222904457355,100.0,54.772949569761266,0.015909831899204214,3825,608,206,309,52,113,22,4639,1181.926430586485,52.61614869582912,45.812711332028925,12.338829595523727,RECOVERY,False,False
2022-06-13,56.26035620665905,50.831460674157306,57.070489329596896,50.0,48.832263863072114,47.66369112696661,100.0,50.9436896008573,0.003145632002857651,2262,2188,189,378,112,82,14,4639,1185.644336191561,53.352389979624995,50.74567428463764,2.2087238513876315,RECOVERY,False,False
2022-06-14,54.0772983488088,43.27164724697281,55.71490187621306,48.978288633461055,49.973665592196724,47.79560173895214,100.0,49.88105708158197,-0.00039647639472676385,1894,2483,260,378,90,69,14,4637,1185.1742561997196,58.68458353749188,60.12926366000221,15.996580673600661,TRANSITION,False,False
2022-06-15,54.79365785387772,44.84583525080534,55.73275862068965,49.30363960192388,53.80378977240792,47.79455104317359,97.19827586206897,49.40500440728872,-0.0019833186423709273,1949,2397,294,242,23,57,27,4640,1182.8236780029406,55.043770803115194,46.31631439064512,-10.92243820313007,TRANSITION,False,False
2022-06-16,58.802983378338546,64.06955736224029,59.26724137931034,52.13917508222616,46.67855981050302,47.39388801311101,87.71551724137932,51.970900051159916,0.006569666837199735,2837,1591,212,223,48,77,26,4640,1190.5944354945711,55.891313193675025,50.729013286672775,2.5426271716794986,RECOVERY,False,False
2022-06-17,55.96541026773615,50.49187828872112,58.50582147477361,50.0,45.60080426380443,47.37481845767776,100.0,51.273478305254216,0.004244927684180708,2207,2164,267,293,51,83,13,4638,1195.6484227744338,56.52068383331747,53.13575696725555,1.8881119189273434,RECOVERY,False,False
2022-06-20,62.9016462031491,69.73327305605787,64.07495153995262,53.33680917622523,48.731971193060936,46.77183489668687,100.0,53.31674172165004,0.011055805738833472,3085,1339,219,512,30,109,16,4643,1208.8672794685704,59.22334661640793,61.4315695690064,8.10798834927138,RECOVERY,False,True
2022-06-21,51.90275207223558,36.64329337254016,62.59418729817008,47.75280898876404,47.46589857309429,46.873171367412226,88.32077502691065,48.41780991510978,-0.005273966949634071,1620,2801,224,255,77,61,28,4645,1202.4917533901591,56.92326951437361,52.28948157243968,-6.900231306102967,TRANSITION,False,False
2022-06-22,38.21771603464055,19.246031746031743,49.36422413793103,43.188262588073556,41.76317396695365,50.77139030717406,34.05172413793103,46.16672685563634,-0.012777577147878853,873,3663,104,135,209,78,12,4640,1187.1268222415283,51.00737143667508,41.87419939154322,-17.747694233095594,DEFENSIVE,False,False
2022-06-23,66.26862272555275,85.61263064265066,60.372283193458145,55.73289902280134,43.711948917466536,50.87687329501763,100.0,55.73187811313025,0.019106260377100854,3850,647,150,337,54,142,13,4647,1209.8083764079154,52.12969694414296,47.167318587074156,3.3669765224036468,RECOVERY,False,False
2022-06-24,62.221449206478816,66.28571428571428,64.97740477727567,52.31213872832372,47.31756307642136,50.514538448112,100.0,53.17261128144297,0.010575370938143255,2900,1475,272,519,19,121,7,4647,1222.602548752502,55.569262655557374,57.0481255581322,10.318697134243237,RECOVERY,False,True
2022-06-27,61.30899959513809,59.83758700696056,67.84869976359337,51.092469761997705,49.49507040580525,50.65598811818474,100.0,52.52266107380722,0.008408870246024063,2579,1731,343,482,17,122,10,4653,1232.88325494742,63.26635717572322,70.5786439784418,23.091283560497537,RECOVERY,False,True
2022-06-28,67.93304573461867,77.25551347738917,74.29615301955728,54.67836257309946,51.791503581225065,50.66460150394811,100.0,54.4599337563285,0.01486644585442834,3468,1021,164,768,20,150,5,4653,1251.211847101927,63.821164845411865,67.79293825668798,1.6644230090659278,RECOVERY,False,True
2022-06-29,44.98154063642319,15.683704674530363,64.18744625967325,41.31847619911277,53.2101967619784,49.157476562739234,69.56147893379192,43.438574440783135,-0.021871418530722882,718,3860,74,173,82,62,87,4652,1223.8460691233622,58.07452865539333,50.92560171962666,-17.239908570055626,TRANSITION,False,False
2022-06-30,60.35355635869896,61.31811830461109,66.548463356974,51.23583934088565,45.12135997613344,48.94519424168627,97.4962389856007,52.33221781739653,0.007774059391321784,2633,1661,359,295,74,100,28,4653,1233.3603211505629,57.75604757658028,51.419112152176844,-0.9554432364391303,RECOVERY,False,True
2022-07-01,51.20756379388533,40.92245082523174,65.08481855271634,48.51851851851854,39.67030765778908,49.39864962150996,73.19089542624006,49.45417891625947,-0.0018194036124684278,1810,2613,234,205,97,67,35,4657,1231.1163409267863,52.180886929669164,39.308091268124365,-16.725481940733346,TRANSITION,False,False
2022-07-04,58.87729794531859,55.32537716730466,67.52953813104189,50.909780136467035,42.25075891369025,49.69477183704832,100.0,51.92975972111217,0.006432532403707232,2457,1984,214,342,100,98,12,4655,1239.0355366825313,56.812806032634306,52.521982099049126,13.895757308895398,RECOVERY,False,False
2022-07-05,45.23613748137677,25.99955820631765,61.13377710972729,45.26842584167423,44.954559225373416,49.855965893352106,56.22718488297187,47.35459340324684,-0.008818021989177213,1177,3350,130,205,176,50,22,4657,1228.1096940746927,51.77366640686024,40.74912873295131,-15.117418877322187,TRANSITION,False,False
2022-07-06,37.47819985377285,27.216174183514774,52.93865293865294,45.45884172538241,39.5967942989494,49.57661997870555,0.0,47.40836637286473,-0.008638778757117589,1225,3276,161,117,375,61,18,4662,1217.50032613811,47.19721176015608,36.180369852378995,-13.729363940112478,DEFENSIVE,False,False
2022-07-07,51.64609927261055,56.00183612577462,54.90889603429796,50.75853350189634,35.29429016380826,50.936591191516165,60.71811361200429,51.80934008199127,0.006031133606637568,2440,1917,308,197,147,97,13,4665,1224.843233271174,44.78681220258673,36.40585617186898,-7.2311986727080395,TRANSITION,False,False
2022-07-08,52.92819429329882,54.92346355951565,57.59588600814227,50.64620355411957,36.53145347934371,50.87729213394785,69.9271480608528,50.421172545838,0.0014039084861266493,2404,1973,290,163,70,78,26,4667,1226.5628010805383,47.350831139894076,46.047157956268315,7.6920568119220505,TRANSITION,False,False
2022-07-11,37.475680183276474,30.14460511679644,50.65324480616835,45.7597173144876,36.58170695083578,50.840892330100004,0.0,47.47154140070369,-0.008428195330987697,1355,3140,174,162,399,58,26,4669,1216.225090207308,47.349991249728625,47.02330160069554,-0.0025196704963761363,DEFENSIVE,False,False
2022-07-12,32.420506918757745,20.9010989010989,40.45629820051414,42.56696962449171,36.24580843209212,50.2183461340689,0.0,45.20442462971466,-0.015985251234284487,951,3599,118,88,760,50,30,4668,1196.783426582904,40.94146046511102,35.323055859136964,-19.225592353852804,DEFENSIVE,False,False
2022-07-13,50.99880427196326,72.72522522522522,46.883701006639534,53.534004520238376,33.20505129453533,49.601500683700515,27.939601627757547,53.515783219343625,0.011719277397812101,3229,1211,229,155,258,102,9,4669,1210.8088635441331,40.29833045799917,41.25697641437349,-1.9293900213355641,TRANSITION,False,False
2022-07-14,48.656540113799664,55.78947368421052,49.44373127941806,51.06260956132189,37.3407745957014,50.03891936864156,39.51647411210955,52.087569304696245,0.006958564348987498,2491,1974,209,199,248,100,29,4674,1219.2343549354296,44.02528376817357,49.80526593684485,11.18085993052319,TRANSITION,False,False
2022-07-15,32.82100485312922,20.734105309154465,38.70588235294118,41.85888738127544,43.38826472902612,48.58576130037725,0.0,45.01306217338804,-0.016623126088706534,949,3628,98,147,1205,64,47,4675,1198.9668685216552,44.15878307963072,49.74960140619671,0.4004979343714723,DEFENSIVE,False,False
2022-07-18,64.19351977286257,86.271075104007,51.880341880341874,58.823529411764675,41.94630760927005,47.85436095142295,94.87179487179486,57.23182970630907,0.02410609902103024,3940,627,113,269,59,138,7,4680,1227.869282577173,48.5570215799305,54.26488469912397,13.194715500899314,RECOVERY,True,False
2022-07-19,60.725696816025454,70.65680340730778,59.216146945749685,53.11637729359244,41.00717046986823,47.72225733467366,96.77488252883383,53.000408483574326,0.010001361611914427,3152,1309,221,257,38,102,11,4682,1240.149647284389,52.580073814005765,59.22066127348972,12.06915670222579,RECOVERY,False,False
2022-07-20,60.93641569275601,67.76194852941177,64.05382315249894,51.928507482114924,39.50540604184407,48.30658589660597,100.0,52.78836623297671,0.009294554109922387,2949,1403,330,315,11,97,10,4682,1251.6762852854747,61.9518774272147,74.89660901357549,28.11541083962679,RECOVERY,False,False
2022-07-21,48.65486687137508,33.273056057866185,61.71507902605724,47.655417110874176,40.593292980061,48.95555778657242,74.1349850491243,48.94452508974272,-0.0035182497008576065,1472,2952,258,204,91,73,8,4682,1247.2725755691986,56.77232646005219,57.230602664861884,-15.538652901487495,TRANSITION,False,False
2022-07-22,46.8292352126015,39.85588831344292,58.85305425032037,48.42340645890219,38.98429902776274,49.48332743929594,45.72832123024349,49.24663188446023,-0.002511227051799229,1770,2671,241,173,193,59,9,4682,1244.1403909364622,52.14017259224422,46.96363096690692,-13.896461603423951,TRANSITION,False,False
2022-07-25,41.28165362603588,30.348369807949975,53.86752136752136,46.592827395396164,35.207480750122265,49.63115120320726,33.11965811965812,47.518594928596364,-0.008271350238012119,1359,3119,202,126,205,52,30,4680,1233.8496700177695,45.58858523667084,34.49243805975299,-19.654762066720124,TRANSITION,False,False
2022-07-26,59.11627576277009,75.65745111260958,60.189927443448575,53.06200581304496,34.82289186991611,50.35584933579417,72.83397353819889,53.24421112169016,0.010814037072300525,3366,1083,237,152,45,76,9,4686,1247.1925660909874,49.0757215338025,48.620569744667456,10.46140889139501,RECOVERY,False,False
2022-07-27,59.173990982544666,61.22033898305085,63.100064006827395,51.66666666666666,37.92636659403969,51.69452883190411,100.0,52.80971126240224,0.009365704208007454,2709,1716,262,312,49,111,4,4687,1258.8734027554215,53.19064012378356,55.74205330120344,12.344755769943163,RECOVERY,False,False
2022-07-28,61.42110964793134,62.979890310786104,66.48890784982935,51.56300895765473,45.47517956188197,52.02607416542914,100.0,52.40039611591055,0.008001320386368497,2756,1620,312,427,48,96,5,4688,1268.9460521767453,59.90379213108205,66.61922680214882,20.139456021895455,RECOVERY,False,True
2022-07-29,46.14474797579662,28.780812791472353,61.17747440273038,46.37411534380569,44.68694444330722,52.29916069826961,54.05290102389079,48.393695141989454,-0.005354349526701818,1296,3207,185,286,267,74,10,4688,1262.1516714828626,55.57994953542422,50.99368069510307,-12.971527786973468,TRANSITION,False,False
2022-08-01,56.637369478332154,54.85688528284878,61.71142369991475,50.69076161507722,42.62405064442187,52.83734606088427,87.08439897698209,51.82934149851018,0.006097804995033949,2434,2003,255,394,220,107,10,4692,1269.8480262497214,54.73440903402005,48.87252946170238,-2.536621504212512,RECOVERY,False,False
2022-08-02,31.001594200483712,8.181623473977295,38.49595227950575,32.89413821177145,63.1610657914629,49.21895326195358,0.0,38.5364389881545,-0.038211870039484994,382,4287,25,141,1408,53,49,4694,1221.3247585007705,44.59457055153751,30.606440516099443,-30.419515447447626,DEFENSIVE,False,False
2022-08-03,38.42034433027408,35.994677312042576,37.81136895890994,47.48344370860931,49.06550005080598,49.392500807893526,0.0,48.756191315595984,-0.0041460289480134,1623,2886,188,117,576,58,34,4697,1216.2611106971008,42.01976933636333,33.01106202295619,-7.724403645522543,DEFENSIVE,False,False
2022-08-04,56.335265372269646,79.4927853082641,44.26229508196721,55.22613065326638,38.075760090803094,48.671721857630686,60.43219076005961,54.078703108614825,0.013595677028716068,3636,938,123,121,72,91,11,4697,1232.7970039407262,41.91906796767583,41.22302869809463,-0.30210410606250804,RECOVERY,False,False
2022-08-05,60.02637507089362,73.55864811133202,49.96807151979566,53.95710828597395,40.48345461142406,47.87601240089403,100.0,53.78826128804749,0.01262753762682498,3330,1197,171,300,13,105,13,4698,1248.3641944942246,51.59399492447913,63.01537024387954,29.02478087040991,RECOVERY,False,False
2022-08-08,61.445085045465056,75.1742747919946,55.507123112906655,53.381642512077306,40.15508767572633,48.19453046926241,100.0,54.0025829957657,0.013341943319218999,3343,1104,256,355,13,127,8,4703,1265.019798818909,59.268908496209455,76.07523607053021,23.02474071519098,RECOVERY,False,False
2022-08-09,53.755439047541856,46.75767918088737,56.30975143403442,49.65841161400508,39.18112588822613,49.227852703223796,100.0,51.10706139712142,0.0036902046570714132,2055,2340,312,336,22,89,2,4707,1269.6879807717983,58.40896638796686,65.16353402807131,-2.57982632472779,TRANSITION,False,False
2022-08-10,54.174435648930086,48.597081930415264,55.971100722481935,50.0,38.90883435764208,49.41709948647135,100.0,51.05819839072887,0.003527327969096253,2165,2290,251,403,66,97,3,4706,1274.1665866983997,56.45831991397901,56.84301196776571,-5.851939421963536,TRANSITION,False,False
2022-08-11,65.4946571669175,77.94376098418277,64.62715105162525,54.944084755738665,48.01113259727302,49.415645787821774,100.0,53.96879057625665,0.0132293019208555,3548,1004,155,475,9,91,8,4707,1291.022921171299,57.8081772877965,57.76617403182845,4.049572121452449,RECOVERY,False,True
2022-08-12,54.02252486356595,41.47164716471647,63.874734607218684,48.70340356564018,44.71719944298657,50.878606184243935,93.52441613588111,48.525469352731186,-0.004915102157562716,1843,2601,266,237,32,59,15,4710,1284.677411625987,57.89720589313786,56.004163359771475,0.26708581602409254,TRANSITION,False,False
2022-08-15,55.1984679043232,49.05149051490515,63.704883227176225,50.0,41.19856013354877,52.121562425815156,87.36730360934182,51.31896013227292,0.004396533774243052,2172,2256,282,202,26,94,10,4710,1290.3255392552078,58.2385499782689,56.155632887934765,1.0240322553931165,RECOVERY,False,False
2022-08-16,60.518090912145354,60.528112906897334,67.1546785486951,51.29032258064514,42.84647189027821,52.23146482250747,100.0,52.22922645585509,0.007430754852850308,2659,1734,320,295,17,89,2,4713,1299.9136320177852,56.57969456001151,50.350416862172956,-4.976566254772152,RECOVERY,False,False
2022-08-17,58.82183399527966,53.09875141884223,68.38141705557912,50.31015207068585,43.54907430293093,52.545825781116775,100.0,50.74792390598164,0.0024930796866054553,2339,2066,309,315,25,79,9,4714,1303.15442028811,58.17946427058275,54.22611828021488,4.799309131713713,RECOVERY,False,False
2022-08-18,54.95895965920269,41.43014301430143,64.42654229383082,48.20627802690582,44.57297885449586,52.646270890951264,100.0,50.69199651111583,0.002306655037052767,1883,2662,172,338,56,110,7,4717,1306.160347995725,58.09962818887592,51.68566911334697,-0.23950824512051128,TRANSITION,False,False
2022-08-19,44.22742035819886,24.546660769570988,57.315265720940076,45.191256830601034,47.289262342980464,51.78971732361344,52.75248782553462,46.02807261332134,-0.013239757955595533,1110,3412,201,170,157,58,37,4723,1288.8671011370654,52.66940467089375,39.691851734238185,-16.29067055394649,TRANSITION,False,False
2022-08-22,57.84022940212618,61.836825679893,60.30687830687831,51.66964818127609,42.04994774362695,51.92102821682356,84.70899470899471,51.97411278919958,0.006580375963998595,2774,1712,239,230,66,80,18,4725,1297.3483312301764,52.34220313984258,42.60454315458844,-0.9816045931534845,RECOVERY,False,False
2022-08-23,56.002044396658754,50.75027995520717,59.974613920033846,50.0,40.46240302285283,51.97949475109579,99.92595726676538,51.19291937272297,0.003976397909076558,2266,2199,262,316,80,86,9,4727,1302.507104421824,52.68989805232794,45.71125546822369,1.0430847374560628,RECOVERY,False,False
2022-08-24,30.602529704828573,8.182012390514847,41.0427241962775,38.063536797632615,50.83978694714262,49.68030661093994,0.0,40.89905090268168,-0.03033649699106108,383,4298,47,84,663,37,74,4728,1262.9936015676956,48.14826783453785,40.25637267520498,-13.62489065337029,DEFENSIVE,False,False
2022-08-25,39.610137599346494,43.117854001759014,39.70183971241277,48.481973434535064,41.7248724159202,49.26032400117924,0.0,48.66493757475955,-0.004450208084134844,1961,2587,181,162,681,65,44,4729,1257.3730172317883,42.07157056694462,34.016715449160316,-18.230091802779683,DEFENSIVE,False,False
2022-08-26,36.99552961630515,36.654093632127804,38.324175824175825,47.733368164402634,37.92349693922691,49.0006671295959,0.0,48.37149129868021,-0.005428362337732617,1652,2855,225,123,393,47,35,4732,1250.547540900566,35.736065640160085,29.317986674800526,-19.006514780353605,DEFENSIVE,False,False
2022-08-29,49.76860121855171,64.52830188679245,42.9054054054054,52.29446345529527,37.03022851637203,48.811434489342886,41.554054054054056,52.40384031365466,0.008012801045515515,2907,1598,231,183,223,77,12,4736,1260.567929543761,42.12475614473446,48.10008317355973,19.166071513723136,TRANSITION,False,False
2022-08-30,46.8214246314373,45.86566171580581,42.23300970873787,49.28925260541046,37.995824894665866,52.911707372083704,60.76403545799916,48.961427054370844,-0.003461909818763858,2069,2442,227,191,140,44,25,4738,1256.2039570512547,44.528518488764725,49.01601907824199,7.211287032090809,TRANSITION,False,False
2022-08-31,29.086312924582526,13.880532874946283,28.328761342055287,39.450549450549445,45.023590190185,51.782110901622566,0.0,42.021908023249416,-0.026593639922501952,646,4008,85,107,1028,33,94,4739,1222.7969213482115,41.89211292485719,41.424832159181484,-7.909216691722623,DEFENSIVE,False,False
2022-09-01,34.72389983518336,36.535889433794026,26.67088340712629,48.13953488372089,35.70518442268056,52.37443314988837,0.0,48.8319916872109,-0.0038933610426303295,1639,2847,257,103,925,50,22,4743,1218.036131451586,36.8772124637344,32.094028008182015,-15.044701383368349,DEFENSIVE,False,False
2022-09-02,50.312687962561384,76.33840052875082,32.364096080910244,54.544263180467965,33.909574307556355,52.83023009339989,35.040033712600085,54.00333220775967,0.013344440692532246,3465,1074,207,80,151,79,10,4746,1234.290142369103,38.04096690744243,42.25160761249702,3.491263331124081,TRANSITION,False,False
2022-09-05,45.3684820119664,53.34063526834611,35.213639233845505,50.675675675675706,35.575000350929464,53.54539903351147,41.58071984845296,50.80764111847099,0.0026921370615699634,2435,2130,186,175,215,64,12,4751,1237.6130206061052,43.468356603237055,55.40497507696363,16.282169087383874,TRANSITION,False,False
2022-09-06,57.735543026462864,77.45032373297612,40.517785729320146,53.40760157273925,37.46618512676386,53.02566304742786,86.41338665544096,53.88863944284933,0.012962131476164438,3469,1010,272,212,39,74,2,4751,1253.6551232958147,51.13890433366356,69.04311984335764,23.011643191279504,RECOVERY,False,False
2022-09-07,48.2565932531456,49.32327490570224,41.10713533992843,50.0,38.4790484774065,53.335102723644034,65.36518627657335,51.24922574203279,0.004164085806775955,2223,2284,244,141,68,72,9,4751,1258.8754508013228,50.45353943052496,60.03807796900813,-2.056094709415781,TRANSITION,False,False
2022-09-08,34.79983659861389,23.36551118911803,37.005471380471384,45.448079658605955,35.22361767661817,53.839093972477656,17.171717171717177,47.110576210740106,-0.009631412630866318,1065,3493,194,117,273,42,7,4752,1246.7507018837875,46.93065762607413,50.046369942598766,-10.568645413352513,DEFENSIVE,False,False
2022-09-09,45.369515327471824,50.412118511918024,37.570977917981075,50.0,33.02632163513013,54.111821960439165,48.948475289169295,49.846242913314676,-0.0005125236222844183,2263,2226,266,163,168,36,10,4755,1246.1117126979723,42.808648393077114,41.033634868912735,-12.36602769899104,TRANSITION,False,False
2022-09-13,48.673735095969995,54.57413249211357,38.611052742172724,50.54495912806543,35.087309768991,54.0497154720451,65.12922882958605,50.90513319570951,0.0030171106523650152,2422,2016,321,146,74,52,17,4759,1249.8713696203902,42.947695674018576,42.78392073104985,0.4171418428243925,TRANSITION,False,False
2022-09-14,32.68953893196257,23.604395604395606,33.9844570468389,46.18138424821004,35.01080365344652,54.25631132249589,0.0,47.74178607995643,-0.007527379733478583,1074,3476,211,105,436,37,8,4761,1240.4631132032546,42.24426311846813,42.8635488694757,-2.110297666651313,DEFENSIVE,False,False
2022-09-15,28.815534102606836,13.15508021390374,25.189155107187894,40.65618985257058,45.95108857759263,53.560571736864524,0.0,42.835681789647815,-0.023881060701173944,615,4060,83,67,1598,28,69,4758,1210.8395382992805,36.726269376846474,30.44453610347094,-16.553981224864987,DEFENSIVE,False,False
2022-09-16,26.12474841665365,13.536559369004475,16.649159663865547,39.82102828678173,39.826434773541585,52.98798174040611,0.0,43.29718017080617,-0.022342732763979436,635,4056,69,40,2233,37,33,4760,1183.7860740749995,29.209940483741025,16.76534506243458,-22.548986679316346,DEFENSIVE,False,False
2022-09-19,28.369259937147227,23.515387949718246,14.464285714285715,44.3123997772056,35.614696466129516,52.99015758693001,0.0,46.189512233345134,-0.012701625888849547,1085,3529,146,32,2431,36,36,4760,1168.7500662296688,27.769847485469246,16.735675844208792,-4.320278994815347,DEFENSIVE,False,False
2022-09-20,48.075970349487804,80.50754758258587,17.624842635333614,54.89689625850338,31.565287231594365,52.627282364518926,34.68317247167436,54.47483839281261,0.01491612797604201,3680,891,195,50,123,74,4,4766,1186.183291789558,34.18999290109624,39.18649830043617,19.260436246880968,TRANSITION,False,False
2022-09-21,42.68767113382792,62.691199290622926,19.595302998532187,51.68831168831165,32.516587026849805,52.51208039163808,26.51499266093521,51.24737197868426,0.00415790659561416,2828,1683,258,94,206,52,8,4769,1191.1153311220971,39.71096714015432,55.571378274308984,16.56292271717427,TRANSITION,False,False
2022-09-22,32.8233583172289,32.60678115367679,19.084049465520856,47.39978331527625,32.444301930103805,54.97899622978186,9.337665059735906,48.93148439893504,-0.003561718670216548,1481,3061,229,38,232,44,4,4771,1186.8729134088585,41.195666600181546,58.6018426756285,4.454098380081675,DEFENSIVE,False,False
2022-09-23,25.31248244185035,11.382636655948552,14.833438089252043,41.16883116883119,37.77980125651604,54.75368069602688,0.0,43.649454532160625,-0.02116848489279792,531,4134,108,26,1313,20,28,4773,1161.748612071692,33.60783729763573,35.560205700082726,-22.763487907637455,DEFENSIVE,False,False
2022-09-26,26.50005236832102,18.86993603411514,11.486910994764399,40.990990990990994,37.93422237627034,54.13330518914719,0.0,44.66147273670875,-0.017795090877637493,885,3805,85,22,2351,46,18,4775,1141.075189942907,28.211964375800097,20.953117947913466,-16.1876187655069,DEFENSIVE,False,False
2022-09-27,53.41075472794788,90.05972696245735,15.81589958158996,58.816531133893115,37.2588305426396,52.16849502500107,52.51046025104602,57.06886583861879,0.023562886128729275,4222,466,92,74,62,95,4,4780,1167.9622147078499,35.074429846039756,40.10409988417365,20.58739641071898,TRANSITION,False,False
2022-09-28,23.180072682634204,8.569614896318239,11.7997491638796,39.26902025831471,36.979344799040916,51.34389764286772,0.0,42.121492057772116,-0.026261693140759615,405,4321,58,41,1411,36,34,4784,1137.2895494251902,34.363626592967705,39.166425964296884,-2.132409759216145,RISK_OFF,False,False
2022-09-29,31.20183069533795,33.946561541830924,11.494252873563218,47.278911564625844,37.38736637416776,52.92926608443685,0.0,48.46942871809696,-0.005101904273010142,1550,3016,219,33,1650,31,32,4785,1131.4872070133279,35.930886035306685,44.19196780020214,4.701778327016932,DEFENSIVE,False,False
2022-09-30,27.743310955970724,25.841213987244338,9.682473365364528,45.68567026194144,32.758296542514906,52.763904378482394,0.0,46.07054655140089,-0.013098178161997041,1175,3372,240,25,1796,34,39,4787,1116.6667859878469,27.37507144464763,22.78579680846447,-25.667443771977158,DEFENSIVE,False,False
2022-10-10,25.371336670691303,16.969826663813397,8.59945731580046,42.65536723163841,36.445052211258535,53.18261585273281,0.0,44.51328079740084,-0.018289064008663862,793,3880,118,37,2689,34,75,4791,1096.2439956625662,28.105492774,25.585867397629524,2.1912639880570985,DEFENSIVE,False,False
2022-10-11,38.35396101044006,63.568773234200734,9.359348914858098,52.15291500698358,32.417464696139895,53.17338880557539,0.0,51.740041657843975,0.005800138859479892,2907,1666,219,38,680,60,16,4792,1102.6023630612801,30.48953621236737,35.45993796175279,7.152130315102109,DEFENSIVE,False,False
2022-10-12,55.3444036042429,92.914551607445,13.746349603671257,59.922181335585464,42.4212466073692,51.16563319541845,59.80392156862745,58.360522275992224,0.02786840758664072,4393,335,66,92,45,127,3,4794,1133.3301351210653,39.689900428458095,57.817717168486354,27.601092648272175,RECOVERY,True,False
2022-10-13,50.16612952355746,67.89496910856134,18.70698644421272,52.87081339712918,45.737814128703704,50.49132577814408,69.60375391032325,53.00375719705841,0.010012523990194717,3077,1455,263,115,21,85,7,4795,1144.6776302877754,47.954831379413484,74.792764650069,24.794792852866156,TRANSITION,False,False
2022-10-14,62.4857365812423,92.8023850085179,30.958333333333332,56.979484775608704,49.962236739081334,48.946018578692616,93.125,56.902271547467805,0.023007571824892697,4358,338,104,213,6,153,6,4800,1171.0138830829694,55.99875656968089,84.53730190817471,24.13177557080224,RECOVERY,False,False
2022-10-17,61.84738499293358,81.55737704918033,41.36098374322634,54.914124455107995,49.569693839785764,47.74033217229371,100.0,54.784760410595865,0.015949201368652903,3781,855,162,309,15,125,2,4798,1189.690619309748,58.16641703257778,80.75157705541983,6.502981388690678,RECOVERY,False,False
2022-10-18,52.19249354012342,45.75737114562233,44.362234264276786,49.54159864272225,47.50113532113702,47.66875513987697,100.0,51.148365845917965,0.0038278861530598777,2033,2410,355,287,13,96,4,4798,1194.2446195578289,58.84187170476644,73.37237773444015,2.0263640165659638,TRANSITION,False,False
2022-10-19,40.70608253827142,20.978566789348346,41.19300437226734,46.02060756795168,43.76451019518879,47.56311741087648,66.23985009369144,47.49551103105997,-0.008348296563133444,969,3650,184,126,48,56,8,4803,1184.2747113048338,51.58198702377615,49.431104994716975,-21.779654042970883,TRANSITION,False,False
2022-10-20,45.05411921914156,38.15994653597683,40.888287913459536,48.62660944206007,48.72027404476176,48.976726323855445,53.74453921364677,49.24631851363886,-0.002512271621203793,1713,2776,318,107,89,68,21,4807,1181.2994915559132,45.98423176584547,34.96529482364914,-16.793265773792015,TRANSITION,False,False
2022-10-21,48.221249086576904,47.13031735313977,41.81572379367721,49.849973224563705,42.31293289086949,50.27551152895072,67.0549084858569,50.36094141521548,0.0012031380507182637,2094,2349,365,176,94,66,16,4808,1182.7207579234982,44.6604836146633,35.42294355948829,-3.971244453546518,TRANSITION,False,False
2022-10-24,35.63347040456716,20.51665243381725,34.44259567387687,43.70476073592251,56.12215906670783,50.15734624144085,13.186356073211314,46.14759918955418,-0.012841336034819406,961,3723,124,149,326,51,29,4808,1167.5330432356463,42.96961290342855,35.26897210764459,-5.072612133704254,DEFENSIVE,False,False
2022-10-25,38.46541143017381,39.06794425087108,32.535885167464116,47.93814432989687,49.7129184547842,50.23477914819892,0.6969003536509311,49.00841932152137,-0.0033052689282620866,1794,2798,215,121,358,70,47,4807,1163.6740325451203,40.77337697377263,35.571638012609334,-6.588707788967753,DEFENSIVE,False,False
2022-10-26,64.61580390758527,83.8785546290357,44.20757071547421,57.18758561308754,57.0370980022558,48.589885855609246,100.0,56.23919958738149,0.02079733195793831,3923,754,131,337,89,121,11,4808,1187.8753476907937,46.23822858077542,47.82105043790798,16.39455482100837,RECOVERY,False,False
2022-10-27,52.0206865892477,46.482577251808024,44.930396841886555,49.3911719939117,53.642338017019256,48.0666178505775,86.98317057968003,49.0791512650597,-0.003069495783134323,2121,2442,250,283,105,56,40,4813,1184.2291693201676,51.70063397566893,56.47635871057157,16.38721618468054,TRANSITION,False,False
2022-10-28,27.88058617906749,7.673008572025925,26.951827242524917,34.874591872387064,58.56718605804545,45.878923426559716,0.0,39.356191106703484,-0.035479362977655034,367,4416,33,62,878,30,106,4816,1142.2134727731304,48.17235889196683,46.01138015095652,-10.58482525110632,DEFENSIVE,False,False
2022-10-31,46.745346655605594,68.00171342899979,33.035714285714285,54.51449071635173,51.44299298512456,45.74225171992503,0.0,53.39855427997697,0.011328514266589892,3175,1494,147,210,547,114,46,4816,1155.153054394932,42.2155398079736,40.719099750944544,-17.87045725197968,TRANSITION,False,False
2022-11-01,66.18432052281844,90.34700315457414,45.424361900809295,59.09090909090908,55.16535313052039,44.96932276694451,100.0,57.5465148820834,0.02515504960694467,4296,459,64,311,32,132,4,4819,1184.21098678185,46.93675111916385,55.34057505186659,14.163633933570736,RECOVERY,False,False
2022-11-02,63.72629188359898,77.59116022099448,51.400124455507154,53.53786622443337,57.6892864642281,46.58730607847086,100.0,54.11346852205264,0.013711561740175465,3511,1014,296,494,4,114,3,4821,1200.4483688405035,58.885319687341,78.64662560152277,35.8457057045315,RECOVERY,False,False
2022-11-03,56.19865614174419,54.6218487394958,52.892990460389875,50.58141039556298,47.505224762955756,46.81438217677588,100.0,51.40324746673722,0.004677491555790752,2470,2052,300,376,4,63,10,4822,1206.0634559489176,62.036422849387215,74.18667070502144,9.453309486138593,RECOVERY,False,False
2022-11-04,68.11545502401397,86.45855758880516,60.7483416252073,55.329388560157746,57.299208919481316,47.00199460730855,100.0,55.13316438188994,0.017110547939633135,4016,629,179,618,2,96,1,4824,1226.6998625301712,62.680134349785725,72.89052218309844,1.9311345011955297,RECOVERY,False,True
2022-11-07,62.28232953859821,64.04913358192586,64.49740932642487,51.97856553998346,54.00675095250842,48.69820935860747,100.0,52.058917361944964,0.006863057873149886,2920,1639,266,591,2,79,4,4825,1235.1187746797007,62.198813568118794,68.37651330340891,-1.4439623450007701,RECOVERY,False,True
2022-11-08,53.738168817950736,40.25800711743772,63.1578947368421,48.90958632648008,42.29074298330265,48.75322810649332,100.0,49.73431768212307,-0.000885607726256434,1810,2686,330,302,2,45,3,4826,1234.0249439499999,61.3786511268543,63.58856609605622,-2.4604873237934513,TRANSITION,False,False
2022-11-09,53.70318210939189,42.070979335130275,62.588064649813504,49.182630426817255,38.51686249504673,50.0760053984132,100.0,50.10599735051411,0.0003533245017136872,1873,2579,374,329,6,54,4,4826,1234.4609551984233,56.57456015531361,48.792706678164585,-14.41227291462208,TRANSITION,False,False
2022-11-10,51.80451243503437,36.5296803652968,58.28849337748344,47.762233384974095,42.958251825790015,49.768724625650506,100.0,48.58896848067628,-0.004703438397745738,1680,2919,233,292,25,69,8,4832,1228.6547441412251,53.08195445412567,39.6195556059549,-10.477817103563844,TRANSITION,False,False
2022-11-11,61.378014101808795,59.177841283798635,62.15349606950765,51.16066574398239,59.32997449605758,50.15013500635093,100.0,51.28490060633043,0.004283002021101434,2692,1857,285,330,20,67,8,4834,1233.917074893618,55.62856954874502,45.92616699474187,7.639845283858058,RECOVERY,False,True
2022-11-14,53.31754013235186,41.361256544502616,59.42283822920976,48.654654169360036,48.43653975630382,50.325009094284944,90.1323955316508,49.664775978822085,-0.0011174134039263815,1896,2688,250,260,66,81,9,4834,1232.5382794147984,55.50002222306501,45.68959273119932,-0.3856419770400308,TRANSITION,False,False
2022-11-15,69.79246625411122,87.72678762006403,71.30740587505171,55.8196938196938,49.88734955280623,49.485738290316284,100.0,55.89315678356471,0.019643855945215716,4110,575,149,432,5,128,4,4834,1256.7500838225867,61.49600682942397,62.755295149455065,17.98795381907685,RECOVERY,False,True
2022-11-16,55.795382693406594,40.49442135200175,70.80488309538589,48.61111111111116,45.12850142898573,49.82368169992471,100.0,49.34981370643936,-0.002167287645202113,1851,2720,262,377,18,47,10,4833,1254.0263448928113,59.63512969328989,56.52748850552277,-5.5826314084022,RECOVERY,False,False
2022-11-17,60.30242582533166,57.96654929577465,71.45368072787429,51.02564102564102,42.17855995184816,49.665958367062466,100.0,51.45652744967026,0.004855091498900895,2634,1910,292,499,34,79,0,4836,1260.1147575392981,61.96342492428317,62.06258608928011,6.984885692979802,RECOVERY,False,False
2022-11-18,50.74560951652496,26.590467974983824,66.3564929693962,45.97292530407495,45.617432120125514,49.593808721971534,97.35318444995865,47.86881996153344,-0.007103933461555184,1233,3404,199,262,33,58,8,4836,1251.1629861478152,55.61447267842107,41.683812874253384,-19.04685673758626,TRANSITION,False,False
2022-11-21,57.53581924085863,53.24084110123564,67.1345995045417,50.52288385826773,40.286652711452675,50.14551449249565,96.03633360858794,51.1814753814993,0.0039382512716643414,2456,2157,231,244,21,75,7,4844,1256.0903803690712,56.19461819423842,45.93261945733135,1.7404365474520347,RECOVERY,False,False
2022-11-22,45.03412887054937,23.393810032017075,59.44272445820433,44.84978540772535,42.458304303911866,50.252266194053576,68.57585139318886,46.362125108688005,-0.012126249637706652,1096,3589,160,162,72,49,26,4845,1240.8587148491938,51.10518587597766,34.408373036078814,-15.268296954782294,TRANSITION,False,False
2022-11-23,45.39352107518228,34.74320241691843,52.1860177356156,47.17948717948719,40.45931793108825,50.97015483421645,56.186842647968646,48.17992818049452,-0.006066906065018274,1610,3024,215,148,118,54,36,4849,1233.3305415862446,49.321156395530096,37.12595118339035,-5.35208844134268,TRANSITION,False,False
2022-11-24,51.976397874406445,55.078557202921,54.76288659793814,50.57720177908078,34.02521456990656,51.32951158341121,68.76288659793815,51.09157967211054,0.0036385989070351335,2489,2030,331,115,24,55,5,4850,1237.8181367468733,47.46801594004603,37.73852321728547,-5.5594213664521845,TRANSITION,False,False
2022-11-25,41.63281208242442,30.47311827956989,47.361368789940215,45.94790159189577,33.88316390011022,55.48450423413871,46.49556792413935,47.39183429830412,-0.0086938856723196,1417,3233,201,174,191,34,12,4851,1227.0566873828723,46.334243677337724,40.09829263313642,-3.4013167881249444,TRANSITION,False,False
2022-11-28,36.78498254302326,30.346320346320343,42.130201895344044,47.0140217178487,36.3638081823494,57.15679453396587,1.174289245982696,48.65158428699589,-0.004494719043347023,1402,3218,234,139,376,46,8,4854,1221.5414123228263,43.46473083328471,38.63266527627038,-8.608538532159017,DEFENSIVE,False,False
2022-11-29,65.93428299453733,85.27361081766321,55.538398188182,56.58554044380813,43.01859713874762,57.93720776416189,100.0,55.477184773711706,0.018257282579039042,4036,697,124,395,56,120,1,4857,1243.8434390696025,48.11735920666168,48.697683147851116,13.957885120130882,RECOVERY,False,False
2022-11-30,50.51395762142222,38.88275557518216,54.148651430924446,48.67109634551498,40.5882874876629,58.381742428761505,82.53036854025117,49.668395391276825,-0.0011053486957439203,1761,2768,328,244,86,54,5,4857,1242.468558346517,51.07774105299427,51.50089557972188,8.8811455389978,TRANSITION,False,False
2022-12-01,61.39528564649432,67.54098360655738,58.87013788845441,52.222222222222214,46.63931853615384,58.10189872295789,94.65939493722988,52.61303374777819,0.008710112492593975,3090,1485,284,229,12,72,7,4859,1253.2905992582264,59.28117542081796,63.899116666467556,24.61030310347106,RECOVERY,False,True
2022-12-02,60.55399805407345,62.39895127812978,63.827160493827165,51.57998751820267,41.066441995984206,58.61535536336253,98.35390946502058,51.89874451618469,0.006329148387282323,2856,1721,283,256,21,71,12,4860,1261.2228614333176,57.48774710733,56.27423015328974,-5.3802849404638735,RECOVERY,False,False
2022-12-05,64.90085351613078,69.1893057352307,68.67668244494752,52.68907563025209,49.88550705745451,58.71447138603254,100.0,52.21112103148736,0.0073704034382912,3209,1429,221,578,95,67,6,4859,1270.518582747677,62.283379072232854,66.37641353997259,14.386895894708559,RECOVERY,False,True
2022-12-06,51.92039829327025,33.873056994818654,65.66872427983539,47.52743001358364,44.704225447043804,58.34927086095484,82.09876543209876,48.77674480398079,-0.004077517320064034,1569,3063,228,267,111,36,17,4860,1265.3380212210602,59.12508328782483,55.153771336059684,-9.47488735322407,TRANSITION,False,False
2022-12-07,52.91968491671084,41.11498257839721,64.49290269491874,48.86363636363633,41.2976280131193,58.28051801314427,78.80065830076116,50.20102890447781,0.0006700963482593534,1888,2704,269,213,73,59,5,4861,1266.1859196083942,56.5803122420373,48.0591151028155,-7.634313137362611,TRANSITION,False,False
2022-12-08,47.835472461919764,34.054521852012115,60.03495784495168,47.81567350067064,38.64766467148998,58.68679054815471,60.28171910343409,48.96997477886841,-0.0034334174037719497,1574,3048,241,223,173,54,12,4863,1261.8385748355997,50.891851890633625,36.34752047507596,-17.065381054211016,TRANSITION,False,False
2022-12-09,47.83134848207978,39.743310854905374,57.99588900308324,48.4055804683607,43.48359190927562,58.9711856324912,41.36690647482014,49.583158007204126,-0.0013894733093195817,1827,2770,268,210,252,51,7,4865,1260.085283815196,49.52883528690347,38.30427176177154,-4.0890498111904705,TRANSITION,False,False
2022-12-12,45.606503846811904,41.28674904132936,52.90435139573071,48.02712400413554,42.75173389415453,58.93238097424939,27.21674876847291,49.44409296635355,-0.0018530234454881705,1938,2756,178,141,252,63,7,4872,1257.7503162409719,47.091108263603815,38.36152724941559,-7.313181069898938,TRANSITION,False,False
2022-12-13,41.61856246106902,40.32639038007301,51.12820512820513,48.245614035087755,37.352391475767625,60.28428078149973,0.0,48.863898712629236,-0.0037870042912358805,1878,2779,218,170,440,65,7,4875,1252.987210396064,45.01880492998691,40.452150092102556,-6.216910000850746,TRANSITION,False,False
2022-12-14,40.697913171202934,39.38072394243349,48.57435897435898,48.620689655172455,35.864780571808275,60.05565757298823,0.0,49.189481987536716,-0.0027017267082109575,1806,2780,289,168,420,56,28,4875,1249.6019813846901,42.640993159694624,40.33128778794526,-7.133435310876848,TRANSITION,False,False
2022-12-15,50.93939759224985,57.78981581798484,51.01496821816691,51.11111111111111,34.635024216147336,59.97361748336761,48.76973549313102,51.05388794763259,0.0035129598254419712,2667,1948,262,86,92,42,7,4877,1253.9917829430874,44.41862440817394,45.83231004683042,5.332893745437943,TRANSITION,False,False
2022-12-16,36.06840272964706,26.62709349162603,43.77304383449406,44.73972444803136,37.37490437755026,60.06855595687739,0.0,46.65941340633525,-0.011135288645549173,1256,3461,165,77,863,49,10,4882,1240.028222480869,42.568571164366624,41.26587775068142,-5.550159731421957,DEFENSIVE,False,False
2022-12-19,28.55628402921471,10.51100955546323,29.608766898811968,40.64240107718366,38.896686020572716,59.095211908438294,0.0,43.32788010158444,-0.022240399661385208,506,4308,68,38,1895,30,35,4882,1212.4494992214975,38.52136145037054,31.64263962169134,-12.141629141988226,DEFENSIVE,False,False
2022-12-20,36.718470592511345,44.94431098493121,25.983203605079886,49.32939720686769,29.95562608528639,59.57759216409567,0.0,48.70478830059762,-0.004317372331341248,2058,2521,303,30,692,25,37,4882,1207.2149033004102,33.781052450457715,27.360804677340127,-14.220926999738502,DEFENSIVE,False,False
2022-12-21,31.145657066471777,26.440968502249838,24.272540983606554,46.319298914078864,28.835588949855488,60.21888924789056,0.0,47.71569279617591,-0.007614357346080314,1234,3433,213,25,1293,29,9,4880,1198.022737633167,32.14013722939928,27.298763014214728,-4.922745663175284,DEFENSIVE,False,False
2022-12-22,27.97401071195718,16.656138134344072,20.085907138474123,43.51032448377579,33.19429463386246,60.036688068991886,0.0,45.66866152262832,-0.014437794924572282,791,3958,140,36,2400,36,15,4889,1180.7259310322447,31.94604612364677,29.347139207175008,-0.5822733172575276,DEFENSIVE,False,False
2022-12-23,34.34654124122425,41.81062759676361,18.465154302064175,49.01599015990152,29.068450331327682,60.36618428106786,0.0,49.03137959658703,-0.003228734678043216,1912,2661,320,35,1338,49,20,4893,1176.913680273456,31.155403006551072,28.30257807778581,-2.3719293512870934,DEFENSIVE,False,False
2022-12-26,47.41207181106903,76.83964270523181,21.87946884576098,55.21872601688411,31.03471475167947,58.565296070720365,22.829417773238,54.97559731857011,0.01658532439523372,3613,1089,193,28,161,98,5,4895,1196.4331754459797,36.57754125475016,45.10213614544647,16.266414744597256,TRANSITION,False,False
2022-12-27,44.28468407399861,62.55737704918033,25.5,51.424512987013,32.645919553286404,59.68298538197357,23.877551020408163,51.57442580840892,0.0052480860280297225,2862,1713,325,54,182,54,16,4900,1202.712159677509,42.01443237543064,60.40254911705855,16.31067336204143,TRANSITION,False,False
2022-12-28,29.025664571279147,19.27634363097757,21.908163265306122,44.598170544188,32.27197491037123,59.59627478239867,0.0,46.69593428099553,-0.011013552396681553,911,3815,174,56,457,41,3,4900,1189.4660262887746,40.24080681878227,52.891121128463205,-5.320876669945104,DEFENSIVE,False,False
2022-12-29,32.41685518131802,31.686798964624675,20.929284695333198,47.54098360655736,31.382910830971582,60.2548821169413,0.0,48.904522475434845,-0.003651591748550528,1469,3167,271,48,716,45,7,4907,1185.1225819619972,35.24240127553193,37.840173214927496,-14.995216629751013,DEFENSIVE,False,False
2022-12-30,45.35469385456772,68.6074299369976,24.337815810920947,52.08579526475319,31.558361124881724,60.23444493659766,21.67889160554197,51.94632190949865,0.0064877396983288455,3158,1445,305,71,210,48,3,4908,1192.8113487843782,35.5990712023883,39.85685751086658,1.0700097805691087,TRANSITION,False,False
2023-01-03,60.76085898733784,86.03048653163499,35.523906408952186,58.203125,47.900293290029204,58.49933942979503,75.4323499491353,56.79548782482491,0.02265162608274969,4120,669,126,157,32,137,2,4915,1219.8304654443023,46.17746934107453,62.10823847775239,31.735194416058693,RECOVERY,False,False
2023-01-04,53.82914059896818,59.645669291338585,41.448037421191785,51.0062893081761,45.95359550523028,58.37080920005675,76.84563758389262,51.24976782978572,0.0041658927659523875,2727,1845,345,180,48,54,9,4917,1224.912148355985,53.31489781362458,71.42786191999036,21.41228541765016,TRANSITION,False,False
2023-01-05,56.632586431589424,63.86554621848739,46.72564571893431,51.29032258064514,46.369933490430085,58.037065267111785,82.7435428106569,51.87943029485126,0.006264767649504188,2888,1634,395,176,15,51,11,4917,1232.5859383564903,57.074195339298484,69.8472340138203,11.277892577021703,RECOVERY,False,False
2023-01-06,48.720769325562955,38.421282163105104,46.86737184703011,48.68895430032445,46.99832316746488,58.17052690135354,70.95199349064279,49.532615120252466,-0.001557949599158444,1762,2824,330,183,80,42,12,4916,1230.6656315878995,53.060832118706855,53.97749922431033,-12.040089661774886,TRANSITION,False,False
2023-01-09,57.694418838286886,63.16376617581436,52.14692714692715,51.15816157045532,45.97166664894212,58.13684687654879,85.002035002035,51.81458888359744,0.006048629611991443,2831,1651,432,206,34,57,4,4914,1238.1094721695822,54.34925819847976,55.15019818580225,3.8652782393187053,RECOVERY,False,False
2023-01-10,47.13961175378693,36.179387667097885,50.345668971126464,48.330961806011686,41.99438702077161,58.73149113889529,61.18340788938593,49.70677631883088,-0.0009774122705637264,1678,2960,280,181,126,46,2,4918,1236.8993287791825,51.18493330587893,45.92147866867242,-9.492974677802493,TRANSITION,False,False
2023-01-11,37.981409158028704,20.504664970313826,43.77795851972346,45.852799194350254,43.66636786114441,59.00145620142221,23.973159821065476,47.486291018651784,-0.008379029937827392,967,3749,202,128,256,34,3,4918,1226.5353122732631,47.605146583367514,39.94927293774199,-10.739360167534251,DEFENSIVE,False,False
2023-01-12,43.46081350990505,47.27353661250835,44.99593165174939,50.0,39.283631704002886,59.15391987363119,8.299430431244915,50.10726480680088,0.0003575493560029367,2124,2369,423,117,322,38,9,4916,1226.973859184281,42.86061147390691,34.65252974997332,-14.233605328381834,TRANSITION,False,False
2023-01-13,55.30189773228229,60.00438308130616,48.91193817368315,51.10497237569058,39.583338139893485,59.37931956045244,84.16717510677242,51.21036566318037,0.004034552210601236,2738,1825,354,219,51,41,9,4917,1231.9241492802032,45.58137346673868,42.59419488804274,8.162285978495362,RECOVERY,False,False
2023-01-16,66.69141708377771,79.58226768968457,59.465229768198455,53.87366572315253,54.791262329267575,59.35367600339523,100.0,53.353947990286635,0.011179826634288764,3734,958,226,356,20,52,11,4918,1245.6968476957495,55.15137610865503,62.28672912783299,28.710007925749004,RECOVERY,False,True
2023-01-17,53.272570871380374,40.66417418077853,57.81980882652024,48.96774193548388,42.11810068966123,60.99180818292411,92.91234492576774,49.78547712481485,-0.0007150762506171786,1849,2698,370,302,91,41,8,4917,1244.8060794644935,58.42196189581347,60.083608317256385,9.811757361475323,TRANSITION,False,False
2023-01-18,61.05949172481311,64.22059150544808,61.73718470301057,51.25786163522008,41.70632507311009,61.46251605221732,100.0,51.32054592755442,0.0044018197585147315,2888,1609,419,405,45,37,6,4916,1250.2854914605996,60.34115989332374,61.4890111253037,5.757593992530815,RECOVERY,False,False
2023-01-19,64.14057428780016,71.11013986013985,65.79214968476714,51.97530864197528,44.133193774445026,61.90220996002482,100.0,51.96226054692508,0.006540868489750239,3254,1322,341,757,69,39,16,4917,1258.4634444348862,59.49087896133122,58.664968515455456,-2.5508427959775446,RECOVERY,False,False
2023-01-20,68.18079470855832,77.42420984734466,72.79008331639912,52.831858407079665,49.26246376043993,63.322476814969896,100.0,52.40659153634806,0.008021971787826862,3601,1050,270,878,8,29,6,4921,1268.5588026821547,64.46028690705721,70.91831373764417,14.90822383717795,RECOVERY,False,True
2023-01-30,73.11734932160934,77.85532994923858,79.97560479772312,54.3010752688172,70.20451328747774,62.83886540844519,100.0,53.97342100932637,0.013244736697754588,3681,1047,191,1396,23,98,0,4919,1285.3605300092986,68.47957277265594,75.463226552241,12.057857596796232,RISK_ON,False,True
2023-01-31,66.62481951826064,61.29657548998493,80.74811953649116,51.38197424892708,56.98924362048924,63.18399854915193,100.0,51.539384062770665,0.0051312802092355345,2846,1797,276,907,53,69,10,4919,1291.956075058668,69.30765451614278,72.19203842885604,2.4842452304604734,RECOVERY,False,True
2023-02-01,76.53367649064336,88.70389884088515,86.09022556390977,55.02354788069077,65.55580265639789,63.03801325442125,100.0,54.97905523269389,0.01659685077564629,4209,536,176,1689,14,94,1,4921,1313.3984772451063,72.09194844350445,75.95193476003618,8.352881782085035,RISK_ON,False,True
2023-02-02,65.08517723446077,48.05307809440939,86.82981316003249,49.908519989655886,61.96616802178574,63.83937220895029,100.0,50.81609312481293,0.0027203104160431145,2209,2388,327,899,5,64,7,4924,1316.9713288031712,69.41455774778827,66.01785080842645,-8.032172087148567,RECOVERY,False,False
2023-02-03,61.10094344177705,38.77638948728996,84.50761421319797,48.6130374479889,55.199899268951484,64.30480165950563,100.0,50.05805107646686,0.00019350358822285875,1800,2842,283,421,25,53,4,4925,1317.2261674808813,67.57326572229373,58.51112214086147,-5.523876076483589,RECOVERY,False,False
2023-02-06,58.942086292161086,37.733797303175294,81.27283800243606,48.51741949664796,47.1651814774202,64.33181616942714,100.0,49.36995205654231,-0.0021001598115256335,1735,2863,328,473,38,47,5,4926,1314.4597820212477,61.70940232279964,41.52108829495818,-17.591590198482272,RECOVERY,False,False
2023-02-07,68.03458010781411,69.54358641574736,82.5928180158247,51.99999999999996,47.55815580488955,65.91525067831934,100.0,52.09742924293911,0.006991430809797017,3215,1408,306,654,46,59,3,4929,1323.6497366395101,62.69253661391741,48.68459106873751,2.9494028733533355,RECOVERY,False,True
2023-02-08,55.55879739450265,27.56176154672395,79.40340909090908,47.3278192420816,44.5778058076273,65.74403642035111,100.0,48.548555802967904,-0.004838147323440332,1283,3372,273,307,60,40,2,4928,1317.2457242090152,60.845154598159276,44.9463817552155,-5.5421460472744,RECOVERY,False,False
2023-02-09,72.99748592865431,86.22297583721917,83.77281947261663,53.75284821109712,49.187820098209166,65.4296830651558,100.0,54.0621904382933,0.01354063479431101,4068,650,212,654,10,63,1,4930,1335.082067494897,65.53028781032368,61.10944126656346,14.055399636493227,RISK_ON,False,True
2023-02-10,61.58098731815862,44.75877192982456,82.92114332049462,49.46380697050938,48.72848329763806,65.98009483537513,100.0,49.60425295687848,-0.0013191568104050533,2041,2519,373,560,24,26,10,4933,1333.3208848931115,63.37909021377186,52.847836437922524,-6.453592789655488,RECOVERY,False,False
2023-02-13,70.9043799721475,73.1375985977213,86.44376899696049,52.36686390532546,54.959720567560154,65.74271656334096,100.0,53.15934392116286,0.010531146403876198,3338,1226,371,801,17,68,1,4935,1347.3622823352666,68.49428440632015,68.03978212158832,15.345582577644848,RISK_ON,False,True
2023-02-14,62.81360940161902,47.03296703296703,86.17021276595744,49.75414874001234,48.61790477212948,65.52449698689982,100.0,50.26134729349049,0.000871157644968287,2140,2410,385,636,22,34,5,4935,1348.536047288065,65.09965889730837,54.976445853504266,-10.183876527035295,RECOVERY,False,False
2023-02-15,61.420382280568674,44.05579399141631,83.13753291472554,49.187817258883285,48.499832455616975,65.91593440751835,100.0,50.68372603685225,0.002279086789507517,2053,2607,277,470,60,53,1,4937,1351.6094779786138,65.0461238847784,54.74211987403485,-0.1606050375899457,RECOVERY,False,False
2023-02-16,43.158401551741434,9.466968512039514,66.61603888213851,40.419897080263766,65.2056573234321,63.63175619822673,30.963953017415957,43.30095130370398,-0.02233016232098672,460,4399,79,120,214,24,16,4938,1321.4278189407673,55.79746441130971,33.518576512140925,-27.74597842040606,TRANSITION,False,False
2023-02-17,46.93500112472038,38.36601307189542,61.58437879401052,48.59463963338424,44.70776636280348,63.422805715742136,22.6831242411979,48.41336405644518,-0.005288786478516053,1761,2829,352,100,235,34,13,4942,1314.4390693596183,50.50459498567684,30.629591858450386,-15.878608276898639,TRANSITION,False,False
2023-02-20,65.52841215695956,81.33839983111675,70.81900910010111,54.004004004004,43.670488045022815,63.251630638998144,73.66026289180991,53.75294437450611,0.01250981458168701,3853,884,208,198,81,53,7,4945,1330.8824583962326,51.87393827780713,43.05712713835053,4.108029876390887,RECOVERY,False,False
2023-02-21,62.430027751789694,60.669730794484565,72.50758341759354,51.021711366538995,41.44159934178019,63.35487180197432,100.0,51.12189166409086,0.0037396388803028657,2772,1797,376,270,15,24,4,4945,1335.8594781827642,58.29781367782321,60.12471456583222,19.27162620004826,RECOVERY,False,False
2023-02-22,56.232842757137945,46.635883905013195,70.93187790580149,49.7627520759194,34.83352924496109,63.30430694605131,88.40711542348897,50.53823529276502,0.0017941176425500785,2121,2427,399,219,29,31,2,4947,1338.2561672405395,61.39709422196241,62.88133817687147,9.297841632417565,RECOVERY,False,False
2023-02-23,52.168785030135226,37.421041167501635,67.28981406628941,48.71794871794868,37.1577706033412,63.40759813720225,76.67744543249798,49.31399339676845,-0.002286688677438496,1718,2873,357,172,40,28,4,4948,1335.1959920153984,56.94388517968762,48.2422186223331,-13.359627126824336,TRANSITION,False,False
2023-02-24,48.2413985931655,36.1286117749294,62.70210185933711,48.64061074344852,32.374203210400395,63.64494357011661,56.8714632174616,49.29925011461124,-0.002335832951295856,1663,2940,345,122,88,22,5,4948,1332.0771972208108,52.21434212681289,40.06184561581471,-14.188629158624195,TRANSITION,False,False
2023-02-27,36.92809116462973,21.106902356902356,52.63796240145543,45.69498511564003,36.52652325250576,64.19185044336399,0.0,47.4272359110957,-0.008575880296347677,1003,3749,195,114,411,20,1,4947,1320.6534626319508,45.77942492931015,31.55218509977777,-19.304751592508218,DEFENSIVE,False,False
2023-02-28,61.46262158073911,77.58620689655173,60.61616161616161,53.21747288347871,35.642631458166996,64.73663141046652,75.05050505050505,52.702164720496825,0.009007215734989433,3645,1053,252,190,66,27,3,4950,1332.5488732810375,48.87737044617811,44.9405736761278,9.293836550603885,RECOVERY,False,False
2023-03-01,63.50568399972963,71.93288298104163,67.7070707070707,51.97719636994926,41.136927619305304,65.26325539391763,88.58585858585859,52.58038233378536,0.008601274445951195,3301,1288,361,235,44,41,0,4950,1344.0104918527707,53.96546558169948,56.87533074483188,15.264285406564127,RECOVERY,False,False
2023-03-02,49.24755152599135,34.82277121374866,63.784056508577194,48.10656352825724,42.54355627216757,65.61848689266114,51.81634712411706,48.88092098194405,-0.0037302633935198276,1621,3034,300,279,270,32,5,4955,1338.9969787145058,58.07195236882003,61.447287030447306,12.319460361361621,TRANSITION,False,False
2023-03-03,52.94939971861532,45.1014619245036,62.95660948536832,49.49494949494948,39.34077406330637,65.47435927477787,67.15438950554994,49.88957857289197,-0.00036807142369341865,2067,2516,372,273,188,24,6,4955,1338.504132190229,55.2342117481121,50.61903870643127,-8.513221862123793,TRANSITION,False,False
2023-03-06,54.63079995574635,47.681690748328656,62.51765180552753,49.815327793167086,43.148966931928655,65.39489495127275,71.989106314303,50.47605144473475,0.0015868381491158153,2211,2426,320,272,163,26,7,4957,1340.6281216099376,52.27591706678434,42.535307962193606,-8.874884043983279,TRANSITION,False,False
2023-03-07,32.65025013797575,7.876923076923076,45.209762000806776,41.44829629316138,45.16534554021314,64.50772614814144,0.0,43.92496157526609,-0.020250128082446375,384,4491,83,77,1115,19,2,4958,1313.4802304364068,46.74348327077914,33.55335858325174,-16.597301388015595,DEFENSIVE,False,False
2023-03-08,50.701595297750366,72.79759346798454,49.71762807583703,52.46341115156707,32.92473542090606,64.3963506914833,6.837434449374746,52.54141631260103,0.008471387708670085,3388,1266,304,85,299,41,0,4958,1324.6072307161069,45.99421513049082,42.78540243107873,-2.247804420864952,TRANSITION,False,False
2023-03-09,46.59989167723033,48.44760672703752,51.764112903225815,50.0,34.199124399975354,64.6942749230893,25.0,50.71742525041096,0.002391417501369867,2247,2391,322,157,281,40,0,4960,1327.7749196300826,43.317245704318815,43.04070775731501,-8.030908278516016,TRANSITION,False,False
2023-03-10,33.11814563417574,13.873312564901353,42.301491334139456,44.127539004178274,38.84645157422422,64.39418859621338,0.0,46.080035594815975,-0.013066548017280083,668,4147,147,76,1240,28,9,4962,1310.425484886596,43.47321086971882,45.039504253307776,0.4678954961999864,DEFENSIVE,False,False
2023-03-13,42.965456403622234,47.76500638569604,42.611234145359376,49.76415094339623,40.187438309825126,64.75922494891728,0.0,50.66594190502842,0.002219806350094743,2244,2454,269,139,941,45,4,4967,1313.334375699273,40.89449790500944,36.69530855921161,-7.736138894128132,TRANSITION,False,False
2023-03-14,33.759493074542654,18.69565217391304,35.46991346347353,44.14437152953057,44.04062061482521,64.36173624691675,0.0,46.5534978404928,-0.011488340531690655,903,3927,139,110,1667,25,9,4969,1298.2463431592644,36.61436503744687,26.777990374836786,-12.840398602687678,DEFENSIVE,False,False
2023-03-15,54.062322387992076,71.65504121750159,42.263581488933596,53.33103456246944,38.66736431601597,63.74067702668038,48.99396378269618,52.45243746238978,0.008174791541299244,3390,1341,239,121,126,37,3,4970,1308.8592363838454,43.59575728871899,46.038566592370195,20.944176753816336,TRANSITION,False,False
2023-03-16,31.16412554683732,13.133402275077561,33.10539018503621,43.21622359333406,40.24713758720373,64.71822330333823,0.0,45.36740867292382,-0.015441971090253904,635,4200,137,72,1057,23,9,4972,1288.6478698943943,39.661980336457354,34.494698555497365,-11.801330856784915,DEFENSIVE,False,False
2023-03-17,47.24589012179764,66.02839931153184,37.34915526950925,51.7694223083208,42.85122422206916,64.67200041869111,0.0,52.17324437170446,0.00724414790568156,3069,1579,324,144,550,62,3,4972,1297.9830256622506,44.157446018875675,50.27228093470364,13.48639704725499,TRANSITION,True,False
2023-03-20,39.92690766072589,38.02846379238175,35.53901850362028,47.943307216381584,47.87977816395851,64.88311402070475,0.0,49.004276055698135,-0.0033190798143395424,1817,2961,194,163,838,40,18,4972,1293.6749164024197,39.44564110978695,39.06342179299702,-14.135414727266188,DEFENSIVE,False,False
2023-03-21,60.837243954237906,84.13922467694871,43.50753768844221,55.51301684532923,42.572741141900686,63.48882374219846,73.11557788944724,54.55252772126452,0.015175092404215064,4037,761,177,167,52,50,5,4975,1313.3065527998417,49.336680578920486,62.73202926028741,29.673118407400587,RECOVERY,True,False
2023-03-22,58.88771339635075,64.31793770139636,48.05064308681672,51.47112929056834,43.778847905182374,63.213033058384504,100.0,51.78600936874515,0.0059533645624838,2994,1661,321,332,63,49,10,4976,1321.1251454909582,53.21728833710484,62.161875390242244,11.641823274553104,RECOVERY,False,False
2023-03-23,49.850382685016704,41.52816749406432,47.79027721976698,49.04191479352404,43.14247261490987,63.251688699684884,72.49899558055444,50.15117656516427,0.0005039218838808796,1924,2709,345,277,165,39,5,4978,1321.7908893631165,56.52511334520179,63.3284432908031,9.923475024290816,TRANSITION,False,False
2023-03-24,52.07562648898679,48.3433734939759,48.01204819277108,50.0,46.9103296706965,63.05479339764673,70.28112449799197,50.34464473540512,0.0011488157846837397,2247,2401,332,317,216,38,6,4980,1323.309383600868,53.60457419011808,51.39649289647883,-8.761617465251113,TRANSITION,False,False
2023-03-27,45.47940129625299,39.603124340299765,46.666666666666664,48.37927783406508,49.6671068158249,63.27253196627885,27.108433734939762,50.00465220478701,1.5507349290008306e-05,1876,2861,243,283,397,61,7,4980,1323.3299046216982,49.13513682341883,43.158221776113294,-13.40831210009776,TRANSITION,False,False
2023-03-28,37.56540850287703,27.651991614255767,42.76249749046376,46.56441717791409,42.89417314727323,63.03536304029835,0.0,47.551724968247854,-0.008160916772507146,1319,3451,211,120,438,37,18,4981,1312.5303194075107,45.040145429372274,38.53282981617711,-12.284974182139678,DEFENSIVE,False,False
2023-03-29,37.943259669738474,31.39165431052743,39.68492875777644,47.3288814691152,42.10118355341044,62.99997682230529,0.0,48.877058098839086,-0.0037431396705363824,1482,3239,262,95,787,38,5,4983,1307.6173351001546,40.32935648962283,32.88225675502762,-14.132366819248318,DEFENSIVE,False,False
2023-03-30,39.43538026222265,38.99024183283836,37.64540713999198,48.394459107684625,41.12706653998677,62.78246648657417,0.0,49.0452576041307,-0.003182474652897669,1838,2876,272,76,682,26,3,4986,1303.4558760755085,38.31468281161272,32.677962585873814,-6.044021034030337,DEFENSIVE,False,False
2023-03-31,54.88799468221581,71.4163457424048,42.487462387161486,52.456728084868764,40.49229923139785,62.35677082174822,57.221664994984955,52.72436180138014,0.00908120600460044,3338,1336,311,129,93,45,4,4985,1315.292827404057,44.08887820472565,47.26608062859017,17.322586179338785,TRANSITION,False,False
2023-04-03,59.69582039911112,68.15962640628317,47.32250300842359,52.451171370769025,52.2184680047779,62.12874211143522,86.3016446048937,52.95857235781397,0.009861907859379888,3211,1500,275,288,107,83,0,4986,1328.264124076019,51.3397317811832,59.52207132717541,21.752560729372647,RECOVERY,False,False
2023-04-04,38.81948521119165,27.16617831728757,41.49128081779916,45.561035758323065,55.00563750023488,62.68828715525419,0.0,47.517095280016136,-0.008276349066612886,1298,3480,211,214,539,42,7,4989,1317.2709465325072,51.13443343083953,55.580716821991814,-0.6158950510310035,DEFENSIVE,False,False
2023-04-06,41.25122947063332,41.03803320025216,40.134214743589745,48.48110829781467,46.38805308144145,62.358111695228324,0.0,49.973856908821695,-8.714363726102191e-05,1953,2806,233,251,562,63,17,4992,1317.156154750968,46.588845026978696,45.454612641274274,-13.636765211582492,TRANSITION,False,False
2023-04-07,58.24160722271215,70.81995290087775,46.02284111400521,52.32558139534884,41.90528140979259,61.86205736369275,83.66058906030855,52.90313423040621,0.009677114101354058,3308,1363,320,229,61,83,3,4991,1329.902425149794,46.10410730151238,46.341388139472464,-1.454213176398973,RECOVERY,False,False
2023-04-10,37.291490914183,25.533678756476686,40.21434294871795,45.196637213443935,50.74430727666848,61.49758615463621,0.0,46.486046926795176,-0.011713176910682745,1232,3593,167,175,625,32,50,4992,1314.3250427700684,45.59477586917615,45.79722161920216,-1.5279942970086466,DEFENSIVE,False,False
2023-04-11,42.20670923795773,46.92749308951733,40.19588247051769,49.64333481943828,41.92067170891754,61.830557968752586,0.0,50.36005390692456,0.0012001796897485458,2207,2496,300,137,458,58,12,5003,1315.902468992129,45.913269124950965,47.76037491562389,0.9554797673244124,TRANSITION,False,False
2023-04-12,54.23436255185009,63.93477340110123,43.74250299880048,51.88989874830585,43.01171268524141,61.839987891272884,64.59416233506597,52.470237282974374,0.008234124276581259,3019,1703,280,257,184,79,5,5002,1326.7377734576703,44.577520901330274,45.465315082365045,-4.0072446708620575,TRANSITION,False,False
2023-04-13,41.32019838440913,37.331649831649834,41.465120927443536,48.00453514739229,44.429401206396655,61.971655523393665,12.022786328203077,48.59454205559907,-0.0046848598146697696,1774,2978,251,188,378,45,6,5003,1320.5221929781937,45.920423391405656,49.39797210742277,4.028707470226131,TRANSITION,False,False
2023-04-14,50.999110943256774,56.13126079447323,42.982806877249104,50.675675675675706,42.471717524155835,62.70483473345598,55.59776089564175,51.347316526082906,0.004491055086943039,2600,2032,370,197,169,64,7,5002,1326.4527308903898,48.85122395983867,52.465894675741396,8.792401705299042,TRANSITION,False,False
2023-04-17,53.793980241208835,56.14927905004241,44.23230707716913,50.80483223215442,45.04820909400337,62.020364705299635,78.18872451019591,50.226678855823636,0.0007555961860787781,2648,2068,286,285,144,50,16,5002,1327.4549935148643,48.704429856291576,49.870729892055124,-0.44038231064125455,TRANSITION,False,False
2023-04-18,38.197209809370165,29.81718848497583,40.073896544837226,47.30569948186529,40.71153775755702,62.17147541245879,8.857599360894753,48.452806318201226,-0.005157312272662586,1419,3340,248,181,387,31,11,5007,1320.6088935854027,47.66343366461192,47.36590944316379,-3.122988575038967,DEFENSIVE,False,False
2023-04-19,37.32818982777793,31.878279118572927,36.8189982039513,47.461928934010174,40.998494056393454,62.800730792086526,0.0,48.91367759150474,-0.0036210746949842023,1519,3246,246,161,596,47,11,5011,1315.8268701388695,43.10645995945231,39.281582217863686,-13.67092111547884,DEFENSIVE,False,False
2023-04-20,37.02619032725606,31.894236727948773,34.19425608296769,46.657381615598894,43.642761427510216,62.38747212488849,0.0,48.60022519440227,-0.004665916018659095,1544,3297,173,136,1254,58,16,5014,1309.6873324677065,37.51719665480139,31.196568110499143,-16.767789913952775,DEFENSIVE,False,False
2023-04-21,29.152870725248526,10.984771573604062,24.177139437462596,40.71925754060324,48.92138208819346,60.20421446463378,0.0,42.094651071442215,-0.026351163095192635,541,4384,88,80,2267,21,142,5013,1275.1755479661422,34.50241696009417,24.919095806708555,-9.044339084121638,DEFENSIVE,False,False
2023-04-24,36.8850959821078,40.843297671491506,22.606701236537695,48.34886672370935,43.383415214558255,59.65853933947351,0.0,48.5447018447978,-0.004850993850673992,1947,2820,247,113,1580,52,47,5014,1268.9896792244285,34.35471901153746,27.907435324348082,-0.4430938456701341,DEFENSIVE,False,False
2023-04-25,29.243693942848825,16.544566544566546,18.656567669922264,41.387559808612465,47.55971229570248,58.51464799555133,0.0,43.653663150407226,-0.021154456165309254,813,4101,103,99,2336,46,124,5017,1242.1448926810456,31.760553550068384,22.790878596554005,-7.782496384407235,DEFENSIVE,False,False
2023-04-26,44.18721830873385,69.75257731958763,20.490822027134875,54.08163265306123,41.539596910749246,56.7154023905678,0.0,52.72369799563214,0.009078993318773822,3383,1467,162,133,439,98,65,5012,1253.4223178626457,36.772002744563494,42.380147178548526,15.03434758348532,TRANSITION,False,False
2023-04-27,39.410201796506485,53.01077540671878,22.3463687150838,50.41184371352636,40.22197930757493,55.86304981133332,0.0,50.137115350230154,0.0004570511674338597,2509,2224,279,138,416,58,85,5012,1253.9951959963125,37.61370468269639,46.43597309029095,2.5251058143986853,DEFENSIVE,False,False
2023-04-28,55.663610712542955,79.49559155218373,29.363019169329075,56.92097219998189,45.30782026685414,53.85466670327199,64.1773162939297,55.59183641771263,0.018639454725708746,3877,1000,131,216,145,157,32,5008,1277.3689826783418,46.42034360592776,67.41964809283002,26.41991676969413,RECOVERY,True,False
2023-05-04,54.20784115693411,60.05830903790087,34.699999999999996,51.96560328405457,48.07025156887443,52.93008744031651,93.8,51.497538509757966,0.004991795032526562,2884,1918,198,479,260,113,37,5000,1283.7453468207793,49.76055122199452,64.18822533226775,10.020622848200262,TRANSITION,False,False
2023-05-05,37.84183697570584,30.66390041493776,32.94774631033107,46.34320457996131,41.774272263249244,53.127555005806634,26.66533705624252,47.78803754437377,-0.007373208185420753,1478,3342,194,305,422,63,32,5014,1274.2800251216047,49.2377629483943,56.73926700167409,-1.568364820800646,DEFENSIVE,False,False
2023-05-08,53.20051000509625,61.68264110756123,36.004784688995215,51.53600015728643,42.174840487222134,52.759235696409945,86.48325358851675,51.96035530475886,0.0065345176825295495,2896,1799,321,371,188,95,13,5016,1282.6068304782561,48.416729379245396,50.80161685346659,-2.4631007074467064,TRANSITION,False,False
2023-05-09,31.03147715476605,16.46792763157895,30.84979054458408,43.638170974155074,44.307415369331885,52.834907093268924,0.0,45.384169542091215,-0.015386101526362633,801,4063,149,137,610,37,33,5013,1262.8725115661114,40.691274711856046,36.27148971802595,-23.176364002168057,DEFENSIVE,False,False
2023-05-10,44.44003214536718,60.02554278416348,32.55234297108674,51.19760479041915,36.28771987815317,52.56403490516695,19.890329012961118,51.09885526020611,0.0036628508673536937,2820,1878,317,92,243,60,22,5015,1267.4982252404586,42.890673101743154,46.05870384110119,6.598195169661338,TRANSITION,False,False
2023-05-11,49.908832793759544,64.19805332204824,35.843793584379355,51.76834659593279,34.65304106274864,52.69524755576638,58.76668659095438,51.62318365794623,0.005410612193154074,3034,1692,293,184,140,63,20,5019,1274.3561665927457,41.79344736463093,46.89717457926352,-3.2916772113367045,TRANSITION,False,False
2023-05-12,31.93671798900465,23.24312985105937,32.951603266281616,46.091205211726425,33.455198296394855,52.499577431061525,0.0,47.07393207318281,-0.009753559756057286,1108,3659,254,116,391,37,31,5021,1261.9266575713832,42.09519430937712,49.15557531909033,0.9052408342385974,DEFENSIVE,False,False
2023-05-15,52.08353798536651,71.4735516372796,36.35277722476607,52.939337085678595,37.66131189641862,52.108935286127355,55.17618952817042,52.51969604698085,0.0083989868232695,3405,1359,259,144,118,55,18,5023,1272.5255629402577,44.6430295893769,52.97157827012904,7.643505839999335,TRANSITION,True,False
2023-05-16,36.783041906081074,28.89074576979319,34.003183446080385,46.95237972381143,34.791829901617426,52.37509456776339,28.710704337445286,47.79014880163006,-0.007366170661233121,1383,3404,239,114,221,41,49,5026,1263.151922472858,40.26776596015075,41.20247575271068,-13.12579088767847,DEFENSIVE,False,False
2023-05-17,53.50639212171474,71.71506162523501,39.214711729622266,52.890514891426356,34.037791800552206,52.02081873986224,68.48906560636183,52.88899862124692,0.009629995404156388,3433,1354,243,202,109,67,13,5030,1275.3160696810228,47.457657337720775,57.35978634410257,21.56967413271009,TRANSITION,True,False
2023-05-18,48.095480181860395,51.32478632478632,42.23812363347247,50.0,36.29130451229255,52.314175105939874,60.73345259391771,51.36400854279371,0.004546695142645729,2402,2278,351,195,141,85,8,5031,1281.1145430603797,46.128304736552074,50.64353123993814,-3.9880578035061163,TRANSITION,False,False
2023-05-19,47.172068882920726,50.010510826150934,43.714001986097315,50.0,36.17080608413967,52.29832378674468,52.5819265143992,50.25989672856376,0.0008663224285458438,2379,2378,278,142,129,41,20,5035,1282.2244013225693,49.59131372883195,57.683452925390725,10.389026976839652,TRANSITION,False,False
2023-05-22,53.86616453769138,59.302325581395344,47.21064125471511,51.12201963534364,37.05625532796465,51.97487431298242,86.13261862219575,51.21928706770926,0.004064290225697542,2805,1925,307,277,95,51,14,5037,1287.4357334240153,49.71123786749084,53.54587424411084,0.3597724159766429,TRANSITION,False,False
2023-05-23,37.03071021413119,23.279983371440448,42.886904761904766,46.2701472663315,36.50104255818363,52.282800768497204,26.190476190476193,47.4065449863103,-0.008644850045632325,1120,3691,229,132,252,37,19,5040,1276.306044565176,46.02298121158109,44.19760659299555,-11.064769967729205,DEFENSIVE,False,False
2023-05-24,40.22493965558492,40.851063829787236,41.22546103509816,48.92183288409706,36.95317330019946,54.86595332568154,9.15129883006147,49.68210695799395,-0.001059643473353495,1920,2780,343,139,345,58,16,5043,1274.953615195051,43.70727146913583,41.144457594207644,-6.947129227335807,TRANSITION,False,False
2023-05-25,40.97071218913098,41.55154091392136,40.52527254707631,49.00000000000002,40.51247711832741,55.38837052495285,10.356788899900893,49.52769882001777,-0.0015743372666074335,1955,2750,340,193,393,60,21,5045,1272.9464082054537,39.40878735294903,35.22752937171632,-12.895452348560404,TRANSITION,False,False
2023-05-26,51.05601454995647,58.38968723584108,42.58818866428855,51.05616303424401,37.825716347932605,57.95894369988459,62.68331351565597,50.88894758515898,0.002963158617196626,2763,1969,314,226,162,70,36,5046,1276.7183503241572,44.08388879822413,46.9307639931832,14.025304335825282,TRANSITION,False,False
2023-05-29,40.29247662690316,32.68272425249169,39.157581764122895,47.229437229437245,41.45243907813795,58.96551071631675,26.610505450941524,48.60792296187097,-0.0046402567937634375,1574,3242,229,178,296,56,25,5045,1270.7940493253432,44.10640112199687,44.20798413408468,0.06753697131824055,TRANSITION,False,False
2023-05-30,46.9773927137683,57.158096863665456,40.47571853320119,50.78662733529988,41.4509737822157,59.83115785910498,22.249752229930625,50.97987229361605,0.0032662409787201476,2679,2008,358,145,285,52,20,5045,1274.9447689247634,46.10862796354265,49.41016945066605,6.006680524637325,TRANSITION,False,False
2023-05-31,41.5257711997692,36.13726721071354,38.2183908045977,48.04840644505563,40.73678187638444,61.430220232406626,29.389615537059054,48.96028822017398,-0.0034657059327533927,1727,3052,267,208,312,56,35,5046,1270.5261852751678,42.93188018014689,41.992696108956864,-9.53024335018727,TRANSITION,False,False
2023-06-01,47.628469475967215,52.763605442176875,39.013275212997826,50.26755852842815,45.83212702798203,62.74239117964535,34.148999405587475,50.61642361677248,0.002054745389241577,2482,2222,343,160,240,60,25,5047,1273.1367930962726,45.377211129834905,48.68632317218527,7.335992849064056,TRANSITION,False,False
2023-06-02,56.5586553030535,67.53192380154908,44.0990099009901,52.49088161387681,45.48090864196297,62.23940379904893,73.36633663366337,51.99059581642014,0.006635319388067131,3226,1551,273,181,63,63,32,5050,1281.5844623431658,48.5709653262633,52.14426548481314,9.581262589285195,RECOVERY,False,False
2023-06-05,51.88717279556894,53.528911564625844,47.05125667920048,50.38498556304134,43.04030576851808,62.71249855223036,62.66574312289729,50.86151402651391,0.002871713421713049,2518,2186,349,209,145,47,17,5053,1285.2648056447356,52.02476585819655,57.94148026945057,10.361401595799734,TRANSITION,False,False
2023-06-06,30.619965687809497,10.79556898288016,30.744112408470215,41.31455399061039,47.589813663107265,62.410328943340744,0.0,43.91125836007384,-0.020295805466420548,536,4429,88,77,663,46,41,5053,1259.1793211765332,46.35526459547731,43.95213478301833,-17.008503788157718,DEFENSIVE,False,False
2023-06-07,42.55764390861919,54.566401340594894,33.42235410484668,50.627943485086305,38.8043266864817,62.72973442352872,0.0,50.875175688261095,0.002917252294203646,2605,2169,281,117,608,66,25,5055,1262.8526649400492,41.68826079733254,39.63029396270027,-14.001011394434308,TRANSITION,False,False
2023-06-08,36.9928614161458,34.94601328903655,31.367504452800315,47.652582159624444,41.091563431732965,62.59521616294232,0.0,48.234274966575164,-0.0058857501114161215,1683,3133,237,102,687,37,35,5053,1255.4198297266762,36.72349033752483,33.43599453750384,-14.894311379423137,DEFENSIVE,False,False
2023-06-09,43.96702827847507,54.61619348054679,33.05319359303935,50.56100981767182,44.58177625159664,62.635741515549384,6.100454815107775,51.14607292549025,0.003820243084967479,2597,2158,302,152,374,87,28,5057,1260.2158386499204,41.17251120108002,48.042869370059385,13.347062590665573,TRANSITION,False,False
2023-06-12,51.72266383993327,59.64106844741235,37.88537549407115,51.60826559930336,48.122194022564976,62.26586199342077,54.54545454545454,51.89242064196331,0.006308068806544364,2858,1934,268,230,207,73,18,5060,1268.1653668712213,44.22751784485138,49.734425072331874,9.165019931314077,TRANSITION,False,False
2023-06-13,50.856355952460554,53.95775549391934,40.55335968379447,50.39900259301935,42.23120463854508,62.31105904245875,65.81027667984189,50.99160970514185,0.003305365683806148,2529,2158,373,274,194,60,18,5060,1272.3571171562692,48.84868269028963,56.07167247395947,13.863494536314754,TRANSITION,False,False
2023-06-14,46.738276587135026,42.820945945945944,40.60090927060684,49.13793103448278,43.615897334363524,62.42294084436338,52.56967780193714,50.01044253140338,3.480843801127021e-05,2028,2708,323,256,243,65,15,5059,1272.40140592011,49.772432126509614,52.13992329575918,2.771248308659956,TRANSITION,False,False
2023-06-15,52.20141165055138,54.696714406065716,42.54940711462451,50.636949135351685,47.298938126299426,61.7867215640605,66.00790513833992,50.950117332446744,0.0031670577748224697,2597,2151,312,189,108,61,23,5060,1276.431174685424,49.93201473004899,50.49180528197697,0.4787478106181098,TRANSITION,False,False
2023-06-16,56.29847469933554,61.842667806755024,46.6699604743083,51.176816812657975,47.94361341660912,61.56075595714392,79.05138339920948,51.49074365519433,0.00496914551731443,2893,1785,382,235,88,66,27,5060,1282.7739469352723,51.74605431234065,53.120109386255535,5.442118746874989,RECOVERY,False,False
2023-06-19,47.14983275675406,38.38550247116969,43.62774155305276,47.98917246713073,48.71574696550221,61.528918959838805,56.71803991306066,49.94950052332394,-0.00016833158892019042,1864,2992,205,301,267,80,13,5061,1282.5580155585594,51.883239702213665,51.64162822799678,0.41155616961903263,TRANSITION,False,False
2023-06-20,38.02260593323666,29.701952723535456,40.428684314500195,47.01937406855441,45.68355277390263,61.734090439599754,0.0,48.65065638248455,-0.004497812058384846,1445,3420,197,224,629,59,17,5062,1276.7893106506021,47.15697112977542,43.3100410004867,-14.178805717314717,DEFENSIVE,False,False
2023-06-21,32.48889627430602,17.567843297286267,32.0307874481942,44.566037735849086,44.241421344660466,60.969965985669184,0.0,45.45324999404527,-0.01515583335318242,861,4040,166,112,1043,50,64,5067,1257.438504631257,39.22044498809891,28.551766163997105,-23.80957842502952,DEFENSIVE,False,False
2023-06-26,30.95135396522665,17.291708899249947,24.393610727667124,43.576281655342754,46.488041828396746,60.07078700410844,0.0,44.65954743817947,-0.017801508539401743,853,4080,138,81,1630,43,78,5071,1235.0542023532912,33.82095205758978,21.520501640023863,-16.198478791527407,DEFENSIVE,False,False
2023-06-27,56.73763923653146,84.40871158151842,33.234714003944774,56.612685748228756,42.433468872063266,58.59485353544562,55.12820512820513,55.18578961908045,0.017285965396934843,4147,766,157,103,77,67,12,5070,1256.403306558509,40.05929649202138,39.75608792601818,18.715033303294796,RECOVERY,False,False
2023-06-28,41.85171380030786,43.18803958728154,33.9669095922789,49.15789473684211,41.43591947847897,59.15142339567081,23.015560370297422,49.1110295227343,-0.0029632349242190055,2051,2698,328,141,278,40,30,5077,1252.6802884016106,43.180235667355326,48.29615335601661,9.362817526001841,TRANSITION,False,False
2023-06-29,56.4254441139056,66.91651051426192,40.33464566929133,52.614379084967354,42.35811612306858,58.47768548050932,88.9763779527559,52.76213453899883,0.00920711512999611,3214,1589,277,285,87,82,10,5080,1264.213860038001,51.67159905024831,64.83775389435392,25.474090148678947,RECOVERY,False,False
2023-06-30,62.9499234856668,78.34091849400082,48.65237064725556,53.80216383307568,47.26318586280153,58.11602797680726,100.0,53.25628961306354,0.010854298710211777,3787,1047,249,324,41,68,14,5083,1277.9360149084434,53.74236046662676,62.81515619851473,6.212284249135344,RECOVERY,False,False
2023-07-03,60.16089825333416,62.784387393028595,53.71535286023197,51.58102766798418,50.83366539339495,58.01336858975841,100.0,51.16380029695804,0.003879334323193475,3008,1783,296,319,54,58,29,5087,1282.893555953923,59.84542195096885,69.34727213376375,18.309184453026297,RECOVERY,False,False
2023-07-04,59.13206673793694,60.93082835183604,56.17999606995481,51.05890138980813,43.73044234128409,58.503298056017464,100.0,51.89258141442785,0.006308604714759502,2854,1830,405,347,47,76,11,5089,1290.9868242895486,60.747629492312626,67.35204474628846,2.70662262403134,RECOVERY,False,False
2023-07-05,45.99077976031838,27.206036470341644,53.23055773762766,47.33806513709735,39.936468135752726,58.655752150294795,71.7989002356638,48.130277313681454,-0.006232408954395168,1298,3473,321,214,103,42,21,5092,1282.9408664458401,55.09458158386315,50.3070840717354,-16.95914372534842,TRANSITION,False,False
2023-07-06,46.746724601381054,40.973413379073754,51.69807616804083,49.17269818455592,36.85927859513406,60.12513657251364,47.64428739693757,49.640342182116704,-0.001198859392944322,1911,2753,430,127,139,43,10,5094,1281.4028007375096,50.62319036654546,43.03675940041712,-13.414173651953107,TRANSITION,False,False
2023-07-07,43.410970648440426,35.81963758954909,49.38174681059863,48.26388888888893,36.58612393730563,60.27112857624466,34.10206084396467,48.2978204596664,-0.005673931801112019,1700,3046,349,140,221,33,22,5095,1274.1322086363712,45.382825003379956,34.6663624796548,-15.721096089496513,TRANSITION,False,False
2023-07-10,50.00240995030705,50.65957446808511,49.97056514913658,50.0,36.436845482907145,60.701451248490244,58.04552590266876,50.063575318129594,0.0002119177270986403,2381,2319,396,167,126,42,16,5096,1274.4022198380487,46.72003506670951,42.48420847890262,4.011630189988665,TRANSITION,False,False
2023-07-11,59.89398916266789,71.84221569450273,55.15888583758336,52.17391304347827,36.293758089868135,60.931910101200735,89.23107100823853,52.304185811593186,0.0076806193719772655,3424,1342,332,271,71,49,8,5098,1284.1904182154276,51.102456587138455,52.77380925071228,13.147264561286839,RECOVERY,False,False
2023-07-12,34.929979345470755,16.838905775075986,46.82290645224554,45.24729520865538,40.851644518280814,61.19982834710645,0.0,46.41695635003152,-0.011943478833228275,831,4104,164,155,410,39,22,5099,1268.852717137637,48.27545948614857,46.446898645887906,-8.48099130296967,DEFENSIVE,False,False
2023-07-13,61.148508471390095,78.10113519091848,53.858961802154745,53.14960629921259,41.92247245586107,60.83368824051922,78.5994123408423,52.94620883664631,0.00982069612215439,3784,1061,260,215,69,58,14,5105,1281.3137340964154,51.990825659842905,55.59408555349904,11.146098521083047,RECOVERY,True,False
2023-07-14,49.72057652630244,42.29232386961094,51.90951821386604,49.14209090616364,40.49539803384362,60.76592294631582,67.43047395221309,50.0065777054503,2.1925684834323643e-05,2011,2744,351,202,113,55,19,5106,1281.3418277775231,48.59968811438777,45.744121611868444,-10.173412636365455,TRANSITION,False,False
2023-07-17,47.007629511687405,41.127173685313224,49.862933228901504,48.84001933301106,38.91928947998948,60.91349467492788,50.3916193459957,49.17683441072717,-0.00274388529757612,1963,2810,334,223,221,41,24,5107,1277.8259727751151,52.62557150312664,53.840210915280856,12.07765016621665,TRANSITION,False,False
2023-07-18,51.50665585188262,50.72463768115942,50.95909179878646,50.0,37.92027694225337,61.12185555485381,68.39890389508709,49.87121171006741,-0.00042929429977528043,2415,2346,348,274,180,30,8,5109,1277.2774093688981,49.41162062995749,44.71471174536117,-9.641852619507475,TRANSITION,False,False
2023-07-19,47.87253347221833,43.06431273644388,50.23478771277637,49.26873857404024,35.55109230287344,61.38016171795053,57.23928781060458,49.49156322319042,-0.0016947892560319569,2049,2709,353,279,242,27,7,5111,1275.1126933385274,48.79560627859612,44.972041367638816,-1.8480430540841084,TRANSITION,False,False
2023-07-20,34.82792161683753,19.314005716619025,42.42424242424242,45.857307249712335,41.02265662183932,61.4732853591526,0.0,46.70497172372555,-0.010983427587581494,946,3952,217,146,529,34,20,5115,1261.1075854052376,44.73570364697949,37.70098537807408,-12.179707894849876,DEFENSIVE,False,False
2023-07-21,40.59713728231602,42.71844660194175,41.06898573382842,49.12280701754388,37.706289585812435,62.33289893273554,0.0,48.921482025758024,-0.0035950599141399238,2024,2714,379,208,647,37,38,5117,1256.5738280775295,41.09919745712396,35.03225501833486,-10.9095185695666,TRANSITION,False,False
2023-07-24,43.446873607175824,49.16754478398314,39.45671291772523,50.0,35.16472800222638,64.14016136636698,15.80027359781122,49.89784261766431,-0.0003405246077856361,2333,2412,372,186,361,31,14,5117,1256.1459337675697,39.623977502109796,37.06666570084794,-4.425659865042505,TRANSITION,False,False
2023-07-25,66.46818908305175,86.4941366761019,51.9140625,55.33983191565799,46.7812529550774,64.02902591011078,100.0,54.815541848098036,0.016051806160326792,4278,668,174,517,59,74,3,5120,1276.3093448054892,50.17073332418121,59.46004268734223,31.640267466214226,RECOVERY,False,False
2023-07-26,52.06968660012691,41.12670243499794,47.97969939488581,48.65659109991603,40.256020533246094,64.1623433548026,100.0,48.77890063891356,-0.00407033120362146,1993,2853,277,594,264,47,4,5123,1271.1143430538539,53.99491643011817,58.929461298360955,11.472549317810888,TRANSITION,False,False
2023-07-27,37.30995202507971,25.6474000414336,43.81463414634146,47.18199608610569,41.27613089050842,64.66221640386462,0.0,48.004689971488844,-0.006651033428370513,1238,3589,298,239,563,32,18,5125,1262.6601190669217,51.94927590275279,51.08941305084445,-6.1369215820961145,DEFENSIVE,False,False
2023-07-28,61.041929423791544,71.86012828470929,48.585917690657304,52.48962655601659,45.65005452668952,65.06808485217093,95.25063389896626,52.13779553926257,0.007125985130875232,3473,1360,294,544,312,61,7,5127,1271.6578163007414,50.14052268299938,46.21141025371358,-5.426259659260211,RECOVERY,False,False
2023-07-31,63.94744960127717,71.78805237315875,53.15851043088322,52.66666666666664,55.70307447973466,64.93569500569004,100.0,52.394074985632955,0.007980249952109853,3509,1379,241,759,167,58,5,5129,1281.8059635283753,54.09977701671614,56.431860233100515,11.877763001150264,RECOVERY,False,False
2023-08-01,49.868133740629965,38.162026376386855,51.75507020280812,48.644067796610145,47.66601957100348,65.11756603085146,65.600624024961,49.16561990496673,-0.0027812669834442216,1823,2954,351,306,226,42,18,5128,1278.240918922832,58.28583758856623,60.6034023447516,12.558181715550255,TRANSITION,False,False
2023-08-02,46.89441716293998,41.19012449883942,50.04874244492103,49.11111111111115,41.502020420270355,65.6755255011725,39.47163189705596,49.60904159431689,-0.0013031946856103538,1952,2787,390,155,209,31,1,5129,1276.575122150362,53.57000016828238,50.38006774946164,-14.147512260851563,TRANSITION,False,False
2023-08-03,46.94095432435021,41.2,48.59649122807017,49.144566598399095,39.21370794879604,65.49241690794194,46.2962962962963,49.780871524661606,-0.0007304282511279822,1957,2793,380,182,201,32,7,5130,1275.642675616456,47.90116840930671,40.18405029174206,-17.006495276926962,TRANSITION,False,False
2023-08-04,49.51795505923598,45.72801336954251,48.63600935307873,49.48769483452053,46.01877837081356,65.16934009119484,50.0,50.31689712630032,0.001056323754334414,2189,2598,345,177,177,29,3,5132,1276.9901672767526,47.78444218217539,42.70604595612728,-0.35017868139398445,TRANSITION,False,False
2023-08-07,38.38133031622761,28.926809210526315,43.45412039742841,47.34660033167497,42.704570337856815,65.35456358073031,0.0,48.31343951215089,-0.0056218682928303575,1407,3457,269,82,499,42,18,5133,1269.811096745083,44.946746566604595,38.61827419335625,-8.513086846712369,DEFENSIVE,False,False
2023-08-08,40.5409124949135,39.78607382550335,41.97506817296455,48.89477173333536,37.22068657299789,65.61006608119445,2.4737047136735466,49.47369157015925,-0.0017543614328025087,1897,2871,366,92,336,37,11,5134,1267.5833891300088,42.813399290125695,38.14696546852403,-6.400041829436709,TRANSITION,False,False
2023-08-09,34.16930568698636,22.894521668029437,35.6044383881643,46.59462999345125,35.36914537155426,66.38518086162777,0.0,47.8340640286508,-0.007219786571163984,1120,3772,245,78,696,30,9,5137,1258.4317075993374,37.69718283270915,30.535801568019675,-15.348649372249618,DEFENSIVE,False,False
2023-08-10,47.96400961058468,60.95014912654453,38.222135771250734,50.90702947845802,32.13187146040282,66.75186825090844,34.04979575957985,50.920872656408875,0.0030695755213629413,2861,1833,447,90,172,28,9,5141,1262.2945587642912,40.89140926416152,41.21024820669241,9.58267929435707,TRANSITION,False,False
2023-08-11,29.053094280854175,10.451306413301664,25.471514680147777,43.137254901960766,39.71056998974857,66.55521058070113,0.0,45.26539899345381,-0.01578200335515396,528,4524,91,65,1326,26,16,5143,1242.3730218026808,37.062136526141735,31.431992402625184,-11.487818214059324,DEFENSIVE,False,False
2023-08-14,42.77313045978164,58.34548864346739,26.920085553179078,51.02145045965276,39.45322513563462,66.80375187361254,0.0,51.02329323249229,0.003410977441640983,2800,1999,344,66,633,34,9,5143,1246.6107281541529,39.9300781170735,43.248981394437834,8.603824772795278,TRANSITION,False,False
2023-08-15,33.6172933059006,28.3775447254781,25.13124635426794,47.23270440251568,35.458243063688435,66.85852000378914,0.0,48.1432746673592,-0.006189084442135985,1380,3483,280,86,424,29,10,5143,1238.8953490911342,35.14783934884547,32.39144659408236,-14.34671630468408,DEFENSIVE,False,False
2023-08-16,30.72187676248786,20.579828501429155,22.19630709426628,46.13073428110796,34.57869502747417,66.72738661866453,0.0,47.170103202470784,-0.009432989325097377,1008,3890,247,49,1299,28,8,5145,1227.208862488245,35.704100176056706,35.767620623458185,1.6687824816336843,DEFENSIVE,False,False
2023-08-17,52.71991097115058,78.94199346405229,27.77346026811735,54.12371134020617,40.70512970435492,66.06681245545192,39.11987565572178,53.73451167425005,0.012448372247500172,3865,1031,251,59,115,48,2,5147,1242.4856152339298,39.01969367984635,42.63312223031982,9.946780511368942,TRANSITION,False,False
2023-08-18,31.18134171404584,19.92746322788636,22.42718446601942,44.65686859658364,41.06955605650668,65.43513836835027,0.0,46.23122958143575,-0.012562568061880847,989,3974,187,78,702,32,23,5150,1226.8768051266456,38.207709815894766,39.81642839778924,-2.4359515918547636,DEFENSIVE,False,False
2023-08-21,32.466155670946314,26.544481054365733,20.3416149068323,47.22927715545093,38.252991783553924,65.38388048901915,0.0,48.019680724715634,-0.006601064250947885,1289,3567,296,56,1196,36,14,5152,1218.778112508007,38.78913611871425,41.80464591543477,1.7442789084584547,DEFENSIVE,False,False
2023-08-22,40.475625154285844,50.94533497739416,19.80399767125946,50.0,47.56399346248472,66.16891432475043,0.0,50.54002847675321,0.0018000949225106943,2479,2387,287,72,864,60,20,5153,1220.9720287999999,34.707707513092664,32.472426419882055,-12.244285816864739,TRANSITION,False,False
2023-08-23,26.9342945957085,11.45688800792864,15.955383123181377,42.99883313885644,37.4556776704799,65.6685132959986,0.0,44.879360361795136,-0.017068798794016213,578,4467,110,69,1484,40,30,5155,1200.131502907291,33.29202514031355,29.648901346562813,-4.247047118337338,DEFENSIVE,False,False
2023-08-24,36.83793233732197,44.83113673805602,15.015509887553316,49.298855801492024,41.46051253322106,65.29685369240678,0.0,49.66911111699324,-0.0011029629433558636,2177,2679,302,61,1236,48,33,5158,1198.8078023324301,34.74928402910544,35.744453241126244,4.371776666375659,DEFENSIVE,False,False
2023-08-25,28.569829245276235,16.873996789727126,12.097712291585887,43.03135888501741,45.40674421419525,64.5533467189525,0.0,44.21474905500249,-0.019284169816658352,841,4143,174,35,2399,30,93,5158,1175.6897890947166,30.780685392768902,24.3873405119039,-11.905795909009608,DEFENSIVE,False,False
2023-08-28,48.1773699724056,70.8088384350294,16.79263565891473,53.534469104626446,66.83498581326633,64.28786377132712,0.0,52.64857234097341,0.008828574469911374,3493,1440,227,56,637,58,18,5160,1186.069453951254,37.8617105183346,44.171323987604154,21.2430753766971,TRANSITION,False,False
2023-08-29,64.33837523997356,91.38473642800943,33.48837209302326,62.903225806451644,63.76516945011108,59.21606545221225,68.4108527131783,60.63131218686162,0.03543770728953873,4646,438,76,127,32,215,4,5160,1228.1010360854414,47.02852481921847,59.68919055092196,27.500442902651585,RECOVERY,False,False
2023-08-30,55.54316468711279,61.871085067690444,39.428294573643406,52.158381781429284,57.27722159186405,58.585009924963025,73.06201550387597,52.19382913167186,0.007312763772239551,3062,1887,211,241,122,61,11,5160,1237.081848850777,56.01963663316398,74.68821997690974,26.973335441836557,RECOVERY,False,False
2023-08-31,40.37582195931801,34.9814585908529,36.86301104437125,47.88039364118091,45.94342440915659,58.50630163461575,18.998256151908542,48.67653233054942,-0.004411558898168593,1698,3156,307,129,289,35,15,5161,1231.6243894127165,53.41912062880146,62.745760028850896,-7.80154801308759,TRANSITION,False,False
2023-09-01,49.347786713961085,53.51184346035015,39.21720596783569,50.45045045045047,42.803653892372,58.427439801312495,57.75043596202286,50.40962855099009,0.0013654285033003113,2598,2257,306,145,105,35,11,5161,1233.3060844593804,48.422257786797296,50.121462372964466,-14.990588526012473,TRANSITION,False,False
2023-09-04,65.50326116848441,81.25125325847202,52.52808988764045,55.074863230636325,53.04505075226768,57.45111882836089,100.0,54.43461792133269,0.014782059737775613,4052,935,175,379,27,70,6,5162,1251.5368886748213,51.742289947254505,56.581518436558326,9.960096481371622,RECOVERY,False,False
2023-09-05,45.930685210577785,30.85348212440587,48.625096824167315,47.84530382629697,43.905778527653105,57.39809208744233,65.6855151045701,48.42544484698206,-0.005248517176726481,1493,3346,325,181,100,30,7,5164,1244.9681758173047,53.59391103100776,55.20552628107598,5.554863251259775,TRANSITION,False,False
2023-09-06,56.080820898885264,55.40400909278777,51.23910939012585,50.67340067340069,40.51774401961136,57.31600315429222,100.0,51.434494565642396,0.00478164855214132,2681,2158,326,373,77,58,2,5165,1250.9211760926632,55.838255759315814,55.836248158555186,6.733034184924179,RECOVERY,False,False
2023-09-07,31.730900008452938,8.815971535876654,39.44057297715834,43.21221032848304,41.62674102044625,56.92048431535328,9.736740224545104,44.9445474544575,-0.016851508485141668,446,4613,107,77,285,23,27,5166,1229.8412672794943,44.580802039305325,31.691154251023402,-33.77236116003148,DEFENSIVE,False,False
2023-09-08,44.80443153366795,54.12534289934585,40.12966905360945,50.34129692832767,33.92491646216806,57.42442286863449,23.292045674472618,50.71166270449049,0.002372209014968315,2565,2174,428,161,299,47,11,5167,1232.7587078207148,44.20538414700204,39.44844117600339,-1.1262536769098332,TRANSITION,False,False
2023-09-11,59.86455589466257,74.42669942669943,48.90652215986066,53.17820658342791,44.475377272711135,56.76207329600632,85.2235339655506,52.59956602878064,0.008665220095935487,3635,1249,283,216,34,42,10,5167,1243.4408333491622,45.46662914559448,45.78933795397395,3.7837349957773085,RECOVERY,False,False
2023-09-12,48.27001487376083,40.92943935195054,48.81044487427466,49.249520390024145,34.98269458270805,56.986891751891186,74.56479690522244,49.711298985941426,-0.0009623367135285841,1920,2771,479,169,42,34,6,5170,1242.2442245841296,50.97966743403045,56.49382722599858,16.53911486530789,TRANSITION,False,False
2023-09-13,35.259424496419676,16.389789303079418,38.44294003868472,45.461912479740676,37.521159533498135,56.9752108032987,29.883945841392652,46.80025392915849,-0.010665820236138388,809,4127,234,51,155,29,5,5170,1228.9946709953342,47.79799842161435,43.91530936057643,-9.545007037248276,DEFENSIVE,False,False
2023-09-14,32.70026517821802,23.45502753416276,32.33075435203095,46.6842648596207,33.786582167429636,57.52610598324972,1.6441005802707909,47.65419427723071,-0.007819352409230968,1150,3753,267,94,344,26,6,5170,1219.3847285537547,38.74323484946617,26.924752063064215,-27.164290716444555,DEFENSIVE,False,False
2023-09-15,44.1891490523645,52.446675031367626,34.26499032882012,50.09069595513598,36.69617038892113,58.12208364963413,28.723404255319153,50.438069733093506,0.0014602324436450204,2508,2274,388,137,247,37,5,5170,1221.165313695674,37.382946242334064,30.763830622869904,-4.08086582139633,TRANSITION,False,False
2023-09-18,53.30908123959721,67.24102564102564,41.67633410672854,52.22271540429109,39.93840264379982,58.12876704682905,59.28074245939675,51.96878700317743,0.006562623343924755,3278,1597,297,160,112,49,15,5172,1229.1793616901246,43.3994984900599,47.714242735518646,18.049656743177536,TRANSITION,False,False
2023-09-19,32.85547008673851,20.41607179277993,32.40866035182679,45.789473684210556,34.852721854386004,58.21411492101046,9.984535086023588,47.07051473370549,-0.009764950887648373,1001,3902,270,97,304,22,14,5173,1217.1764855911097,43.45123345956673,46.701257488391036,0.15520490852048852,DEFENSIVE,False,False
2023-09-20,30.769633264224964,20.716059602649008,27.314904310844774,47.255574614065175,31.40428176443022,59.35968649530305,0.0,47.85380790178294,-0.00715397366072351,1001,3831,341,58,477,18,13,5173,1208.4688370727388,38.97806153018689,36.12438567881817,-13.419515788139535,DEFENSIVE,False,False
2023-09-21,29.39497914394392,20.049150112635676,20.80193236714976,46.9924812030075,31.85549836284231,60.009775762851866,0.0,47.88261262384782,-0.007057957920507271,979,3904,292,34,773,21,5,5175,1199.939514872435,31.006694164969122,20.393760502688178,-23.91410209565329,DEFENSIVE,False,False
2023-09-22,58.28577969908555,89.49871210620171,32.035928143712574,56.66296501943356,40.08651069678082,60.57111458348299,61.58972377824995,55.5082170037432,0.018360723345810657,4517,530,130,76,16,59,6,5177,1221.9712723367143,39.483464035751474,43.421307273828766,25.430309612347045,RECOVERY,False,False
2023-09-25,38.20204313723995,31.5586262954684,28.487248840803716,47.44875336779331,38.37715204349536,61.19975452146057,31.839258114374037,48.74299439870685,-0.0041900186709771855,1553,3368,255,121,215,37,6,5176,1216.8511898902257,41.96093399342313,47.03549617143523,7.432409873014983,DEFENSIVE,False,False
2023-09-26,33.74890668605451,29.393435812214374,25.17381228273464,47.766921452669806,34.5254341068474,65.84868537363674,0.0,48.74126810325474,-0.004195772989150865,1415,3399,364,94,423,38,11,5178,1211.745558535868,43.412243174126665,50.15025807129479,4.35392754211059,DEFENSIVE,False,False
2023-09-27,46.46898489418728,58.85702235343737,28.412821007916587,50.86633663366334,40.66571730379167,66.55194641359004,31.270515543541222,51.20221635826488,0.004007387860882894,2791,1951,437,193,290,47,10,5179,1216.6014929776234,39.47331157249391,39.936361487040024,-11.816794804898272,TRANSITION,False,False
2023-09-28,55.42987451865766,74.487284659557,37.96367851622875,53.13470294999219,42.87260296216758,66.52054911236166,55.216383307573416,52.810570434103774,0.009368568113679239,3632,1244,300,156,129,55,6,5176,1227.9993069317882,45.21592203296648,54.24591427506956,17.227831381417715,RECOVERY,False,False
2023-10-09,38.24249687952586,32.46883795737837,33.568256420158335,47.23502304147465,48.42545721562989,66.3295168568397,0.0,48.59224763799912,-0.004692507873336265,1615,3359,205,190,641,69,22,5179,1222.2369105155592,46.71378543079027,55.271048323457556,4.4935901934713485,DEFENSIVE,False,False
2023-10-10,38.59678226281697,36.350485637528415,31.83748311136846,48.33143723928708,44.59722941731218,67.4643598455031,0.0,49.118564962419605,-0.0029381167919346617,1759,3080,342,146,639,53,21,5181,1218.645835725051,44.089717887000155,47.768869418154566,-7.872202631370307,DEFENSIVE,False,False
2023-10-11,43.53369713769176,49.9378367177787,35.089751013317894,50.0,48.34921864158514,67.4075122242551,0.0,50.76307473840439,0.002543582461347971,2410,2416,355,179,619,54,11,5181,1221.7455618993963,40.12432542667819,39.585720104228464,-11.896177380965902,TRANSITION,False,False
2023-10-12,54.558110793859925,65.50092573544538,39.791586260131226,51.87757050528789,45.732142612067065,67.3242999922662,62.736395214203014,51.540712394443375,0.0051357079814779265,3184,1677,321,212,146,39,7,5182,1228.0200903329783,45.562863398122886,50.5964160302508,16.315613914334065,TRANSITION,False,False
2023-10-13,35.99275024731738,24.502512562814072,34.63913546893092,46.07843137254899,45.69969981858474,67.74284752244924,0.0,47.96581163825396,-0.006780627872486779,1219,3756,207,242,922,49,1,5182,1219.693343080493,44.69485272628969,46.64709167201269,-2.604032015499591,DEFENSIVE,False,False
2023-10-16,36.728235005608006,29.35292916921821,30.879799344009264,46.90641918020111,46.92409285162319,67.36992529468395,0.0,48.0494702051912,-0.006501765982696006,1438,3461,284,166,942,68,19,5183,1211.7631823931313,42.426365348928435,39.78545582249253,-6.805462132083754,DEFENSIVE,False,False
2023-10-17,39.59705720659253,43.37909186906019,30.580744742427168,49.377916018662525,39.935666568595515,67.63486791981212,0.0,49.5122222154426,-0.0016259259485246714,2054,2681,448,116,485,37,15,5183,1209.7929451914113,37.439347486505966,32.411511200364124,-14.961053587267394,DEFENSIVE,False,False
2023-10-18,28.1903047782923,9.341950646298475,21.489197530864196,41.98759974301469,42.41059740209198,66.63416828945265,0.0,44.676624196671476,-0.017744586011095072,477,4629,78,73,2111,42,15,5184,1188.3256702198464,34.83853233016427,27.357990561525597,-7.802445469025081,DEFENSIVE,False,False
2023-10-19,31.71332683779786,22.135523613963038,18.010026995757812,47.051917598969695,43.100610845937545,66.86946653078488,0.0,47.35229230681942,-0.008825692310601931,1078,3792,316,56,1891,31,38,5186,1177.8378734896962,33.16689627422756,24.952188709773875,-5.014908167810145,DEFENSIVE,False,False
2023-10-20,31.45853831100896,25.695446115804653,14.032382420971473,47.154310871171944,40.8305881172752,66.67830468911808,0.0,47.25269961369247,-0.009157667954358434,1247,3606,335,45,1703,41,31,5188,1167.05162534021,30.454056642366368,19.05764012535536,-8.13851889558357,DEFENSIVE,False,False
2023-10-23,25.915706491568223,8.635477582846002,10.55319969159599,39.71007725047029,46.88594781309895,65.17131068329711,0.0,42.793246593448565,-0.02402251135517146,443,4687,58,35,3610,40,36,5188,1139.0161144184035,29.695857213458343,18.822149104204534,-2.2745982867240784,DEFENSIVE,False,False
2023-10-24,54.60425780217595,89.78346456692914,16.200848111025444,59.302325581395365,49.80611686560285,62.56588732969104,34.38704703161141,57.13324470117186,0.023777482337239524,4561,519,108,71,152,80,8,5188,1166.099049960818,37.32616753491771,41.371462755193235,22.89093096437809,TRANSITION,False,False
2023-10-25,53.598264530788775,77.7533039647577,23.689788053949904,54.87062404870624,49.79359778991157,61.52125403510615,48.65125240847784,54.10194017316583,0.013673133910552786,3883,1111,196,125,132,78,9,5190,1182.0432784239008,44.706076274844314,58.724082038177585,22.139726219779813,TRANSITION,False,False
2023-10-26,47.52609425568337,56.747833264548085,26.74373795761079,50.7604562737642,45.201567857078764,61.25582711829859,49.22928709055876,50.95146615024022,0.0031715538341340753,2750,2096,344,145,149,57,17,5190,1185.7921923156987,51.9095388628827,74.76153393207828,21.610387764115146,TRANSITION,False,False
2023-10-27,62.12838004862289,78.56573705179282,38.71868978805395,55.442176870748305,57.72285305511875,59.31596526129628,91.04046242774567,54.65621140559276,0.015520704685309179,3944,1076,170,268,55,109,10,5190,1204.196522750776,54.417579611698336,71.02229142703284,7.524122246446936,RECOVERY,False,False
2023-10-30,63.591430633456326,71.94331983805668,48.285163776493256,53.55536912278262,62.16440586300689,59.07292231183748,100.0,53.66618879182653,0.012220629306088433,3554,1386,250,410,81,114,14,5190,1218.912562066994,57.748634979254184,69.08563005146583,9.993166102667551,RECOVERY,False,False
2023-10-31,50.57581136690287,39.17610710607621,46.63970729828616,48.58407079646017,51.636231358770935,59.011105382772236,80.8107067205854,48.77233194212292,-0.004092226859590257,1902,2953,338,233,73,40,22,5193,1213.9244953410116,58.76520734966069,63.228387998641885,3.0497171112195005,TRANSITION,False,False
2023-11-01,55.65565860668479,54.82328482328482,49.2781520692974,50.5141388174807,45.553730726233546,59.0489268343662,92.54090471607314,50.50086800806045,0.0016695600268681603,2637,2173,385,282,61,47,11,5195,1215.951215154069,56.60763353568132,55.31423725580587,-6.4727214419380985,RECOVERY,False,False
2023-11-02,38.06605329046712,16.974317817014445,43.14857582755966,45.83091927385085,41.75562191649338,58.97038233312173,38.067744418783676,47.019296339187896,-0.009935678869373667,846,4138,212,97,159,35,15,5196,1203.8699143594736,48.099174421351584,36.99123658212513,-25.52537734298921,DEFENSIVE,False,False
2023-11-03,60.81195653601631,77.16503267973856,52.654867256637175,53.83087610679422,46.431537262238216,58.34304618230468,74.24009234320891,53.84098113696009,0.012803270456533612,3778,1118,302,148,22,63,7,5198,1219.2833864675017,51.511222811056065,49.654211773345914,10.236145169113442,RECOVERY,False,False
2023-11-06,71.30256506696696,89.82816511949436,65.59792027729637,56.440349175557714,57.930699929996244,57.71437062736102,100.0,55.97690606129792,0.019923020204326392,4548,515,130,566,20,94,3,5193,1243.5751940108933,56.72685829781679,61.32250520541576,15.646906460282175,RISK_ON,False,True
2023-11-07,61.38119498051565,57.82312925170068,67.84408084696824,50.611620795107015,49.20769160769595,58.01409965294195,100.0,51.64579344964365,0.005485978165478845,2720,1984,491,580,20,75,0,5195,1250.397420372368,64.49857219449963,74.93877568364451,23.315141690048534,RECOVERY,False,True
2023-11-08,58.70741717815156,46.51355265880406,68.63216621777606,49.640930968656406,50.37829701928636,58.022464513051844,100.0,50.9493024079748,0.0031643413599159818,2248,2585,365,469,38,70,6,5198,1254.3541046459848,63.79705907521139,64.72161567666633,-2.104539357864752,RECOVERY,False,False
2023-11-09,51.21519455101122,28.976215098241987,67.19261112180104,47.96230259806422,45.7425282345454,58.0670251061685,82.51876082355206,48.36630668454039,-0.0054456443848653665,1401,3434,362,184,15,39,40,5197,1247.5233382593865,57.101268903226135,44.437632336248875,-20.08737051595574,TRANSITION,False,False
2023-11-10,53.08477116709982,42.50738708315745,66.33320507887649,49.3685836738762,40.2220793372932,58.51629258456239,74.24009234320891,49.54090872165237,-0.001530304261158767,2014,2724,460,178,52,39,22,5198,1245.6142479789532,54.335794298754195,39.33238494673447,-8.296423813415835,TRANSITION,False,False
2023-11-13,67.04626651708016,76.31418713212909,72.1923076923077,53.35102086289623,46.72506385641999,58.66416396276877,100.0,53.02858182824076,0.010095272760802545,3760,1167,273,576,27,55,7,5200,1258.1890635670427,57.11541074506372,49.26592977117614,8.338849338928597,RECOVERY,False,True
2023-11-14,62.47891597152283,59.58483372166914,74.37031340126899,50.77220077220082,44.209035494367235,58.749000068857896,100.0,51.73118827961499,0.005770627598716624,2813,1908,480,554,6,57,2,5201,1265.4496041016662,60.86998455190093,59.46880264565186,11.263721420511608,RECOVERY,False,False
2023-11-15,65.89860010159661,66.63199500728105,78.35576923076924,51.546025532027116,48.23931716211041,60.0497489080009,100.0,51.93342417403587,0.006444747246786235,3203,1604,393,649,1,76,1,5200,1273.6051069536472,65.14126086339986,67.51033862035973,12.813828934496797,RECOVERY,False,True
2023-11-16,48.38050584893542,18.021844660194176,72.76837245094268,46.47577092511015,40.484639846109,60.3022119806371,78.66487110427087,47.61200539049324,-0.007959982031689211,891,4053,254,165,16,36,11,5198,1263.4672331868285,58.91934064068494,48.07955779638143,-18.665760668144735,TRANSITION,False,False
2023-11-17,66.12025168053877,74.35152521269973,75.73048827374087,52.17509580356725,39.09215069284039,60.78339938942135,100.0,52.35691618424762,0.007856387280825428,3583,1236,383,367,30,63,3,5202,1273.3935210873772,60.13311921035692,53.00178829339162,3.641335709015941,RECOVERY,False,False
2023-11-20,69.29258915052444,77.32463295269167,78.95292987512008,53.076923076923066,48.07976235772827,63.29794553538102,100.0,53.35095137183416,0.01116983790611386,3792,1112,301,1001,15,89,1,5205,1287.617120308619,61.26444889333286,56.56600094186183,3.3939890489278213,RECOVERY,False,True
2023-11-21,57.227380642026816,33.56443719412724,76.86323472915866,47.80471061010518,49.46742276946539,64.01728723746707,100.0,49.42151333961953,-0.0019282888679349154,1646,3258,302,534,12,97,10,5206,1285.1342225493654,64.21340715769666,61.74686511983952,8.846874793091395,RECOVERY,False,False
2023-11-22,50.70845388132692,22.075584883023396,65.67422205147906,46.0295495747979,42.58793765717593,63.85090757552221,99.36611601997694,48.80775611858529,-0.0039741462713823745,1104,3897,205,348,91,189,12,5206,1280.0269111705948,59.07614122462604,44.32155167661407,-15.411797799211854,TRANSITION,False,False
2023-11-23,67.98515011858419,81.11958266452648,73.12271941617054,53.42857142857138,40.27825949091056,63.98510738799275,100.0,52.52350384993788,0.00841167949979294,4043,941,223,286,17,58,28,5207,1290.794087298472,58.640328213979295,45.58653491389234,-1.3074390319402482,RECOVERY,False,False
2023-11-24,48.524453783242095,21.80586007574248,59.42599347283548,45.29411764705884,42.09830081300867,65.23073004246744,91.46669226339029,48.1837014028696,-0.006054328657101313,1094,3923,192,339,123,165,19,5209,1282.9791956653241,55.73935259438439,41.66700920776409,-8.702926858784721,TRANSITION,False,False
2023-11-27,55.42881404928116,49.91796554552913,58.37972739489346,50.0,45.53449935877394,66.22776050026678,77.06853522749088,52.27145414656651,0.007571513821888378,2434,2442,333,392,251,257,27,5209,1292.6932903784993,57.31280598370247,50.94780276193267,4.72036016795424,RECOVERY,False,False
2023-11-28,64.0022989505347,73.12333810595214,64.69458317326162,52.60727942217818,43.183556765345,66.61046983015294,91.68267383787936,51.692159889252345,0.005640532964174458,3575,1314,317,285,68,55,66,5206,1299.9847694954462,55.985188927685975,48.282387909074565,-3.9828511680494927,RECOVERY,False,False
2023-11-29,42.73713864025075,23.03802588996764,57.69009216589862,46.91159433825416,40.82040364915955,66.50297932336167,32.71889400921659,47.15253406418458,-0.009491553119384752,1139,3805,264,173,263,40,141,5208,1287.6458950013891,54.056083880022186,48.69310984714961,-5.787315142991346,TRANSITION,False,False
2023-11-30,40.018379894565975,29.806320081549444,50.93125960061444,47.416730995082986,41.21859202650931,66.75728605159723,0.0,48.190417913143094,-0.00603194028952304,1462,3443,303,138,419,40,25,5208,1279.8788918486914,48.91927249511713,41.98922802582305,-15.410434154715183,TRANSITION,False,False
2023-12-01,53.65352867735801,58.319705641864275,54.624832085971974,51.02301790281327,42.54520683264966,67.37169185714265,48.272884283246974,50.978890506782946,0.0032629683559431506,2853,2039,319,177,186,67,31,5211,1284.0550961722333,45.46968240405823,37.0546838711271,-10.348770273176683,TRANSITION,False,False
2023-12-04,48.87623239961694,45.69427276473012,54.68330134357006,49.52124459215543,43.9693232596276,68.91983593708721,30.998080614203456,50.01254213647744,4.180712159147112e-05,2218,2636,356,241,340,64,12,5210,1284.1087788197692,47.51604699051364,44.60676616271459,6.13909375936619,TRANSITION,False,False
2023-12-05,33.02414809577003,12.159002338269682,39.6641074856046,43.02265920507833,43.427812514982136,67.6510518027915,0.0,46.37800151586937,-0.012073328280435421,624,4508,78,80,1516,150,10,5210,1268.605311985289,45.18463639091498,38.724326914954666,-6.994231798795944,DEFENSIVE,False,False
2023-12-06,48.27631916796067,64.6371976647206,43.409439754412894,51.39860139860137,42.677214693232585,67.53518227898306,0.0,51.40482318449096,0.004682743948303201,3100,1696,416,131,584,58,20,5212,1274.5458658327734,43.39223322111587,40.83015758924011,-5.377209509397339,TRANSITION,False,False
2023-12-07,40.49187721218675,37.5,41.19339984650806,48.39816723940438,42.600412653274205,67.44046303176808,0.0,49.68727911613084,-0.0010424029462305436,1842,3070,300,119,687,67,23,5212,1273.2172754671233,40.59744815863914,38.09873333433007,-8.384355187430188,TRANSITION,False,False
2023-12-08,36.958604764648285,27.90744065429882,33.45799769850403,45.72110777127747,49.14259125710726,66.74750873482473,0.0,47.71678667265172,-0.0076107110911609165,1399,3614,201,103,1355,57,22,5214,1263.5271866272678,41.9089337149319,43.34821277300645,3.934456668878255,DEFENSIVE,False,False
2023-12-11,54.97214652730794,76.99558764540714,39.704754601227,53.68098159509205,51.44612867054996,66.61781847561237,27.18558282208589,52.65784052189256,0.008859468406308526,3839,1147,230,145,264,51,7,5216,1274.721365817704,44.14087616804765,47.46767609990197,6.69582735934727,TRANSITION,False,False
2023-12-12,54.02689195828152,61.32134643529166,43.29817833173538,51.09739368998625,38.53135235316626,66.72816016929299,73.39405560882071,51.607723976545664,0.005359079921818874,2933,1850,432,172,50,52,2,5215,1281.5526994951713,48.652547750079236,55.40812491166585,13.535014746094767,TRANSITION,False,False
2023-12-13,40.761157412678706,30.197421434327154,41.30893062476045,47.46399614121324,39.42461263706689,66.77988540839004,27.960904561134537,48.85291230900703,-0.0038236256366432396,1499,3465,254,135,250,61,1,5218,1276.6525217386722,49.92006529942271,56.171451838341966,3.802552648030421,TRANSITION,False,False
2023-12-14,40.73526854128222,40.71072319201995,40.95612186242575,49.09967845659162,37.161057973515476,66.78561212450617,2.672925847863572,49.627982180780805,-0.0012400593973973116,1959,2853,407,133,380,57,15,5219,1275.069396781879,45.174439304080806,44.076497020546235,-14.236877986025725,TRANSITION,False,False
2023-12-15,37.39097093279521,31.296144380639866,37.717953630963784,48.12206572769951,37.6399031493174,67.10037266982101,0.0,48.98023025815713,-0.0033992324728095735,1526,3350,343,90,568,57,5,5219,1270.7351394832524,39.62913229558537,34.0680963356623,-16.635921025486304,DEFENSIVE,False,False
2023-12-18,31.872941073889738,16.00705329153605,30.360222264801685,44.35600578871202,40.5157513948416,67.37302344675304,0.0,46.621347516740904,-0.011262174944196998,817,4287,115,75,1625,51,15,5219,1256.4238980346533,36.66639351598905,29.3379736213986,-8.888216338788968,DEFENSIVE,False,False
2023-12-19,41.66256866406199,53.41050020669699,30.87023193406172,50.333611342785645,35.50943725929909,67.35016025124096,0.0,50.48847820277186,0.0016282606759061868,2584,2254,379,72,597,41,21,5217,1258.469683660092,36.975493556915644,33.57123262629094,0.9273001227797764,TRANSITION,False,False
2023-12-20,32.75906111973147,22.60782347041123,27.126436781609197,46.32424980073673,37.43829509983735,67.32548590838559,0.0,47.69775139764304,-0.007674162007856524,1127,3858,235,85,1322,49,14,5220,1248.8119834257084,35.431523619227725,30.67512565621473,-4.631909813063743,DEFENSIVE,False,False
2023-12-21,47.104781141264226,70.00206313183412,29.454022988505745,52.121088224893874,44.061876602119895,67.66319346733165,0.0,50.393933796386314,0.0013131126546210654,3393,1454,373,70,364,44,183,5220,1250.451814244387,40.50880364168589,48.673462269647416,15.231840067374488,TRANSITION,False,False
2023-12-22,32.237848500675824,21.179517832237497,22.773415054587243,45.04950495049505,43.69942509324561,67.52713745002421,0.0,46.46465560270966,-0.011784481324301124,1063,3956,202,51,651,38,73,5221,1235.7158881924856,37.3672302538905,37.92980147816092,-9.42472016338617,DEFENSIVE,False,False
2023-12-25,36.33435327007846,39.43917692152512,22.24775033505648,48.57142857142858,36.4805627376769,67.71282664044905,0.0,49.918552245503115,-0.0002714925149896313,1955,3002,266,80,1005,68,26,5223,1235.3804005781876,38.558994304006156,43.540252628532215,3.575292150346989,DEFENSIVE,False,False
2023-12-26,28.790102654089345,15.310344827586208,19.333843797856048,44.46293082164268,35.481845148836285,67.77666155514301,0.0,46.5273027307087,-0.011575657564304334,777,4298,149,83,2068,53,12,5224,1221.0800600994414,32.45410147494787,25.309679860449577,-18.31467848717488,DEFENSIVE,False,False
2023-12-27,46.21393917108906,73.37911533023632,21.794871794871796,52.86909845483705,36.05574296279379,67.15581694382726,8.476846536548033,52.1638683774693,0.007212894591564343,3633,1318,275,70,287,40,25,5226,1229.8875818607996,37.11279836508561,42.70954569311585,13.976090670413235,TRANSITION,False,False
2023-12-28,60.37148260405788,84.75142464138338,33.31738131699847,56.81994362226921,51.06870527141747,64.44736760806467,71.05666156202145,55.728998585014686,0.019096661950048964,4313,776,135,162,52,90,10,5224,1253.3743292481588,45.125174809745424,57.81362826640194,24.037129333979422,RECOVERY,False,False
2023-12-29,65.06939732202835,84.27824688379573,46.83435348125479,55.133809726831906,48.55273099606555,63.66478204828252,99.73221117061973,54.805689490072176,0.016018964966907256,4192,782,254,289,29,93,5,5228,1273.452088718806,57.21827303239176,80.8029289518051,36.279294667939006,RECOVERY,False,False
2024-01-02,58.42235195004306,55.488661448926344,51.998470070759225,50.858369098712416,50.955991936384436,63.244619968282414,100.0,51.077528431337214,0.0035917614377907045,2765,2218,246,342,53,81,5,5229,1278.0260248239401,61.28774395870975,74.8394443247018,12.208412778954,RECOVERY,False,False
2024-01-03,48.76305806413917,37.87661406025825,49.560145343277874,48.5130111524164,45.64130754668495,64.27104500624289,63.96060432205011,48.71125485449066,-0.004295817151697806,1848,3031,350,198,125,42,19,5229,1272.5358587061853,57.418269112070185,59.21450746432674,-11.608424539918708,TRANSITION,False,False
2024-01-04,45.882223911283596,35.985236825917575,47.5717017208413,48.48723229780496,39.88831689224226,64.30980320129427,52.29445506692161,49.096323106145526,-0.0030122563128482556,1755,3122,353,194,182,46,11,5230,1268.7026545324718,51.02254464182193,43.11683744503403,-19.187173410744755,TRANSITION,False,False
2024-01-05,31.556205731311042,9.308666017526779,36.83808067291149,43.11334289813487,45.25936354137742,63.80355231544995,0.0,44.503237897504256,-0.01832254034165248,478,4657,96,110,567,27,40,5231,1245.456798963239,42.06716256891126,27.723505634567505,-26.866146218732016,DEFENSIVE,False,False
2024-01-08,27.834034665110696,7.158098933074686,23.900993883792047,41.960247867295394,42.804466355455084,63.60795114024405,0.0,43.776178152932786,-0.02074607282355738,369,4786,77,40,1463,37,40,5232,1219.618461513353,35.090821435901766,17.484000592172986,-20.929023399028477,DEFENSIVE,False,False
2024-01-09,45.920901062739475,67.62722256284488,28.650611620795107,51.966407540178004,43.517390189371284,64.06377695751767,0.0,51.100514853701384,0.003668382845671266,3309,1584,339,72,577,49,22,5232,1224.0924889558326,35.10371381972039,28.03132917114875,0.0386771514558788,TRANSITION,False,False
2024-01-10,33.064546784468064,24.94945410432673,25.081215364035923,46.69762641898858,40.19135477137349,63.94165230898074,0.0,47.66855552253625,-0.007771481591545835,1234,3712,287,68,1076,45,19,5233,1214.5794767115628,35.60649417077274,33.24492520008207,1.5083410531570216,DEFENSIVE,False,False
2024-01-11,57.80444241563774,85.83267561168113,33.79514618765527,55.83440583440584,43.36787891284184,62.56849156461479,57.0705140454806,54.86002004179403,0.01620006680598011,4350,718,165,92,55,65,3,5233,1234.2557453754623,45.59663008761509,59.46978409295088,29.97040775052704,RECOVERY,True,False
2024-01-12,35.87716479866735,26.848484848484848,31.20940007642339,46.545309532416404,41.596428400497565,62.360120217595316,11.406190294230035,46.505436602836646,-0.011648544657211171,1329,3621,284,112,314,28,152,5234,1219.8784622070366,42.24871799959104,45.87687152149754,-10.043736264072123,DEFENSIVE,False,False
2024-01-15,37.40047617259543,38.60045146726863,29.53199617956065,48.68852459016395,39.22679536603823,62.142252457168446,0.0,48.84881661437949,-0.00383727795206838,1881,2992,362,107,461,40,18,5235,1215.1974494798067,43.694027795633495,50.4272039758115,4.335929388127369,DEFENSIVE,False,False
2024-01-16,35.99064155609726,31.403615681495022,27.549656226126817,47.943444730077104,44.590791007898304,62.537428238812446,0.0,49.91856411841169,-0.00027145293862770414,1546,3377,313,131,531,87,6,5236,1214.8675805611324,36.422760842453336,32.284183999082806,-21.81380085954048,DEFENSIVE,False,False
2024-01-17,24.873165158364834,5.054776090716895,17.23314874928394,39.79963570127501,39.59778129158115,61.22807396486356,0.0,42.60842880828084,-0.024638570639063873,263,4940,34,54,2245,39,17,5237,1184.9349798603682,32.7547609623525,25.019614413160152,-11.003999640302517,RISK_OFF,False,False
2024-01-18,35.338601022173016,31.76564368274213,15.20618556701031,46.47880324458187,58.92068559174446,61.14069922913205,0.0,48.63919479446532,-0.004536017351782282,1594,3424,220,56,2214,62,11,5238,1179.560094230988,32.06746924554503,22.74134515165132,-2.0618751504224164,DEFENSIVE,False,False
2024-01-19,29.766887662382786,19.661483959850422,13.606870229007633,45.08685719212031,40.23641263740507,60.9178532336893,8.969465648854962,46.858405278708354,-0.01047198240430549,999,4082,159,42,257,54,39,5240,1167.2077616793802,29.99288461430687,18.827301244436452,-6.223753893714473,DEFENSIVE,False,False
2024-01-22,21.393101524037196,2.6190021028484054,7.249141549027089,25.580203010633884,56.32801077851196,53.578222031332224,0.0,32.88936834029155,-0.05703543886569484,137,5094,11,22,4087,19,158,5242,1100.6355547445512,28.832863402864323,18.015376581813623,-3.4800636343276388,RISK_OFF,False,False
2024-01-23,38.966934560138526,57.70386696052895,8.241129339946585,51.27632626548318,48.87339299369438,53.18378029087143,0.0,51.03812068106387,0.003460402270212915,2880,2111,251,27,1140,51,30,5242,1104.4441965168662,30.04230791551949,26.661451007742567,3.62833353796551,DEFENSIVE,False,False
2024-01-24,49.39027989979176,76.61386138613861,10.930942388401373,55.20658717221379,50.0268629617199,52.19809843559751,43.32315909958031,54.26965603937979,0.014232186797932643,3869,1181,192,71,106,91,4,5242,1120.162852629587,36.58343866132248,45.6455768165053,19.62339223740897,TRANSITION,False,False
2024-01-25,59.96144636486487,92.07539911521447,17.397521448999047,63.7503871167544,53.24588957280908,47.78421976486812,81.26787416587227,60.16882799505752,0.03389609331685839,4787,412,46,175,11,138,10,5245,1158.131997212398,49.439553608265044,75.46437582062731,38.56834484082768,RECOVERY,False,False
2024-01-26,43.208078657091676,41.12355057976809,18.554538520213576,48.40729508154802,47.37291622546989,49.1642613102675,74.98093058733791,48.69464844587415,-0.004351171847086165,2057,2945,242,208,77,67,23,5244,1153.0927658709177,50.85326830724943,69.93760369370703,4.24114409695315,TRANSITION,False,False
2024-01-29,24.123403273454358,8.939949797258157,12.886008387342738,37.08741781463223,45.86044950655376,48.586108612608925,0.0,40.20846374464956,-0.03263845418450145,463,4716,67,92,580,33,229,5246,1115.4576004615594,42.430976098470296,47.37963316408022,-25.2668766263374,RISK_OFF,False,False
2024-01-30,21.809634282792334,5.719769673704417,8.865586272640611,37.213114754098385,41.387838583290105,47.79062782624847,0.0,40.747376532099736,-0.03084207822633422,298,4912,35,9,1664,30,98,5245,1081.054569889965,29.713705404446113,18.59442335024353,-38.15181208207254,RISK_OFF,False,False
2024-01-31,22.36609051619035,9.167950693374422,6.728936332443766,30.208737050736055,53.22356769037001,43.73836158897737,0.0,36.79267412588692,-0.044024419580376936,476,4716,54,15,3372,35,202,5246,1033.4617699158453,22.76637602414567,7.942556721445642,-20.841988140901325,RISK_OFF,False,False
2024-02-01,26.768698781697324,20.424194815396703,5.785360274494853,43.52875908228644,49.10352763716917,43.47688515173134,0.0,45.260929997154044,-0.015796900009486532,1040,4052,154,7,2821,36,79,5246,1017.1362776728577,23.648141193559994,11.77063839415849,2.6452955082429668,DEFENSIVE,False,False
2024-02-02,22.08315873172652,7.201843671980029,4.890371782650143,30.467091295116823,58.68587074444065,40.81885346644839,0.0,36.99587609246054,-0.0433470796917982,375,4832,38,11,3841,28,92,5245,973.0463903871533,23.73931600987139,12.264663060250362,0.2735244489341859,RISK_OFF,False,False
2024-02-05,18.670870791626662,8.025282512928555,4.364398704021346,11.538461538461586,65.29826905975644,29.67655646415901,0.0,25.970103728833,-0.08009965423722333,419,4802,26,32,4104,24,2661,5247,895.1057109603641,22.507576101683494,11.883773666768406,-3.695219724563689,RISK_OFF,False,False
2024-02-06,45.06261927170086,73.06579201234807,8.125357210897313,64.54545454545455,67.31405457631502,24.373055908017648,0.0,59.09735734734366,0.030324524491145533,3787,1396,66,92,1106,538,162,5249,922.2493660145459,28.60554959835134,29.430972732418862,18.293920490003536,TRANSITION,False,False
2024-02-07,34.39375688611428,41.83120402632598,12.459516098304437,44.6547884187082,69.008182341607,20.998079314018703,0.0,45.89598228845495,-0.013680059038483492,2161,3005,83,185,722,164,591,5249,909.632940239263,32.70908231648059,40.97409285053418,12.310598154387762,DEFENSIVE,False,False
2024-02-08,58.71300057013491,90.60454370427416,16.0,77.67387218045107,69.84892355306025,10.82886073329864,61.61904761904762,69.77308897610112,0.06591029658700377,4706,488,56,93,32,1623,15,5250,969.5871171157411,46.05645890931667,68.50051324764938,40.04212977850825,RECOVERY,True,False
2024-02-19,53.189735909436365,80.56256062075656,18.478674790555978,62.16830627477017,61.259515781770716,7.113545048219505,71.32520944402133,59.9062407686163,0.03302080256205436,4153,1002,97,112,0,391,0,5252,1001.6036618767314,48.765497788561845,70.99943611711888,8.127116637735504,TRANSITION,False,False
2024-02-20,46.03653736855774,69.44388676972495,20.363670982482866,53.177732054255735,41.395009427187006,6.4130229868013755,70.75399847677075,54.004362221126165,0.013347874070420575,3459,1522,271,109,0,138,0,5252,1014.9729414239341,52.64642461604299,80.20366369825187,11.642780482443456,TRANSITION,False,False
2024-02-21,50.671505866879464,79.33439617377441,24.095582635186595,54.81180215997199,52.65558130071394,5.8087284140141975,65.8035034272658,54.74919186335292,0.01583063954450973,3981,1037,234,83,0,139,0,5252,1031.0406122070472,49.96592638162451,76.44694785475195,-8.041494703255445,TRANSITION,False,False
2024-02-22,53.23049640985407,88.5160774915119,30.83587204874334,56.70766000524914,40.919208312274094,5.018827409125148,69.61157654226962,56.54463968918921,0.021815465630630707,4432,575,245,103,0,112,0,5252,1053.5332432464343,49.97951321509708,79.09812014500373,0.04076050041770429,TRANSITION,False,False
2024-02-23,56.87328442007945,84.2281879194631,41.40163778327938,58.74125874125875,47.7524447432505,3.9208043374970303,82.94610550371357,57.503267535206945,0.025010891784023145,4267,799,185,173,0,149,0,5251,1079.8830491841418,53.59176223227098,84.02622052824978,10.836747051521712,RECOVERY,False,False
2024-02-26,55.517780476539656,71.3206046141607,49.86666666666667,54.21996930880822,53.781505830472234,3.5195568042058034,84.47619047619048,54.2899998146891,0.01429999938229697,3586,1442,222,181,0,143,0,5250,1095.325376120428,55.20718710215772,81.35495667504522,4.846274609660192,RECOVERY,False,False
2024-02-27,65.21419143725859,95.021227325357,58.350790325652255,59.82193064667287,48.22467578341264,6.466990336276401,100.0,58.70073085296866,0.029002436176562216,4924,258,69,430,0,155,1,5251,1127.0924804339297,59.201752111292556,83.52333995299357,11.983695027404522,RECOVERY,False,True
2024-02-28,31.23205516715058,4.81488586226741,36.17142857142857,25.256052044017927,75.69820442245438,1.8826918856705843,58.57142857142858,32.10994943234506,-0.059633501892183124,251,4962,37,45,0,38,1146,5250,1059.8800088693076,50.6546756936496,57.05223926726168,-25.64122925292887,DEFENSIVE,False,False
2024-02-29,63.291919789800346,98.3355653338435,53.33269853361264,63.73626373626378,50.54935800244152,0.13548299772186967,78.18510759855266,61.33172858367363,0.037772428612245425,5140,87,24,148,0,186,1,5251,1099.9142508418695,53.24605546473649,66.05722617382261,7.77413931326069,RECOVERY,True,False
2024-03-01,56.18728062876697,68.91701828410689,57.81755856027423,52.92580982236154,44.38301819019231,1.3129839064861204,100.0,53.33783506307424,0.011126116876914106,3430,1547,274,312,1,89,6,5251,1112.1520253513195,50.237085195239295,57.35582316007257,-9.026910808491621,RECOVERY,False,False
2024-03-04,47.85958047149334,39.58168902920284,58.14927646610815,48.10408567828948,43.068169687001465,1.4456377270277376,100.0,50.27801686949176,0.0009267228983058639,2006,3062,184,356,1,87,5,5252,1113.1826820996098,55.77959363002021,68.94475754905106,16.627525304342758,TRANSITION,False,False
2024-03-05,37.895576916094896,17.379471228615863,53.322543792840825,41.985502119806696,39.08330892690829,3.0423747694432457,81.6070068545316,45.21881061936075,-0.015937297935464157,894,4250,108,167,1,61,6,5252,1095.441558038389,47.314146005451725,41.95939284730851,-25.39634287370545,DEFENSIVE,False,False
2024-03-06,53.314604879825765,66.59309791332262,57.52237669015425,52.76625172890732,35.84867689076008,4.2257918205850125,87.89754332508093,53.14564511895101,0.010485483729836702,3319,1665,267,199,0,107,2,5251,1106.9277926721877,46.35658742247133,41.18475272371375,-2.872675748941205,TRANSITION,False,False
2024-03-07,42.27511838878339,28.997020854021848,54.55151399733384,45.652173913043505,39.198429504176175,7.122799663458634,83.13654541992001,47.240707097806826,-0.00919764300731058,1460,3575,216,175,1,71,15,5251,1096.7466660003186,44.49510006156802,37.65652999865342,-5.584462082709948,TRANSITION,False,False
2024-03-08,54.53654396997464,71.3038180341186,56.45468392993145,52.70839700878209,31.95250929452782,8.051585610767187,92.65041888804264,53.006325601624425,0.010021085338748088,3511,1413,328,225,1,85,5,5252,1107.737257935295,50.04208907952792,55.63131226715433,16.64096705387974,TRANSITION,False,False
2024-03-11,61.97855359462069,85.63611491108072,62.509520182787504,56.32800160174409,38.112257270806104,11.114725598825926,100.0,55.802188790557736,0.019340629301859133,4382,735,135,393,0,118,1,5252,1129.1615936048795,52.930071984459566,61.978984599740365,8.663948714794927,RECOVERY,False,False
2024-03-12,60.507098341693265,71.13748763600395,64.09402360106586,54.22302782877249,45.219434902155506,23.125873292647448,100.0,53.49929947150327,0.011664331571677556,3596,1459,199,410,5,86,0,5254,1142.3325088306906,59.007398635429524,76.02580686040106,18.231979952909874,RECOVERY,False,True
2024-03-13,52.13547598892072,43.31853048041987,62.990102778835166,49.06377966774858,40.81772738941094,27.13763079268129,100.0,50.236673504133414,0.0007889116804446898,2146,2808,300,345,9,66,2,5254,1143.233708289859,58.207042641744884,66.69737767583483,-2.40106798105392,TRANSITION,False,False
2024-03-14,46.60521184766343,30.0,59.82686453576864,47.099113147151584,40.20124925422591,30.724421647051102,85.57838660578386,48.29007510039168,-0.005699749665361062,1497,3493,266,212,25,51,6,5256,1136.7175623436044,53.08259539275914,48.15200603880792,-15.373341746957259,TRANSITION,False,False
2024-03-15,64.73746544707724,83.99209486166008,65.0999048525214,54.76524176594255,39.69794645523722,38.13060637430484,100.0,54.73843781100979,0.015794792703365965,4250,810,195,376,11,101,1,5255,1154.671780603097,54.492717761220455,52.43687511402663,4.230367105383976,RECOVERY,False,False
2024-03-18,68.8035533999863,88.04241115256234,71.25047582794062,56.34730595820088,48.85888269846489,39.69227150688249,100.0,55.853999941389645,0.019513333137965463,4484,609,161,970,6,110,1,5254,1177.2032757230131,60.04874356490898,67.34483533807412,16.668077411065582,RECOVERY,False,True
2024-03-19,52.40015265341237,33.17269076305221,69.37785388127854,47.68250289687135,44.32099831934836,39.76359563516685,100.0,49.09048880887946,-0.0030317039704018,1652,3328,276,495,16,68,3,5256,1173.6343438780336,61.98039050015863,68.40239892575819,5.794940805748936,TRANSITION,False,False
2024-03-20,64.20759098259728,76.04485219164118,72.83539486203617,52.70394133822185,40.418226579129794,39.95098030108486,100.0,53.31751489137048,0.011058382971234916,3730,1175,350,681,17,105,1,5255,1186.612841920831,61.80376567866531,65.75331803575189,-0.5298744644799598,RECOVERY,False,False
2024-03-21,55.387628335125214,43.10064935064935,71.29541563629446,49.08675799086759,43.08335507804292,40.24587580561373,100.0,50.065566586120724,0.00021855528706906836,2124,2804,329,644,47,79,3,5257,1186.8721824311367,57.33179065704494,50.77273076844756,-13.415925064861085,RECOVERY,False,False
2024-03-22,41.36371543189251,16.866074874565808,60.06277344493057,42.57884972170687,44.25721721084034,40.62693392051139,57.60890241582651,45.71296701498141,-0.01429010995006198,874,4308,75,253,213,69,14,5257,1169.9116484475257,53.65297824987166,45.3371921389521,-11.036437221519861,TRANSITION,False,False
2024-03-25,30.772735274131634,13.533980582524274,44.73083507704013,39.614243323442146,42.84662265243306,39.43007359342959,0.0,42.61871714736603,-0.02460427617544659,697,4453,107,123,510,47,77,5257,1141.126819148251,42.50802634704977,24.500234935913124,-33.43485570846565,DEFENSIVE,False,False
2024-03-26,41.17669206403682,49.15628766572921,44.90300494484595,50.0,38.86517321239374,40.80992218074252,0.0,49.92501917404035,-0.0002499360865321661,2447,2531,280,140,410,77,13,5258,1140.8416103768361,37.77104759002031,26.518781040939746,-14.210936271088393,TRANSITION,False,False
2024-03-27,26.373207331938392,10.928750724078007,26.621030614185205,37.6084262701363,38.632610417339095,48.362142988958226,0.0,40.88887452129438,-0.030370418262352053,566,4613,80,79,1043,51,96,5259,1106.1937734985963,32.77421155670227,24.539672990777145,-14.990508099954116,DEFENSIVE,False,False
2024-03-28,56.41346514540936,87.89670806229056,36.82959300114111,57.44363139743118,40.573630790065685,50.86223341003138,44.48459490300495,56.721947403606634,0.022406491345355425,4459,614,185,94,123,122,3,5258,1130.9796947107786,41.32112151379485,49.327248817365906,25.640729871277728,RECOVERY,False,False
2024-03-29,56.244938514531775,74.62981243830207,45.502947328389425,54.34192672998641,37.16466157406244,50.66661829970802,70.15592317931166,53.57307091538145,0.011910236384604846,3780,1285,194,182,76,88,11,5259,1144.4499302209722,46.343870330626494,57.81842374155686,15.068246450494954,RECOVERY,False,False
2024-04-01,67.80005162410825,88.45256609642303,61.003420752565575,57.87827848829905,46.7274819109478,49.71151951343516,100.0,56.48419876517692,0.02161399588392306,4550,594,118,402,17,114,8,5262,1169.1860663021243,60.15281842801645,83.65969553233852,41.42684429216986,RECOVERY,False,True
2024-04-02,54.38533177960585,43.740031897926634,59.95819080197644,48.81040300362187,44.057061638536624,50.58740790665459,100.0,49.3965031547934,-0.002011656150688663,2194,2822,246,522,85,76,9,5262,1166.834065960548,59.47677397274862,68.94080347755056,-2.0281333658035123,TRANSITION,False,False
2024-04-03,48.58617625576085,33.70897587979439,54.114405169137214,46.669261524477925,40.18027124443347,50.50921479005679,88.7685290763968,47.61693900005478,-0.007943536666484079,1705,3353,204,468,264,57,28,5262,1157.5652767738877,56.92385321982497,55.30052462471466,-7.658762258770928,TRANSITION,False,False
2024-04-08,30.833168803030098,14.702472952086554,39.02717081512446,38.9212827988338,43.45627749257496,48.641629883322445,0.0,42.626387398800254,-0.024578708670665826,761,4415,87,203,891,62,63,5263,1129.1138170687839,44.60155894613225,30.717160243269173,-36.96688282107815,DEFENSIVE,False,False
2024-04-09,56.984962264336815,79.54234304713475,47.35093049753133,55.15281768279392,35.47358653632361,48.182023383095654,65.00189897455374,54.336750688285704,0.014455835627619014,4067,1046,153,160,81,84,15,5266,1145.4361008132034,45.46810244104257,42.65126395967187,2.599630484730966,RECOVERY,False,False
2024-04-10,30.714382576709582,17.56210283073368,36.403342195214584,40.726697240232504,39.418575435180834,47.98378803055078,0.0,44.46037451232346,-0.018465418292255134,912,4281,73,127,1021,51,25,5266,1124.285144084638,39.51083788135882,37.2689729433183,-17.871793679051265,DEFENSIVE,False,False
2024-04-11,43.5447479659717,51.99355618203786,38.15039878465628,50.148949494395055,36.2036758350097,48.36135633459694,26.072920622863656,50.399153367484274,0.0013305112249475926,2582,2384,300,204,330,58,21,5266,1125.7810180888844,43.74803093567268,49.69933401996874,12.711579162941604,TRANSITION,False,False
2024-04-12,33.68331965180159,28.500986193293887,35.04841465730017,46.07163489312542,36.17406243491983,48.19887890642923,0.0,47.83295364336751,-0.007223487855441633,1445,3625,197,173,878,71,21,5267,1117.6489525768325,35.98081673149428,32.68554840202179,-23.301642612535225,DEFENSIVE,False,False
2024-04-15,30.846525499457538,23.20431349894088,26.148879605013292,35.88630524998355,53.715478658617265,43.70502082145287,0.0,40.098030705684955,-0.03300656431438348,1205,3988,73,201,2492,38,470,5266,1080.7592005427018,36.02486437241026,34.56628529142419,0.13214292274795625,DEFENSIVE,False,False
2024-04-16,20.950052375162393,5.128205128205127,16.593886462882097,23.248407643312106,51.22404485832405,36.33317177209528,0.0,30.900774961594802,-0.06366408346135066,268,4958,41,80,3615,26,1451,5267,1011.9536565977285,28.493299175473826,18.944501606813272,-22.59469559080931,RISK_OFF,False,False
2024-04-17,60.67450842788119,96.71316644372253,24.70565894417015,73.176767879347,47.8743794741533,29.48475804520827,70.50892518040258,67.96089205060801,0.059869640168693374,5061,172,33,170,62,875,2,5266,1072.538957885628,37.49036210083369,41.68189502362282,26.991188776079603,RECOVERY,False,False
2024-04-18,41.67047806157322,40.73122529644269,26.405241169768324,48.23476943331111,42.60617419060873,28.945688552631545,72.02810482339537,49.662052446364385,-0.0011264918454520416,2061,2999,206,164,48,81,7,5266,1071.3307514956402,41.09834628820559,47.52419895612343,10.823952562115682,TRANSITION,False,False
2024-04-19,35.04823936482473,32.15694006309148,26.95594379035321,46.06203007518796,36.66644834474124,29.023127277013106,38.98594758830232,48.15272682920575,-0.006157577235980855,1631,3441,194,143,201,70,17,5266,1064.7339496480245,45.79774195142637,56.53377726775221,14.098186989662338,DEFENSIVE,False,False
2024-04-22,35.10515311779791,36.7800275211323,26.505223171889842,47.14285714285715,36.824743928656005,28.25811347858833,27.77777777777778,48.20744633546571,-0.00597517888178097,1871,3216,178,94,211,81,59,5265,1058.3719738373723,37.27462351473194,36.556064293555465,-25.56935531008328,DEFENSIVE,False,False
2024-04-23,42.212649904347856,62.381703470031546,26.158814589665656,52.64074830080223,36.58965411419093,27.893163945015342,26.063829787234038,52.10402766865842,0.007013425562194712,3164,1908,192,66,192,67,23,5264,1065.7947868929937,37.45534746232349,43.77289035141842,0.5421718427746356,TRANSITION,False,False
2024-04-24,51.202927239563465,81.13991688106076,32.81724924012158,56.53387178621845,37.790445521415116,28.072913289146072,46.20060790273556,55.5699691188153,0.018566563729384332,4100,953,211,79,99,73,8,5264,1085.582933726288,42.84024342056974,60.100549290741505,16.154687874738734,TRANSITION,False,False
2024-04-25,46.08943136211941,57.06848217861433,35.07505225156755,51.19047619047619,38.159478361634314,27.83424828008776,60.64031920957629,51.147008707386895,0.0038233623579563333,2850,2144,269,109,53,55,14,5263,1089.733510651537,46.50166950201023,66.86336750990219,10.984278244321501,TRANSITION,False,False
2024-04-26,56.60362324146844,75.71146245059288,44.24467275494672,54.89469410321534,50.06696434567952,28.76268785227478,74.92389649923896,54.27831750690556,0.014261058356351877,3831,1229,196,180,49,102,9,5256,1105.2742638398108,51.298660614383756,71.30662050342264,14.390973337120585,RECOVERY,False,False
2024-04-29,67.98824313030582,85.81120372165148,64.36322101656197,60.59663671964994,59.229450517471605,27.815294405581337,100.0,58.147109409083654,0.027157031363612163,4427,732,94,446,29,161,12,5253,1135.290231688302,56.89376591129788,72.86371611695287,16.785315890742353,RECOVERY,False,True
2024-04-30,50.74044981208411,36.76558454491137,60.520793590232735,47.52768068050859,50.30225797854888,27.766635649455694,95.78405188859213,48.306708102926365,-0.005644306323578789,1846,3175,221,294,54,67,38,5242,1128.8823058544865,58.44410539461944,66.09608357238521,4.651018449964695,TRANSITION,False,False
2024-05-06,68.61555287408771,86.91826359014469,72.58309591642926,57.778432527990645,53.97818063874769,27.80299153870571,100.0,56.51153328768762,0.02170511095895873,4445,669,151,626,25,123,10,5265,1153.3848215626633,62.44808193882587,69.83168395223582,12.011929632619271,RECOVERY,False,True
2024-05-07,59.89367876200264,59.31753167143441,75.8309591642925,51.122694466720105,45.744176495147954,27.74110263314008,100.0,51.879262073826396,0.006264206912754659,2903,1991,371,454,32,76,4,5265,1160.6098627349627,59.74989381605814,61.00045993549679,-8.094564368303182,RECOVERY,False,False
2024-05-08,43.70357432640852,18.236785644626487,68.49705491164735,43.535353535353536,41.36994853491138,27.75919859964988,76.2207866235987,46.22346200115665,-0.012588459996144517,935,4192,136,198,60,66,9,5263,1145.9995719067927,57.40426865416628,54.82419363540183,-7.036875485675587,TRANSITION,False,False
2024-05-09,66.02484277716908,82.9673590504451,76.14434947768281,54.65793304221256,41.72792394506055,28.992829078327276,100.0,53.939433261951166,0.013131444206503888,4194,861,210,334,31,66,9,5265,1161.048201345964,56.54069862186007,53.507225455501974,-2.5907100969186274,RECOVERY,False,False
2024-05-10,47.0743395361731,25.747800586510262,69.64489175845043,44.84347074821768,41.76464003184928,29.058069321299552,84.75123433345992,46.72528110738901,-0.010915729642036655,1317,3798,151,259,76,41,22,5266,1148.3745130786983,52.267585546583554,42.31731509386059,-12.819339225829538,TRANSITION,False,False
2024-05-13,41.51032459365662,21.235145139294758,57.71276595744681,42.25001622863041,42.18296943378901,29.51754084489734,67.85714285714286,45.13137795553261,-0.016228740148224646,1090,4043,131,274,180,38,33,5264,1129.7378415131002,51.53650230233293,43.31676825875002,-2.1932497327519016,TRANSITION,False,False
2024-05-14,56.98616560234287,67.76659959758551,62.52847380410023,52.4844720496894,37.219269484219694,29.3838525022741,85.30751708428245,52.28245506768848,0.007608183558961621,3368,1602,298,244,58,61,19,5268,1138.333094384837,48.52360991072418,38.24984844113015,-9.038677174826212,RECOVERY,False,False
2024-05-15,40.186173957360985,24.42021803766105,56.93680015183147,46.29057187017005,33.19827271674445,29.64814893002262,54.17536534446764,47.761626041864545,-0.007461246527118181,1232,3813,224,117,95,38,13,5269,1129.8397105376546,46.22755471778681,37.80732092484708,-6.888165578812114,TRANSITION,False,False
2024-05-16,51.455644183923624,54.72194135490395,58.654393623078384,50.657894736842124,37.220382377704034,32.69350146904405,70.3074587208199,51.24885068827286,0.004162835627576214,2706,2239,324,211,104,61,10,5269,1134.543047538131,49.54266124787582,48.96958633005014,9.945319590267005,TRANSITION,False,False
2024-05-17,63.19945232372106,78.73141724479683,63.51992409867173,54.015352155759544,38.276264368328995,42.774543308732426,100.0,53.8283276660197,0.012761092220065681,3972,1073,225,385,45,104,6,5270,1149.0210559953996,51.61375682166854,52.62452554578724,6.213286721378189,RECOVERY,False,False
2024-05-20,58.02848449539728,53.640386162510055,64.11887580706419,50.48573181233702,44.49016755200918,50.02654069418404,100.0,50.911476385731625,0.0030382546191054173,2667,2305,294,333,53,59,23,5266,1152.512074526227,57.56119366768064,62.364581587403585,17.842310538036294,RECOVERY,False,False
2024-05-21,40.68694850393799,21.28245476003147,54.93452267982539,45.30489550529633,37.08022603914628,50.20601772180646,46.58379199089011,46.85362150057995,-0.010487928331400168,1082,4002,185,169,187,32,24,5269,1140.4246104875224,53.971628441018765,51.21808605577943,-10.768695679985633,TRANSITION,False,False
2024-05-22,54.22154873075863,60.51937512680057,56.005692599620495,51.2021043599991,35.409253087486526,50.85146438407799,72.39089184060721,51.49254379086069,0.0049751459695356265,2983,1946,341,199,81,65,10,5270,1146.0983893919486,50.978993910031285,45.147405349780676,-8.977903592962434,TRANSITION,False,False
2024-05-23,30.619543951121425,13.560620570771881,38.45351043643264,40.66931726485477,41.037319044515094,50.635587037232746,0.0,44.382651420263585,-0.01872449526578805,708,4513,49,112,398,49,19,5270,1124.6382755256516,41.842680395272666,31.78748348586795,-27.408940544275854,DEFENSIVE,False,False
2024-05-24,32.02201966868567,24.626419605499105,31.89753320683112,45.98134142736643,34.481084960050076,50.808344380510185,0.0,46.71419459562346,-0.01095268468125514,1236,3783,251,82,670,47,45,5270,1112.3204671133487,38.954370783521895,32.90213843435716,-8.664928835252319,DEFENSIVE,False,False
2024-05-27,45.654469356655646,66.07321464292859,34.36788154897494,52.19814922668742,35.90480817983116,51.88184274922267,12.794229309035693,51.59077138649766,0.005302571288325525,3303,1696,269,96,292,60,40,5268,1118.2186256856805,36.0986776588209,34.7534182730665,-8.567079374102981,TRANSITION,False,False
2024-05-28,30.404236329947697,21.14442484812855,28.9958238420653,45.069270797233976,31.727178783222353,52.01054239973821,2.5436598329536872,46.8815537832972,-0.010394820722342683,1079,4024,165,110,360,44,31,5268,1106.5949435432935,36.026908451762985,37.28135303218539,-0.2153076211737286,DEFENSIVE,False,False
2024-05-29,39.921785521425605,53.76499793131981,29.59939244351623,50.3089996137505,31.8239103435771,53.528103112797055,3.673818112777677,50.41057867471584,0.0013685955823861523,2599,2235,433,88,332,42,25,5267,1108.1094244945177,38.66016373600963,46.994212474125625,7.899765852739932,DEFENSIVE,False,False
2024-05-30,33.153169065096364,31.237444756930493,25.916081260679704,47.440993788819874,33.50713757579051,56.29047549073336,0.0,47.7864873992583,-0.007378375335805665,1555,3423,289,67,618,40,33,5267,1099.9333772474536,34.4930636388232,35.382289178792924,-12.501300291559282,DEFENSIVE,False,False
2024-05-31,43.4381231739624,63.99674730636309,28.881928625664386,51.977753330888675,34.89133205262778,56.52945701214347,3.8724373576309867,51.839967554676804,0.006133225182256018,3148,1771,349,78,321,47,15,5268,1106.6795163355916,38.837692586828105,49.66639666487111,13.033886844014706,TRANSITION,False,False
2024-06-03,29.89885743652541,16.705246913580247,22.698804327196815,41.62929745889383,46.60864067161922,57.30176358551977,0.0,44.33835529124101,-0.018872149029196657,866,4318,85,77,1937,38,57,5269,1085.794095575747,35.49671655852804,37.31314632562459,-10.022928084900194,DEFENSIVE,False,False
2024-06-04,35.8091905503115,39.68285431119921,22.327700778431748,47.619047619047585,41.4577774953729,56.674424679583325,0.0,47.87941163407887,-0.0070686278864037656,2002,3043,222,60,1457,46,42,5267,1078.1190211528676,36.38205705359975,40.12828284371415,2.6560214852151347,DEFENSIVE,False,False
2024-06-05,26.317669471051307,11.97278911564626,17.451129246536347,42.10053859964091,37.47931737749344,56.85726158118829,0.0,44.230835762869816,-0.019230547457100632,616,4529,124,47,2003,29,27,5269,1057.3862021521848,30.675239152629384,22.786963446808546,-17.120453702911096,DEFENSIVE,False,False
2024-06-06,25.498072172600367,9.118832789402958,12.827324478178367,34.93566256136285,53.37990923948458,54.60475850210981,0.0,38.90174918551717,-0.03699416938160943,475,4734,61,42,3569,25,150,5270,1018.2690778879902,29.20831073132104,20.25815873874945,-4.400785263925044,DEFENSIVE,False,False
2024-06-07,44.77808352673201,77.91015625,13.739080896315988,56.59340659340657,40.814055411930234,51.917384196090175,0.0,54.99741129118537,0.016658037637284573,3989,1131,146,44,369,73,35,5266,1035.2314425123313,32.197941723461206,33.000592718349715,8.968892976420513,TRANSITION,False,False
2024-06-11,41.207203402330954,58.69824840764332,14.894626922346689,51.55038759689923,37.238343492932216,52.276118187238694,24.178849439908866,51.798189795226214,0.005993965984087384,2949,2075,243,71,207,46,18,5267,1041.436584564408,37.16111970055442,48.57574581568207,14.889533931279647,TRANSITION,False,False
2024-06-12,48.55777079666708,77.2253408179631,17.73244781783681,54.27867707279472,36.20802695747168,52.254945579030945,42.22011385199241,53.68868961933278,0.012295632064442568,3852,1136,282,73,114,59,10,5270,1054.2417056266615,44.84768590857666,71.27791515853545,23.059698624066712,TRANSITION,False,False
2024-06-13,32.162838256927614,32.56644188813963,18.24734446130501,46.963535256660904,37.82561127092347,52.14247248582144,0.0,48.78279329823821,-0.004057355672539311,1642,3400,230,87,422,58,16,5272,1049.9642720621096,40.6426041519752,56.163343704582,-12.615245269804397,DEFENSIVE,False,False
2024-06-14,39.381683642453936,51.93640440277212,18.64808494501327,50.0,37.514279685750004,52.29500284944778,18.14562002275313,49.9352262535132,-0.0002159124882893309,2548,2358,368,60,228,37,22,5274,1049.7375716635138,40.034097565349526,53.90939570295826,-1.825519759877018,DEFENSIVE,False,False
2024-06-17,32.08778254002356,30.099601593625497,19.258486630001897,46.78949288580814,36.37126192976639,52.928464904980075,5.243694291674572,48.397113472303246,-0.005342955092322511,1511,3509,253,112,348,40,8,5273,1044.1288709593919,34.54410147980169,38.20081596151239,-16.469988256643518,DEFENSIVE,False,False
2024-06-18,49.93996174016841,76.6845557543232,24.303053290347055,53.937463810075315,38.93761014568097,52.8561406210324,40.13844111511474,53.549857530800836,0.011832858436002772,3858,1173,242,106,158,65,11,5273,1056.483900078398,40.469809307548616,52.906853916906904,17.777123483240793,TRANSITION,True,False
2024-06-19,32.54777847173613,30.073398135290617,23.2650739476678,47.05036492822274,37.363700181968774,52.91217445550915,0.0,48.46173872600534,-0.00512753757998219,1516,3525,233,68,448,55,8,5274,1051.0667391780996,38.19184091730935,45.61918516107975,-6.833905170717806,DEFENSIVE,False,False
2024-06-20,27.215654543387245,15.140981073773657,17.826664138061822,40.8713692946058,41.85365057253929,52.47893145455933,0.0,44.16860643607548,-0.019437978546415092,784,4394,95,79,1293,46,24,5273,1030.6361264511052,36.56779825176391,40.63297832112914,-4.872127996636316,DEFENSIVE,False,False
2024-06-21,35.72278934419854,46.2341383544822,18.382631778536215,49.65392329223497,34.87010722007702,53.29385895489922,0.0,49.594758550680524,-0.0013508048310649158,2259,2627,388,55,640,47,35,5274,1029.2439381924253,31.82874078644062,30.4828391878488,-14.217172395969868,DEFENSIVE,False,False
2024-06-24,22.888647615390752,5.953062392673153,11.47867298578199,34.05797101449277,46.39223689713964,50.853606606243005,0.0,39.03511145393806,-0.036549628486873154,312,4929,34,39,2710,27,44,5275,991.6254546291259,28.609030500992162,22.442727273642976,-9.659130856345378,RISK_OFF,False,False
2024-06-25,37.04977184267882,54.96912965544713,10.986717267552182,50.90429745730232,39.33528394381713,50.703419780431446,0.0,50.07733574191086,0.00025778580636953615,2760,2261,249,36,1020,72,24,5270,991.881081596564,31.887069600756018,35.71877680086747,9.834117299291577,DEFENSIVE,False,False
2024-06-26,53.49296901540702,90.8495472933924,16.454976303317537,60.33591731266155,40.34745571818177,47.802428032561195,46.96682464454977,58.203114181156515,0.02734371393718836,4716,475,84,62,78,80,2,5275,1019.0027941514495,37.810462824492184,50.59057978050421,17.77017967120848,TRANSITION,True,False
2024-06-27,23.856612501283323,9.658762290341238,12.568720379146919,42.02046035805624,37.626755604087265,47.64222558138695,0.0,44.33745800816812,-0.018875139972772924,501,4686,88,45,349,34,23,5275,999.7689737791942,38.133117786456374,51.82581307972689,0.9679648858925702,RISK_OFF,False,False
2024-06-28,39.13093687445914,59.14436334144363,16.041311351146483,51.16076610562974,40.948442292171535,47.5728999481976,0.0,51.25825028757971,0.004194167625265704,2917,2015,345,53,370,47,16,5277,1003.962172441764,38.826839463716475,53.21755764172573,2.0811650317803156,DEFENSIVE,False,False
2024-07-01,45.77923577208145,69.0923472414475,19.639810426540283,53.14960629921259,40.46531066021684,47.17496355204317,31.99052132701422,52.38801689182731,0.007960056306091036,3494,1563,218,103,198,50,23,5275,1011.9537678635859,36.25559504927462,45.96515762441076,-7.713733243325571,TRANSITION,False,False
2024-07-02,39.128204976423476,46.54828411811652,23.009855951478393,49.42070932695734,39.56869536051776,47.75788346792488,22.706595905989385,49.886082321719435,-0.0003797255942685427,2333,2679,264,93,237,59,10,5276,1011.5695031177116,41.34612587432134,58.26166490033586,15.271592475140153,DEFENSIVE,False,False
2024-07-03,29.808391572714505,25.35606820461384,20.005686125852918,46.32042874268387,35.614036057467764,48.15943677619805,0.0,47.24247797495822,-0.009191740083472604,1264,3721,291,71,502,43,28,5276,1002.2714191686861,38.238610773739794,46.99889985472593,-9.322545301744633,DEFENSIVE,False,False
2024-07-04,22.963458877292364,7.581849511774841,11.348995831754452,38.762966953611254,40.720548375731624,47.6740784432929,0.0,42.16524378534082,-0.02611585404886392,396,4827,55,30,1560,19,17,5278,976.0962450683289,30.633351808810094,26.495400611501708,-22.815776894789085,RISK_OFF,False,False
2024-07-05,43.006749521824936,75.96729158356601,13.700966458214895,53.58056265984654,37.03416507892301,50.36245891856099,0.0,52.92556563237849,0.009751885441261623,3809,1205,263,54,359,49,12,5277,985.615023829881,31.926199990610584,36.301736433318204,3.8785445454014607,TRANSITION,False,False
2024-07-08,22.905768334272313,8.409785932721714,9.57345971563981,38.05970149253732,40.12403966242659,50.67919076583581,0.0,41.86299316271509,-0.02712335612428304,440,4792,43,52,1953,25,30,5275,958.8818365370994,29.625325577796517,30.652975676020827,-6.902623238442192,RISK_OFF,False,False
2024-07-09,47.85409653750353,82.49065512492622,14.146295243509572,56.09756097560981,48.390833837529826,50.208795653084636,9.446655296570022,55.26738781267307,0.017557959375576918,4193,890,194,118,332,80,16,5277,975.7178448689965,37.92220479786691,55.622577547071295,24.890637660211166,TRANSITION,True,False
2024-07-10,31.40093812327578,29.01369319309387,13.821523304281925,46.53939995980964,39.193251319940195,50.375868595818815,10.970064418340286,47.774383415350776,-0.007418721948830731,1462,3577,239,88,294,57,35,5278,968.479265477401,34.053600998350525,39.971378083580575,-11.605811398549157,DEFENSIVE,False,False
2024-07-11,60.056501468897814,93.9632042928325,25.137336616783486,61.882716049382665,52.662411997191214,47.17855800439046,66.85925364652397,59.05365400510942,0.030178846683698076,4903,315,61,143,54,104,4,5279,997.7068527465841,46.43717870989236,68.48918420361751,37.1507331346255,RECOVERY,True,False
2024-07-12,41.41118551133617,38.1906496660595,25.57302519416556,48.5130111524164,42.09705056366554,47.319874286012855,59.660920628906986,49.1865861416783,-0.002711379527739013,1887,3054,338,130,79,44,18,5279,995.001690811362,44.2895417011699,53.7225157173286,-6.442911026167359,TRANSITION,False,False
2024-07-15,30.38679407241408,16.456433145740345,19.393939393939394,43.014576126535495,37.716893359616606,47.079789715817434,32.95454545454546,45.614879344640265,-0.014617068851199124,848,4305,127,90,180,34,10,5280,980.4576825897128,43.951493684216,49.53676236821075,-1.0141440508616988,DEFENSIVE,False,False
2024-07-16,39.884208402508364,47.92176039119804,22.234848484848484,50.0,36.60921502048738,47.28119682338392,31.818181818181817,51.10956981018953,0.0036985660339650737,2352,2556,372,143,239,63,2,5280,984.0839700722792,37.22739599541952,34.18961440099927,-20.17229306638945,DEFENSIVE,False,False
2024-07-17,32.63666999161812,31.057749553482832,21.049640015157255,46.1978529245074,40.31060629421736,46.52833091583569,6.233421750663137,48.19720901514739,-0.006009303282842033,1565,3474,239,218,449,114,14,5278,978.1703110403316,34.30255748884684,31.811981030140377,-8.77451551971805,DEFENSIVE,False,False
2024-07-18,35.810598665298116,41.8200408997955,21.21068586585828,48.89999082401366,43.87312144895384,47.34591908669731,0.0,49.2578503512546,-0.002473832162484653,2045,2845,388,115,457,49,26,5278,975.7504818644924,36.11049235314152,40.26651694815876,5.423804592884036,DEFENSIVE,False,False
2024-07-19,47.796645056033796,61.0751818916734,23.94352851999242,51.520912547528575,40.75553836939533,47.05343508132158,66.10763691491377,51.631380839096785,0.005437936130322629,3022,1926,329,125,40,55,11,5277,981.0565506640032,38.74797123764999,44.650990781650556,7.9124366535254325,TRANSITION,False,False
2024-07-22,45.193711155729325,56.84125050751116,25.27951487587644,50.936768149882994,40.39640867304685,50.283948983824864,46.39946939548986,51.18354384610604,0.003945146153686802,2800,2126,351,116,135,59,13,5277,984.9269621414045,42.933651625687055,53.24549109965999,12.557041164111205,TRANSITION,False,False
2024-07-23,25.880561964673802,10.627177700348433,16.834028040924593,41.19104393161703,43.56551473380277,49.43465432322197,0.0,44.00025398533218,-0.019999153382226048,549,4617,112,69,652,50,9,5278,965.2292567552486,39.62363939214563,42.847870033177635,-9.930036700624314,DEFENSIVE,False,False
2024-07-24,26.708643183037807,14.693877551020407,13.357332322849564,42.901317045237604,43.23649059799053,51.82153470830091,0.0,45.21765426796948,-0.01594115244010173,756,4389,133,70,1454,37,32,5278,949.8423900336671,32.5943054344803,27.387435252959975,-21.08800187299599,DEFENSIVE,False,False
2024-07-25,41.18970604545781,67.5807434491164,14.99905249194618,52.170963364993206,37.84050933224697,52.09875818235251,0.0,51.66225923936398,0.005540864131213278,3327,1596,354,82,479,55,4,5277,955.1053376629106,31.25963706438979,30.967266233495053,-4.004005110271514,TRANSITION,False,False
2024-07-26,54.26715251849289,86.31558339859045,21.33926880090926,55.79710144927539,38.98953415417919,51.37199670448411,63.26008713771547,54.78398367850554,0.015946612261685145,4409,699,171,117,47,77,13,5279,970.3360321516869,40.72183391566282,56.19673479957572,28.38659055381909,TRANSITION,False,False
2024-07-29,41.8769867787084,45.97607946482871,23.77344193976132,49.512789281364135,37.84686886751223,51.83194871480288,48.295131653722294,50.23243530729955,0.0007747843576651529,2268,2665,346,156,165,82,4,5279,971.0878333310768,45.77794844755302,66.62413543751182,15.168343595670592,TRANSITION,False,False
2024-07-30,48.671080320176706,66.08363490148774,29.232954545454547,51.79372197309418,39.10886405231053,51.96527016104727,48.86363636363637,51.70604258869565,0.005686808628985523,3287,1687,306,165,171,74,4,5280,976.6102240011669,48.271739872459314,66.12509925496893,7.481374274718895,TRANSITION,False,False
2024-07-31,71.10526690513021,95.47450830628222,51.12710740670582,62.55605381165914,64.88383262227626,48.96895146946814,100.0,59.96680470362723,0.03322268234542411,5000,237,42,492,13,119,3,5279,1009.0558352484511,53.884444668005095,69.17807422419952,16.838114386637315,RISK_ON,False,False
2024-08-01,53.83862440511209,42.6625386996904,50.99469496021221,49.26402881594627,53.26338712763374,50.903989209234865,100.0,50.09078851373124,0.0003026283791041624,2067,2778,433,427,12,64,5,5278,1009.3612041802979,57.87165721013965,68.0735606358201,11.961637626403693,TRANSITION,False,False
2024-08-02,41.80398853691772,18.649074438755413,42.64343874266237,44.58483754512632,47.611078525466965,50.76106606138138,74.04847566748722,46.053811904410786,-0.013153960318630715,947,4131,203,180,53,53,17,5281,996.084106953345,55.58262661571999,52.26204048157598,-6.867091783258985,TRANSITION,False,False
2024-08-05,28.969802713498133,9.264620729588884,26.396515811399357,40.0414937759336,54.29478081180229,50.98885223436538,0.0,42.500359144482324,-0.024998802851725593,480,4701,100,89,466,52,54,5281,971.1831967398812,41.53747188517596,23.525411289344863,-42.135464191632074,DEFENSIVE,False,False
2024-08-06,60.37096158008231,91.0303498936787,37.362741385838696,57.12264062779524,43.157302441036975,51.39375750641507,71.77205603937902,55.64506029181303,0.018816867639376764,4709,464,109,179,64,77,20,5282,989.4578224065223,43.71491761016603,39.6480150206743,6.532337174970216,RECOVERY,False,False
2024-08-07,46.0319669964683,42.22222222222222,37.91406397879992,49.08675799086759,38.14422134342396,51.85956979795423,71.20007571455612,50.059743875159725,0.0001991462505323968,2071,2834,378,161,49,61,16,5283,989.6548692219145,45.12424376334956,47.50573094849657,4.227978459550577,TRANSITION,False,False
2024-08-08,47.75352923654762,45.69017480409885,37.22558667676003,49.38382537658632,41.891248874954876,54.39714841563137,72.89931869795609,49.29920702161943,-0.0023359765946019124,2274,2703,307,258,137,53,27,5284,987.3430586106783,51.38548593769939,59.64758230666655,18.783726523049488,TRANSITION,False,False
2024-08-09,38.431401609442794,24.529066234555398,32.96744890234671,46.89260038774603,38.22638793386232,54.290093024534215,51.13550340651022,47.90474757977812,-0.006984174734072938,1211,3726,347,100,94,34,22,5284,980.4472821668672,44.07229928081955,37.480487753625454,-21.939559970639515,DEFENSIVE,False,False
2024-08-12,33.618349860263265,28.854229154169165,28.89856169568509,47.0391579840399,35.80839866284678,54.73278502856659,3.255109765329295,47.98314512322737,-0.006722849589242121,1443,3558,283,120,367,49,32,5284,973.8558825586783,39.934426902084546,33.02449006427443,-12.413617136205033,DEFENSIVE,False,False
2024-08-13,51.730275986530636,73.64262560777958,33.70552611657835,52.61054012496857,33.728813247378454,54.767128956050726,55.488266464799395,52.0414362666601,0.006804787555533657,3635,1301,348,97,68,43,7,5284,980.4827649491968,41.26000915207888,42.34197366550134,3.9767467499830147,TRANSITION,False,False
2024-08-14,35.21134953643987,26.197634796552414,30.176003028009085,46.9924812030075,32.71474923176834,55.96282204798191,26.532929598788797,48.42161003613015,-0.0052612998795661834,1307,3682,295,92,216,49,8,5284,975.324151096053,40.186658461077904,42.89816318616701,-3.2200520730029254,DEFENSIVE,False,False
2024-08-15,55.30722633035479,75.83350171751869,37.11691259931896,52.61360284414636,43.28514467266399,56.303593189712295,62.86416950435112,52.47759968366857,0.008258665612228567,3753,1196,337,164,96,60,3,5286,983.3790271234859,47.416283951108404,58.55792070728352,21.68887647009152,RECOVERY,True,False
2024-08-16,38.568186342208286,31.59144893111639,32.61445327279606,47.080291970802904,40.32268741467462,56.303946571356576,29.75785092697692,48.61613594430003,-0.004612880185666572,1596,3456,234,174,281,53,21,5286,978.8428174942679,43.02892073633429,44.54086181506246,-13.16208964432235,DEFENSIVE,False,False
2024-08-19,36.68448927645623,37.176375404530745,31.800983730609154,48.26032912692195,38.24051273031741,56.196249193798245,0.0,48.70894962471981,-0.004303501250933967,1838,3106,342,150,425,54,30,5286,974.6303662047137,43.51996731633975,48.20044201772189,1.4731397400163644,DEFENSIVE,False,False
2024-08-20,27.791485866530742,12.173913043478263,21.24077926990732,42.7835051546392,40.90583799938367,56.864795875636155,0.0,45.199413820253305,-0.016001953932488988,630,4545,112,79,1154,38,20,5287,959.034375983501,34.3480538283984,26.98057912637509,-27.515740463824045,DEFENSIVE,False,False
2024-08-21,33.26833859362172,35.83367305340399,19.491204842065443,48.37067209775965,32.846069321502014,57.71945017617457,0.0,49.14446262701853,-0.002851791243271581,1758,3148,381,70,738,50,14,5287,956.2994101480748,32.58143791220288,28.394653833804295,-5.299847748586565,DEFENSIVE,False,False
2024-08-22,26.54063726784608,14.068884997081144,14.422167580858709,43.58288770053469,37.38421981596895,57.24878338188657,0.0,45.38076073479708,-0.015397464217343086,723,4416,148,55,1680,38,23,5287,941.5748241992535,29.20015390933283,20.69215703132109,-10.143852008610153,DEFENSIVE,False,False
2024-08-23,32.89342429414986,36.493271741313514,14.261395876678645,48.12206572769951,36.43289739638526,58.00737929269432,0.0,48.67689571207209,-0.004410347626426365,1817,3162,308,61,1638,50,21,5287,937.4221519082436,30.900800051872533,28.798609930599508,5.1019384276191175,DEFENSIVE,False,False
2024-08-26,46.104963152164295,74.56990310460748,17.927382753403933,53.97114145523223,37.19110264224087,57.402664657001054,18.04084720121029,53.16646049779088,0.010554868325969599,3771,1286,231,87,256,61,21,5288,947.316519287482,35.17967490472006,41.710686614334,12.836624558542574,TRANSITION,False,False
2024-08-27,27.958067483309367,19.588638589618025,15.034039334341905,44.032469232783434,36.35665704536959,57.007023375450984,0.0,45.900573795368636,-0.013664754015437881,1000,4105,183,73,1077,40,33,5288,934.3716720766579,35.65215164320782,43.55060447851296,1.4174302154632876,DEFENSIVE,False,False
2024-08-28,42.37198579052412,67.31667682307535,17.070172120295062,52.00250312891113,37.70674910615847,61.03528670680729,0.0,51.377313095102004,0.004591043650340021,3314,1609,364,81,446,49,18,5287,938.661413208803,38.811672141999246,53.825072839100244,9.478561496374262,TRANSITION,False,False
2024-08-29,53.017449443130694,81.6281847133758,24.512956307925098,55.236656596173276,45.60127793368324,59.505502395126655,39.218838660866275,54.193754362479105,0.013979181208263683,4101,923,263,122,179,69,9,5287,951.7831311972536,41.11583423898804,56.17783337535635,6.912486290966399,TRANSITION,False,False
2024-08-30,65.2566469065506,89.60963293843464,38.814296520423596,56.575342465753444,68.01235498076721,58.51116733497959,77.60968229954615,55.82279574853091,0.019409319161769707,4614,535,139,202,56,89,0,5288,970.2565937634496,53.548694046735115,79.51816482496189,37.298579423241236,RECOVERY,False,False
2024-09-02,35.11891327464933,15.114474194800154,29.411764705882355,42.926045016077154,54.64427363084301,59.753642960659526,25.97881596368451,44.982961906007844,-0.01672346031330719,779,4375,133,119,246,37,15,5287,954.030546123922,51.131003208110194,62.117430615536826,-7.253072515874791,DEFENSIVE,False,False
2024-09-03,55.069678474379955,77.4382840955079,35.35086060147532,53.0075187969925,43.735336905638306,60.5309805742769,54.35029317193115,52.80759200385001,0.009358640012833385,3827,1115,345,175,152,49,6,5287,962.9589745663426,51.815079551859945,60.720797076247514,2.0522290312492615,RECOVERY,False,False
2024-09-04,35.61672248229809,24.341054313099043,32.057099640763845,46.971782518926375,40.714179289682164,60.65658838197954,15.021743240688219,47.98623084625,-0.0067125638458333204,1219,3789,281,128,313,41,9,5289,956.4950509686479,41.935104743775774,38.96460420113565,-29.639924424252513,DEFENSIVE,False,False
2024-09-05,56.376696103372396,77.36608940797423,40.26465028355387,52.96077142230984,39.57866156290471,60.717804990537786,63.98865784499055,52.6136492666609,0.008712164222202985,3842,1124,324,158,84,55,5,5290,964.8281929304111,49.02103235335013,59.71514260552701,21.257782828723066,RECOVERY,True,False
2024-09-06,28.704838345000738,9.663703131039814,27.622377622377627,42.09039548022599,41.45892808244819,60.041394309423936,0.0,44.55798144843484,-0.01814006183855055,500,4674,117,63,560,35,6,5291,947.3261498470765,40.232752310223724,37.12361561737098,-26.364840129379218,DEFENSIVE,False,False
2024-09-09,36.56446413619858,38.141157160443164,27.26928895612708,48.73015873015878,38.415855213686285,60.42887847089054,0.0,49.210542323931264,-0.002631525586895775,1859,3015,414,65,663,54,16,5288,944.8332368446185,40.548666194857226,41.72364989981902,0.9477416539004935,DEFENSIVE,False,False
2024-09-10,47.09134168416327,65.58704453441295,32.413010590015126,51.893493776119605,41.02456987878244,60.23431133574576,16.71709531013616,51.58256439467007,0.005275214648900257,3240,1700,348,101,277,46,19,5288,949.8174349763891,37.45354805512085,37.797301608631926,-9.285354419209128,TRANSITION,False,False
2024-09-11,36.6840002068369,30.620467365028205,29.446229446229445,47.575757575757564,34.64074264050839,60.194862937132164,23.53997353997354,48.67357592366982,-0.004421413587767258,1520,3444,327,100,240,36,15,5291,945.6178992634863,40.113268675732904,44.78288968662806,7.979161861836161,DEFENSIVE,False,False
2024-09-12,37.79026919750327,37.1556825137727,29.714663643235074,48.55558411850394,37.43917328074561,60.37430900869636,11.640211640211644,49.15500331269688,-0.0028166556243437476,1821,3080,391,97,300,40,5,5292,942.9544192890456,40.52187036283447,44.454398137737904,1.2258050613046905,DEFENSIVE,False,False
2024-09-13,30.82161558511202,20.734341252699785,23.72448979591837,44.258937919267915,39.4670209757161,60.11413437935818,0.0,46.456500811399614,-0.01181166396200128,1056,4037,199,70,1035,48,16,5292,931.8165585569194,35.09862832981738,29.503497043833516,-16.269726099051248,DEFENSIVE,False,False
2024-09-18,32.93986013741175,29.253317488611607,20.82624314615239,46.65970772442587,40.38977298457244,60.06495737623165,0.0,47.94728584110919,-0.0068423805296360315,1477,3572,240,95,1404,32,23,5289,925.440715079457,33.850581640009004,29.047780418361313,-3.74414006942515,DEFENSIVE,False,False
2024-09-19,63.273806988347324,91.10854503464203,35.66030606461364,58.6330935251798,50.96072966177913,59.03615487168504,81.92896278103154,56.580485468971766,0.021934951563239227,4734,462,97,200,31,65,2,5293,945.7402123393744,42.34509423695702,47.032067925317754,25.483537790844053,RECOVERY,False,False
2024-09-20,42.614040651145245,31.4543630892678,33.541194255479965,47.53883313205345,40.35061710480422,58.99720165390865,65.11715797430084,48.94715058765403,-0.0035094980411532334,1568,3417,307,219,139,55,2,5292,942.4211389167295,46.27590259230143,50.605408537507095,11.792425066033225,TRANSITION,False,False
2024-09-23,47.25467619332884,50.544259601560896,34.61465810351341,50.0,37.944975574594764,60.0062022936803,59.82244049867775,50.42138113621839,0.00140460378739465,2461,2408,425,216,164,63,10,5294,943.7448672177728,51.0475079442738,57.70238924182352,14.314816055917092,TRANSITION,False,False
2024-09-24,76.00941283563601,97.1336370539104,62.00188857412654,63.06532663316587,74.28358223989765,56.99528447456099,100.0,60.47522157834943,0.03491740526116475,5117,151,27,863,7,120,3,5295,976.6979892095599,55.29270989337002,59.71075324824631,12.735605847288689,RISK_ON,False,True
2024-09-25,73.63444101736647,80.78837348198287,69.65263356616953,53.8614423622942,86.81815000004866,57.2390981542225,100.0,53.6194452772634,0.012064817590877984,4058,965,274,1046,2,66,3,5297,988.4816722907505,65.63284334877709,76.15542337915134,31.020400366221224,RISK_ON,False,True
2024-09-26,80.70615720605488,96.95701787751997,84.03813479327921,61.6591928251121,79.00530577304434,55.534669781770084,100.0,60.122680202371235,0.03374226734123746,5098,160,39,2012,4,191,3,5297,1021.8352851390986,76.78333701968577,91.62634280447104,33.45148101272604,RISK_ON,False,True
2024-09-27,87.28013412873382,98.27488151658767,95.22551424797132,68.83116883116882,100.0,50.6955003542833,100.0,65.44171079777988,0.05147236932593289,5184,91,24,4098,1,361,1,5299,1074.4315683260484,80.54024411738504,92.00675762536345,11.270721293097807,RISK_ON,False,True
2024-09-30,90.64874445584557,99.84891406987724,99.31067044381491,89.93685872138917,100.0,31.026781816970463,100.0,84.62349719415725,0.11541165731385751,5287,8,0,5072,2,3089,0,5295,1198.4334962968849,86.21167859687807,98.36027115466158,17.014303438479104,RISK_ON,False,True
2024-10-08,87.10267266219238,94.85280151946819,99.22524565381707,81.59975036405243,100.0,24.62308190699336,100.0,76.8430481250941,0.08947682708364703,4994,271,27,4848,2,2245,0,5292,1305.6655230162917,88.34385041559057,97.65886570197763,6.396515456137493,RISK_ON,False,True
2024-10-09,49.33809610163552,5.466237942122188,97.98752834467119,11.046909889953493,100.0,12.92345943734018,93.08390022675736,22.325169945359075,-0.09224943351546976,289,4998,5,237,9,73,2814,5292,1185.2186181573593,75.6965044065578,66.72265117715581,-37.9420380270983,TRANSITION,False,False
2024-10-10,63.155275487842474,57.41833923652106,98.13905157755526,51.50659133709983,81.39772425408445,11.435058335224635,55.85679198941998,50.16095984118126,0.0005365328039375295,2918,2164,211,40,9,118,106,5293,1185.854526825838,66.53201475055678,52.579126232703764,-27.4934689680031,RECOVERY,False,True
2024-10-11,43.3805477113439,7.909281494187153,96.56084656084656,33.05882352941181,60.02503562063124,8.491187910552167,53.96825396825397,37.65069930481458,-0.04116433565061807,415,4832,45,24,3,42,219,5292,1137.0396130507743,51.95797310027395,23.597952890943414,-43.722124950848475,TRANSITION,False,False
2024-10-14,70.19941257172346,94.97228063467789,97.87535410764873,60.849621061029154,54.017033412388926,7.699482747683062,58.87629839471199,59.873906125440456,0.032913020418134875,4968,263,64,48,1,232,4,5295,1174.4630210513426,58.91174525696993,53.43330045512865,20.861316470087935,RISK_ON,False,True
2024-10-15,46.11551780740629,14.705882352941174,96.48791540785498,42.15535444947207,49.22718500220488,7.3156441079832435,64.35045317220543,45.34946983659174,-0.015501767211360876,765,4437,94,77,1,69,15,5296,1156.256768700653,53.23182603015787,39.195814827268684,-17.039757680436182,TRANSITION,False,False
2024-10-16,55.69971129726209,52.46717071229606,96.1117402793507,50.351730566190334,39.49738413144897,7.2251014877585895,65.85503963759909,51.50378492272555,0.005012616409085159,2637,2389,272,84,0,135,16,5298,1162.0526403525578,57.3382138921306,54.048444566638324,12.31916358591819,RECOVERY,False,False
2024-10-17,50.20183352970101,33.582089552238806,94.32182607055273,46.769851951547814,41.56265767748516,6.4385109289382125,65.84606677985285,49.272234245934236,-0.0024258858468858726,1710,3382,209,85,1,89,10,5301,1159.23363329899,50.67235421145645,33.58504753915863,-19.997579042022444,TRANSITION,False,False
2024-10-18,72.85529008722905,96.35148042024832,96.92510847009999,60.95100864553311,59.42417159157879,5.951535467942581,76.97604225617808,60.66726960336262,0.03555756534454204,5044,191,66,143,0,302,0,5301,1200.4531589646099,59.58561163806403,60.80024689492768,26.73977227982276,RISK_ON,False,True
2024-10-21,68.09567312820927,72.6594700686948,96.39690624410488,55.22193211488249,59.46748667635979,5.83860142717193,100.0,57.28302801622084,0.02427676005406945,3702,1393,206,345,2,380,2,5301,1229.5962722609436,63.71759891504643,67.5310133470606,12.39596183094718,RECOVERY,False,True
2024-10-22,64.44995864551566,68.21705426356588,97.58490566037736,54.10985434773985,51.2293844561423,6.167831789938727,88.49056603773585,52.23976688397896,0.007465889613263185,3520,1640,140,205,1,154,120,5300,1238.7763022985234,68.4669739536513,79.07600158416962,14.248125115814652,RECOVERY,False,True
2024-10-23,59.59608259050617,52.98224615998404,97.60241646214838,50.42127435492372,48.36610459060976,6.163893992493163,88.13479327921465,51.64124378159373,0.005470812605312415,2656,2357,284,205,3,152,6,5297,1245.5534153083006,64.04723812141036,64.61959016408152,-13.25920749672288,RECOVERY,False,False
2024-10-24,53.4825215213392,40.46816107915096,96.77175759864073,48.45070422535214,35.78730367647961,5.722562664532482,83.03756843496318,49.98830873197976,-3.8970893400799576e-05,2040,3001,256,175,0,152,17,5297,1245.5048749789278,59.176187585787,53.889153834233575,-14.613151606870069,TRANSITION,False,False
2024-10-25,68.48862669334503,81.88869497770021,96.92336730841828,56.39169137571698,45.24998202670877,5.660225398730178,100.0,56.39011873998887,0.021300395799962894,4223,934,141,294,5,245,8,5298,1272.0346217867623,60.52241026839678,58.44636740561168,4.038668047829361,RECOVERY,False,True
2024-10-28,69.04427015151839,80.13937282229966,96.95996978851964,58.31081546378933,50.07976868596559,4.704742892612856,100.0,57.76742153030073,0.02589140510100244,4140,1026,130,487,0,335,3,5296,1304.9693854819436,63.67180612206752,67.49874295971689,9.448187561012219,RECOVERY,False,True
2024-10-29,49.449616173688035,19.61722488038278,91.88066465256797,40.01191756615239,50.608414748586604,3.0689754332794528,100.0,45.38459265079925,-0.0153846911640025,1025,4200,71,339,5,182,14,5296,1284.8928345078257,62.327504339517134,60.54843089346084,-4.032905347651166,TRANSITION,False,False
2024-10-30,53.827625921946954,44.05785770132916,85.99886706948641,48.67805002366479,39.693901335069945,2.458870209065167,95.88368580060423,50.46679555880471,0.0015559851960157015,2254,2862,180,270,27,197,42,5296,1286.8921087367864,57.44050408238444,47.93815180133715,-14.661000771398072,TRANSITION,False,False
2024-10-31,61.7941732953613,67.51867872591427,85.66440166100415,53.467712842712835,45.290828238089304,2.7473136472940363,100.0,53.86221509664356,0.012874050322145201,3434,1652,212,335,27,240,16,5298,1303.4596225038354,55.02380513033208,43.731253769208685,-7.250096856157093,RECOVERY,False,True
2024-11-01,40.64934471376168,18.06674338319908,73.26854123419513,36.81318681318682,45.14365707919091,2.0694274110377053,69.62634459331949,40.31693673661005,-0.03227687754463315,942,4272,85,158,54,122,425,5299,1261.3880158839052,52.090381310356626,43.21442660348078,-8.800271459926357,TRANSITION,False,False
2024-11-04,63.563567115904675,85.741923002515,81.52481600301944,57.981220657277,34.32173351040523,12.048250739147893,79.25080203812041,56.9554952358575,0.023184984119525003,4432,737,130,162,7,243,56,5299,1290.633277000733,55.33569504167587,57.10911503720939,9.735941193957721,RECOVERY,False,False
2024-11-05,74.20979012261868,95.76952526799387,92.39909468125236,59.86301369863014,52.38270963480127,19.515691429342162,100.0,59.98324452841628,0.03327748176138759,5003,221,78,356,1,341,0,5302,1333.5823023367648,59.47423398409499,66.52606388456927,12.415616827257388,RISK_ON,False,True
2024-11-06,64.51502210988123,54.125347084490286,92.1365264944371,50.68259385665526,58.572499165359794,35.24964648811364,100.0,52.863028755152385,0.00954342918384128,2729,2313,261,640,4,211,9,5303,1346.3092505999396,67.42945978280152,78.54559845166632,23.86567739611955,RECOVERY,False,False
2024-11-07,74.68578504380588,85.36819842338012,95.88756838332391,58.84955752212395,59.84023682178593,34.88323067989945,100.0,57.48859083439317,0.024961969447977236,4440,761,100,1227,2,263,24,5301,1379.9157809809446,71.13686575876858,78.42102359195471,11.122217927901204,RISK_ON,False,True
2024-11-08,62.530598404729986,41.65851750440055,95.69274269557022,48.23008849557522,62.506203194183904,38.526010092236874,100.0,50.28751453656515,0.0009583817885504986,2130,2983,192,572,1,170,23,5305,1381.2382671351702,67.24380185280567,60.384021004090265,-11.679191717888699,RECOVERY,False,False
2024-11-11,71.57361285836343,74.94199535962878,96.4245283018868,56.924899223984184,55.8192690762973,38.138337451295435,100.0,56.554987358142206,0.02184995786047403,3876,1296,128,1058,16,268,22,5300,1411.4182650673479,69.59666543563308,67.32290376246976,7.058590748482203,RISK_ON,False,True
2024-11-12,57.71107130822728,27.700077700077696,95.3602414183327,45.48532731376977,58.12239089078681,38.19378744005688,100.0,47.069342497042726,-0.009768858343190917,1426,3722,154,432,25,98,31,5302,1397.6303199729125,63.93842752377355,48.10019685470229,-16.974713735578597,RECOVERY,False,False
2024-11-13,61.52422817067122,49.67242406194163,95.03960769520936,50.0,42.30269903541418,38.10659338488611,99.03809883062995,50.76653078560411,0.002555102618680383,2502,2535,265,262,2,99,12,5302,1401.2014088634223,63.60297077908729,50.771499040549315,-1.006370234058764,RECOVERY,False,False
2024-11-14,42.63751502633792,8.55025650769523,85.03677163869507,37.675070028011206,38.06351963505381,36.28434708249034,64.33151046577409,41.4044473477781,-0.028651842174072982,450,4813,40,104,28,46,53,5303,1361.0544072425787,53.95760483507879,28.64091942323813,-28.93609783202551,TRANSITION,False,False
2024-11-15,41.5129806941011,17.230119093353824,71.39491046182846,41.867852604828435,36.13971752747499,36.17831457411014,53.77002827521207,44.6099804723844,-0.017966731758718654,897,4309,99,117,97,93,53,5305,1336.6007077986294,48.55824129703674,25.150933220996844,-16.19809061412618,TRANSITION,False,False
2024-11-18,35.33273591990167,21.796844940361677,62.228927022440125,40.96774193548383,37.74545309289306,34.60816610063213,0.0,43.39886832006978,-0.022003772266434077,1133,4065,105,114,458,107,224,5303,1307.1904502130737,39.82774388011355,15.859073513803525,-26.19149225076955,DEFENSIVE,False,False
2024-11-19,62.02894499828477,85.70057581573896,70.61262959472197,59.147609147609174,32.04736358897971,33.57997045149769,66.02262016965128,56.83540305604853,0.022784676853495073,4465,745,95,105,20,149,31,5305,1336.9743622071535,46.2915538707625,41.57584661648477,19.39142997194685,RECOVERY,False,False
2024-11-20,67.14769370004902,87.18646704258215,79.2632372338421,56.85358255451716,34.6930935552851,33.03566501973816,96.16544186922931,56.926347745359195,0.023087825817863988,4484,659,164,248,3,216,2,5307,1367.842193404742,54.83645820607847,64.89462926622754,25.634713005947916,RECOVERY,False,False
2024-11-21,56.05911314114935,49.10322837783978,78.6266013564431,50.0,32.841569157657396,33.24032182016692,97.2871137905049,51.580136813699816,0.005267122712332731,2464,2554,290,260,9,142,5,5308,1375.046786088511,61.74525061316103,73.99675707872025,20.72637722124768,RECOVERY,False,False
2024-11-22,30.07857722576296,7.903195311022876,60.31267658692786,33.89830508474581,39.13939831490991,31.169589285654574,0.0,39.35257284215711,-0.035491423859476304,418,4871,20,117,589,85,38,5309,1326.244417776833,51.09512802232043,48.064296910481545,-31.950367772521812,DEFENSIVE,False,False
2024-11-25,52.26951768580339,71.08270385434825,65.36070823130532,54.84522207267837,31.32293423728667,31.74889282525042,26.266716895837256,53.99831314703483,0.013327710490116081,3670,1493,146,171,297,196,22,5309,1343.920219416095,46.13573601757188,42.69637584773691,-14.878176014245625,TRANSITION,False,False
2024-11-26,40.676801029643435,28.79468646219965,61.904313430024494,45.95959595959593,27.90820902351716,32.78222976122665,43.972499529101526,46.83246103177669,-0.010558463227411026,1474,3645,190,114,146,104,118,5309,1329.730487198816,41.008298647069914,35.92686187585688,-15.382312111505918,TRANSITION,False,False
2024-11-27,60.80439801072235,82.81827016520894,66.22716142399699,55.38011695906428,33.046777118833276,32.91606080465975,75.42851761160294,55.1181246261963,0.01706041542065431,4261,884,164,152,17,148,24,5309,1352.4162417079372,51.25023890872304,60.898553493918904,30.725820784959392,RECOVERY,False,False
2024-11-28,52.52164349595907,47.98268057469002,67.21311475409836,49.64476021314388,33.82572562770421,33.48951681164052,86.743923120407,50.78867064269845,0.0026289021423281586,2438,2643,226,209,14,122,11,5307,1355.9716116630827,51.334280845441604,53.19854573403282,0.25212581015567537,TRANSITION,False,False
2024-11-29,64.55241789242156,82.84313725490196,72.62285821879118,54.74308300395254,39.17737286255388,36.86741793897379,88.034268499341,54.77649822260747,0.015921660742024897,4225,875,211,207,5,167,9,5311,1377.560931639799,59.29281979970097,71.21469599826692,23.875616862778124,RECOVERY,False,False
2024-12-02,69.97595367462641,88.2387134276303,80.80399171530786,56.98254364089781,44.30670213424514,37.25134972858291,100.0,56.73910271055088,0.02246367570183626,4554,607,150,397,4,212,9,5311,1408.5060136676748,62.350005021002325,73.02151041907403,9.171555663904059,RECOVERY,False,False
2024-12-03,57.947830544112044,47.02800725367721,81.3500282432687,49.6923076923077,40.29549984633968,38.892541501735145,100.0,50.66795602136741,0.002226520071224685,2334,2629,348,306,1,137,23,5311,1411.6420805775465,64.15873403705332,72.70328597873643,5.4261870481529755,RECOVERY,False,False
2024-12-04,45.050620931940315,18.01111324008431,73.53107344632768,42.88630731756622,39.264435949298445,38.82627711387116,73.54048964218455,45.64679534036862,-0.014510682198771283,940,4279,91,154,29,100,34,5310,1391.1581909678735,57.658135050226235,51.09261130713055,-19.501796960481244,TRANSITION,False,False
2024-12-05,62.35990098245543,73.52185089974293,78.03500846979108,53.43716433941994,35.220535363511075,39.895576604231955,83.87916431394692,53.92615032607876,0.01308716775359587,3718,1339,256,209,29,167,13,5313,1409.364511584859,55.11945081950258,46.186990464501434,-7.616052692170982,RECOVERY,False,False
2024-12-06,65.1850166533634,69.01353206511081,83.38979860718992,52.99200412690226,44.323751683469496,40.21534780857942,100.0,52.69551526468034,0.008985050882267802,3519,1580,214,285,6,139,16,5313,1422.0277234331113,57.53184618925303,53.5154987349793,7.237186109251361,RECOVERY,False,False
2024-12-09,55.596103318610304,38.327115648929905,81.61363208435323,47.90575916230364,43.15112568008498,41.91504888137288,94.05949915270193,48.71220919482822,-0.004292636017239283,1952,3141,218,270,36,123,98,5311,1415.9234760099896,61.047006984809684,60.28749953792783,10.545482386669988,RECOVERY,False,False
2024-12-10,63.68544248707239,56.23734305386796,85.14301844185171,50.700527542632834,59.39630091902994,42.52397608664676,92.15280391418894,52.30601531804122,0.007686717726804077,2777,2161,376,244,20,147,9,5314,1426.8072800928337,61.488854153015346,54.525996922636175,1.3255415046169645,RECOVERY,False,True
2024-12-11,67.80194851476277,73.47058823529412,88.558524651863,53.5955056179775,45.375631102261806,41.93314356391697,100.0,53.672233222780754,0.012240777409269165,3747,1353,214,376,38,172,20,5314,1444.272510414375,62.36116477348181,56.011682312697275,2.6169318613993653,RECOVERY,False,True
2024-12-12,67.38271362160438,67.64647859538371,90.48918156161807,52.55897640943621,49.735278239570924,43.8031053414427,100.0,52.97617857878979,0.009920595262632646,3429,1640,246,610,12,154,13,5315,1458.6005534391425,66.29003487447983,65.78480329484854,11.786610302994077,RECOVERY,False,True
2024-12-13,49.0357599788202,16.98509743981658,80.11662904439427,41.05506105108021,51.899082918529274,44.499271219262525,81.22648607975921,45.009249692872025,-0.016635834357093246,889,4345,82,249,83,115,15,5316,1434.3355162389644,61.406807371729094,52.70072142349809,-14.64968250825219,TRANSITION,False,False
2024-12-16,48.99662121289728,33.42449697206485,73.71240601503759,46.693447255232215,41.81020911715563,47.12384719029921,55.07518796992481,48.051275899859206,-0.006495747000469319,1711,3408,201,249,222,122,38,5320,1425.0184356116886,55.138364937773936,39.352024335755,-18.80532730186549,TRANSITION,False,False
2024-12-17,30.939071287040132,9.853249475890985,52.003009215723154,35.37956888472351,41.849418728091806,45.17311937736264,0.0,39.46993990528394,-0.035100200315720226,517,4730,70,79,523,34,218,5317,1375.000003068124,42.990484159585854,20.08761462925742,-36.443642334564245,DEFENSIVE,False,False
2024-12-18,45.08965304512612,54.67553405884724,53.2437006393381,50.54141353742687,33.1022908342147,45.85793221689466,10.699511094396396,51.39458831342705,0.004648627711423474,2713,2249,356,114,323,129,18,5318,1381.391866185594,41.67511518168782,32.651093502267635,-3.9461069336940824,TRANSITION,False,False
2024-12-19,44.76053968384666,46.36526588329018,51.83339601353892,49.50155743890585,33.392551796396205,45.74716858072774,32.70026325686348,50.473688825237794,0.0015789627507926565,2328,2693,297,119,211,99,31,5318,1383.573032486549,40.26308800533762,36.964683139342746,-4.236081529050622,TRANSITION,False,False
2024-12-20,55.84434482663334,68.1477093206951,56.099624060150376,53.03332771960952,34.92536506813403,48.92665355692814,68.42105263157895,53.17836294834479,0.010594543161149295,3451,1613,256,156,58,121,17,5320,1398.23135669583,48.56484585186869,56.396169754277444,24.905273539593207,RECOVERY,False,False
2024-12-23,26.450580527136637,10.09679256025811,32.180451127819545,32.97193701222807,40.878153892997716,45.164932088276565,0.0,37.92570633793335,-0.040247645540222164,532,4737,51,78,1182,42,272,5320,1341.9558366683123,42.35182167920553,41.53658925474774,-18.639072517989483,DEFENSIVE,False,False
2024-12-24,46.64274929818929,75.01965408805032,36.49182177100959,53.71765887967843,31.448997706941267,45.681191654085126,6.0067681895093035,52.91353899244774,0.009711796641492462,3817,1271,231,122,356,91,26,5319,1354.9886388558984,42.979224883986404,51.08805198966778,1.882209614342628,TRANSITION,False,False
2024-12-25,27.548154632858708,16.74687199230029,28.3524543915742,41.51943462897525,31.447079176101045,45.496594958900204,0.0,43.92618379634659,-0.020246054012178025,870,4325,122,89,1459,39,63,5317,1327.5554656877343,33.54716148606152,33.954439546869516,-28.29619019377463,DEFENSIVE,False,False
2024-12-26,47.6363628453954,71.05421084216843,30.915241495959407,53.21027287319424,28.170328613542583,45.153006961808195,42.858485247134,53.630447835133324,0.012101492783777739,3552,1447,322,156,194,116,12,5321,1343.620868575819,40.60908892548111,54.27357897417295,21.18578231825876,TRANSITION,True,False
2024-12-27,48.326559109348146,67.56756756756756,34.445488721804516,52.83649262059345,32.99059162123641,45.22728484437971,45.48872180451128,51.9981234386354,0.006660411462118014,3450,1656,214,83,107,81,18,5320,1352.5699364096224,41.170358862534066,51.78955013401204,1.6838098111588593,TRANSITION,False,False
2024-12-30,30.8174941953698,24.346978557504872,31.217080511662903,45.4888720817463,31.43445097100147,46.19124756001477,0.0,46.59420479494727,-0.011352650683509116,1249,3881,186,109,538,52,30,5316,1337.214682396548,42.260138716704425,54.32291898908023,3.2693395625110924,DEFENSIVE,False,False
2024-12-31,25.6190652938355,12.832281506980303,22.048872180451127,40.31618151524059,35.278808527509746,45.120170911785564,0.0,42.99909766818184,-0.023336341106060525,671,4558,91,43,1936,54,48,5320,1306.0089844361096,34.92103953285113,34.91560921068419,-22.017297551559896,DEFENSIVE,False,False
2025-01-02,26.304381365359617,17.17287488061127,16.378337720947727,41.464873419031356,38.48858343823381,45.10164403041173,0.0,44.64624338772627,-0.01784585537424577,899,4336,83,28,2890,69,23,5318,1282.7021369823972,27.580313618188285,18.11737831503209,-22.02217774398853,DEFENSIVE,False,False
2025-01-03,22.23996818469615,11.305339160174805,10.911654135338347,35.31605356813223,37.30720156394797,43.548067269111236,0.0,39.66015141723255,-0.03446616194255817,595,4668,57,32,3574,55,176,5320,1238.4923174050966,24.72113828129707,13.770165182588736,-8.577526010673651,RISK_OFF,False,False
2025-01-06,31.735640088037453,43.98111723052715,10.024426907177752,48.898829485299444,30.5698292879449,43.87038127146417,0.0,48.562769116740995,-0.004790769610863356,2236,2848,238,41,2008,74,94,5322,1232.5589860475845,26.75999654603105,24.15311042377102,6.116574794201952,DEFENSIVE,False,False
2025-01-07,47.302399503085816,83.17021684897333,12.997746055597295,58.21987588354198,29.542410254896208,42.28291660478647,36.85199098422239,56.64924800112823,0.022164160003760737,4334,877,113,63,133,138,11,5324,1259.8776206284163,33.75933592527312,46.15222441322504,20.9980181377262,TRANSITION,False,False
2025-01-08,33.15834842780931,37.546687635148416,14.012021036814426,48.07195725048954,36.01050459052351,42.78680575217704,15.81517655897821,49.93409608783658,-0.00021967970721140497,1910,3177,237,66,248,82,4,5324,1259.6008510815946,37.39879600631084,54.89934057154957,10.918380243113159,DEFENSIVE,False,False
2025-01-09,38.72761614697904,52.540670817433224,14.920187793427232,50.22093344380005,30.477489471101133,43.33808352592632,36.10328638497653,51.19020911219649,0.003967363707321645,2616,2363,346,48,122,104,8,5325,1264.598145783887,39.7294546926247,57.75252510051828,6.991976058941585,DEFENSIVE,False,False
2025-01-10,21.831428478734445,9.737042682926827,11.138241923365891,38.51128784198985,33.3100774671677,43.138912111238334,0.0,41.64846831664188,-0.02783843894452705,511,4737,76,26,1156,48,86,5324,1229.3937075131203,31.239131017840908,33.27480037850277,-25.47097102435137,RISK_OFF,False,False
2025-01-13,35.639818898316555,58.04780876494024,10.627112279384153,51.059252019407396,30.327055811632874,42.81150714940729,0.0,50.266947232158024,0.0008898241071933998,2914,2106,306,31,672,62,39,5326,1230.4876516712973,32.066287841343325,40.10850742176671,2.4814704705072472,DEFENSIVE,False,False
2025-01-14,60.543204265498154,99.45478473397256,22.574591855882904,67.88758492896845,46.413366420357235,37.65979221243136,70.26646650403453,64.53642273565985,0.0484547424521995,5290,29,10,109,1,333,0,5329,1290.1106139236417,39.33815054751636,55.74654539394649,21.815588118519116,RECOVERY,True,False
2025-01-15,37.96097413270186,31.44380801896109,22.55582660911991,47.39696312364421,37.80587176711621,39.99094611532404,63.6986301369863,48.78947894585002,-0.004035070180499927,1592,3471,266,85,12,69,17,5329,1284.9049270558519,44.71466576550551,62.98213383929124,16.129545653967412,DEFENSIVE,False,False
2025-01-16,48.562809884636245,65.3612012987013,26.514725192271616,51.509433962264154,41.2635431089144,40.37724483559837,63.693490902269744,51.93088774086003,0.006436292469533435,3221,1707,403,83,10,85,9,5331,1293.1749509619278,49.02232942761207,65.41993135054493,12.92299098631969,TRANSITION,True,False
2025-01-17,44.46493237745694,50.716448032290614,28.559369724254363,50.0,35.79216266461526,40.42937219909363,66.50722190958544,50.22925227946416,0.0007641742648805471,2513,2442,376,104,16,74,21,5331,1294.1631619794412,43.66290546493166,49.173819116650954,-16.078271888041215,TRANSITION,False,False
2025-01-20,52.81355395088387,70.0019813750743,37.589118198874296,52.838894261766576,41.5915487309296,40.43125849837208,69.51219512195121,52.72646312807364,0.009088210426912135,3533,1514,283,127,23,83,23,5330,1305.9247891222683,48.61376540432567,62.02654356868868,14.852579818182015,TRANSITION,False,False
2025-01-21,43.80665942290687,37.52711496746204,37.25618904726182,48.21004674825362,39.06018717582703,44.66975801064527,69.31732933233307,49.68798097358118,-0.001040063421396066,1903,3168,261,161,58,66,21,5332,1304.566544518008,47.02838191708255,52.74851479160893,-4.756150461729376,TRANSITION,False,False
2025-01-22,34.9294028803134,18.924148606811148,31.13985751781027,45.451096702993524,35.79627979244162,44.9152133713628,49.62504686914136,46.58523453365739,-0.011382551554475345,978,4190,166,109,111,49,34,5334,1289.717248568788,43.84987208470136,42.15108164978244,-9.535529497143543,DEFENSIVE,False,False
2025-01-23,44.43672445792185,45.15405019383799,31.868440779610197,49.51886689573117,46.91267236251594,46.260522627724356,52.06146926536732,49.55187350988163,-0.0014937549670612426,2213,2688,435,85,74,50,24,5336,1287.790727022634,41.05759558704735,33.86843792270367,-8.376829492962024,TRANSITION,False,False
2025-01-24,55.31239942397864,77.03320739709683,40.19497562804649,53.355838765293704,41.90519029873505,46.07044481945846,64.43569553805774,53.50668107478403,0.011688936915946743,3874,1155,305,156,79,104,28,5334,1302.8436315917427,44.892842254071276,47.0371353992486,11.505740001071771,RECOVERY,False,False
2025-01-27,41.53050414364981,34.314302530900534,37.31483217701106,46.58484525080042,41.52980628561916,46.13523273848542,53.18769923120195,46.78942296181574,-0.010701923460614193,1749,3348,236,125,108,50,79,5333,1288.9006987652992,47.09320934185008,52.167186707278404,6.60110126333641,TRANSITION,False,False
2025-02-05,52.98808241488844,65.0572038006593,41.96177627880832,53.31574981160516,44.02268294323805,45.28750742324499,65.55180813190931,52.93459480440097,0.009781982681336565,3355,1802,180,213,130,112,58,5337,1301.5087030785842,49.94366199417228,58.8015712428855,8.55135795696659,TRANSITION,False,False
2025-02-06,67.73640568826501,91.53623188405797,54.47733233420756,57.17558747192939,53.266699104777025,45.32530147711067,100.0,57.1601623238395,0.02386720774613168,4737,438,163,549,22,167,2,5338,1332.5720816783592,54.084997415601066,63.63591273853922,12.42400626428637,RECOVERY,False,False
2025-02-07,68.05900725648004,80.1140833988985,60.86345757632515,53.97790055248617,69.23164586322754,46.55107069966582,100.0,54.42511718333489,0.014750390611116288,4073,1011,255,831,3,120,1,5339,1352.2280404005833,62.92783178654448,78.9025063612052,26.528503112830236,RECOVERY,False,True
2025-02-10,68.31316064694344,79.43304007820137,66.98183860700243,55.05344995140913,59.824282754996936,50.4786992253496,100.0,55.58006154993487,0.018600205166449574,4063,1052,226,1273,18,180,0,5341,1377.3797593838601,68.03619119722948,83.69445178705256,15.325078232055006,RECOVERY,False,True
2025-02-11,54.54507087107906,34.58439772057379,66.20786516853933,47.696847130590484,52.71080327433202,51.194485164023675,100.0,49.53604660174001,-0.00154651132753331,1760,3329,251,619,19,96,5,5340,1375.2496259836578,63.63907959150083,64.71050706589118,-13.191334817185947,TRANSITION,False,False
2025-02-12,64.8557757615193,69.9205217036886,69.37265917602996,51.93550306387169,52.196018764251285,52.229021413736085,100.0,53.16966169598211,0.010565538986607035,3431,1476,433,734,17,114,0,5340,1389.779879523305,62.57133575984725,61.31265316748787,-3.2032314949607468,RECOVERY,False,True
2025-02-13,50.571242237920345,21.314972847168345,63.96742183111777,45.143300861216986,54.43312576001892,51.71967669911586,100.0,46.811659936154584,-0.010627800212818055,1099,4057,185,306,19,76,7,5341,1375.009576623937,56.65736295683954,41.93996409047686,-17.7419184090231,TRANSITION,False,False
2025-02-14,56.43754157209544,46.223021582733814,62.556179775280896,49.539958043327026,48.41916994013404,51.326679622922875,100.0,50.8802612308872,0.0029342041029573602,2313,2691,336,418,36,119,10,5340,1379.0441353652727,57.28818652384501,45.81950537786353,1.8924707010163786,RECOVERY,False,False
2025-02-17,65.58945926220527,70.22811464223045,66.67290419161677,53.53982300884957,57.12785389057977,54.028525208761636,100.0,53.89691415067466,0.0129897138355822,3602,1527,215,606,52,170,11,5344,1396.9575240503054,57.53274769074034,45.922036357377486,0.7336835006859701,RECOVERY,False,True
2025-02-18,41.35326520845216,13.281546040166731,48.82088714205503,39.860139860139874,55.07381862944245,51.820400310363866,67.0316301703163,42.86808896988188,-0.0237730367670604,701,4577,65,197,106,54,58,5343,1363.7476014690358,54.4600886809176,43.244227421710285,-9.217977029468187,TRANSITION,False,False
2025-02-19,68.66468700326142,89.27247903257265,61.154781957701665,56.60550458715594,48.27077428175104,55.48881712243438,100.0,56.705746219968844,0.02235248739989615,4577,550,216,400,45,197,2,5343,1394.230752547511,58.53580382463959,57.594046571656555,12.22714543116598,RECOVERY,False,True
2025-02-20,63.013132927014496,65.03152088258472,65.58405091725945,52.24794636331098,50.94134361794236,55.102734424701275,100.0,52.99551166516585,0.009985038883886157,3301,1775,266,581,55,128,2,5342,1408.152200824808,57.67702837957601,55.86184865177464,-2.576326335190771,RECOVERY,False,True
2025-02-21,61.676363177516095,54.925668979187314,66.35479041916167,50.69025072955746,59.66932550897077,54.78500636743421,100.0,52.83101552728524,0.009436718424284151,2771,2274,299,610,98,167,1,5344,1421.4405366425276,64.45139436926398,69.74322296478151,20.323097969063937,RECOVERY,False,False
2025-02-24,61.39100064115951,53.00729639124433,69.09754727579104,50.454029511918286,58.28893575534148,54.60259644960441,100.0,50.959253062816224,0.003197510209387421,2688,2383,270,564,62,115,25,5341,1425.9856072704792,62.026832248563345,57.654828751005404,-7.2736863621019126,RECOVERY,False,False
2025-02-25,49.660172974622164,28.755364806866957,63.86027345944933,46.59133012226757,49.68749065421294,54.79066955591985,73.41262408690767,48.742492005214565,-0.00419169331595145,1474,3652,213,333,208,86,6,5339,1420.0083129318407,57.5758455977659,45.56277672576615,-13.352959952392332,TRANSITION,False,False
2025-02-26,68.5931733377111,80.93476144109056,71.23595505617976,54.14316957956373,52.25955241446645,54.32276486249448,100.0,54.3921436169708,0.014640478723235996,4156,979,205,616,29,140,1,5340,1440.7979144241374,59.881448984497574,54.23247421306723,6.9168101601949985,RECOVERY,False,True
2025-02-27,57.625552632022305,40.53469628464714,70.89733982765081,48.444587810729665,54.05820652067968,54.376641294503415,100.0,49.98654632337224,-4.484558875920829e-05,2062,3025,251,443,41,111,8,5338,1440.733300993382,58.626299648118504,50.0749408442015,-3.7654480091372022,RECOVERY,False,False
2025-02-28,34.86032037509541,10.337632776934752,46.55366173440719,38.44984802431619,51.78944432308884,51.06222030780281,22.841356059187113,40.77856690341069,-0.030738110321964364,545,4727,67,169,314,54,178,5339,1396.4478818429195,53.69301544827626,43.935696834224096,-14.799852599526751,DEFENSIVE,False,False
2025-03-03,54.427755603840254,62.69161855464862,49.70952023988006,51.771877575403465,45.84367240965928,50.33945704785151,65.36731634182908,51.99874160949234,0.006662472031641117,3149,1874,313,226,144,114,40,5336,1405.7516767993422,48.971209536985974,37.85464920541011,-14.16541773387084,TRANSITION,False,False
2025-03-04,62.06721567536072,78.17679558011051,59.25613640622072,54.324324324324365,38.34911654570469,50.477595073570335,90.09743301480232,54.26541119494664,0.014218037316488791,3962,1106,269,277,63,127,14,5337,1425.7387065977923,50.45176388476545,50.40201563723124,4.441663043338416,RECOVERY,False,False
2025-03-05,51.834687061953574,44.6031746031746,56.70663169726489,49.163469052145395,40.41390458408244,50.95758521847298,82.59647808167853,51.011093925152565,0.0033703130838418573,2248,2792,298,285,111,98,5,5338,1430.5438924147784,56.10988611371817,61.82386291264452,16.97436668685816,TRANSITION,False,False
2025-03-06,67.27955246500427,82.04625637005097,66.81971514242879,54.3053006704449,49.35014023486545,51.14923346683335,100.0,54.81611723051765,0.016053724101725484,4186,916,234,347,19,160,1,5336,1453.5094493790139,60.39381840077283,68.27540885111198,12.851796861164019,RECOVERY,False,True
2025-03-07,51.64413901914088,32.386695195487256,61.1787856071964,46.923076923076934,44.894346785662414,50.98264727000109,100.0,48.81659631037547,-0.003944678965415078,1665,3476,195,331,60,81,22,5336,1447.7758212280164,56.91945951536621,53.012042056237554,-10.423076656219841,TRANSITION,False,False
2025-03-10,60.427849491849436,62.82959464777647,64.99250374812594,51.799703218506686,41.47268322520586,51.31577996799629,100.0,51.99028233847268,0.006634274461575607,3193,1889,254,354,56,109,15,5336,1457.3807633848762,59.78384699199818,59.08751540443817,8.593162429895862,RECOVERY,False,False
2025-03-11,58.55670776699585,55.853855470327005,66.9289863219037,50.63728093467876,39.331017261339284,51.4280306501919,100.0,51.38797681222948,0.0046265893740982745,2767,2187,383,426,38,75,9,5337,1464.123465738768,56.87623209266203,50.35671510453019,-8.722844698008423,RECOVERY,False,False
2025-03-12,58.39840002210153,50.468968269806425,69.54852004496065,50.0,44.46049182983726,51.3238018268084,100.0,51.399999770027236,0.004666665900090779,2529,2482,327,368,19,111,3,5338,1470.9560407898534,59.12765242698225,56.384139462636576,6.7542610029606465,RECOVERY,False,False
2025-03-13,46.94426876075549,27.989130434782606,61.563670411985015,45.82099833727688,43.28640232984809,51.4399119710623,67.79026217228464,46.90249110518811,-0.010325029649372966,1442,3710,188,281,186,64,37,5340,1455.7683760557738,54.6331255166176,44.770651391638616,-13.483580731093944,TRANSITION,False,False
2025-03-14,70.26085311710972,85.72811773818745,75.34644194756555,55.96468964288892,50.07638636246955,50.83851898838321,100.0,55.39043986815286,0.017968132893842883,4427,737,176,522,6,131,10,5340,1481.9258156993978,58.53450729998889,54.72873881425877,11.704145350113869,RISK_ON,False,True
2025-03-17,63.26080080456722,60.40215010949632,78.80831928049466,51.255886970172696,46.54250723360571,51.30045914559034,100.0,51.97588751936828,0.006586291731227591,3034,1989,314,603,9,96,10,5337,1491.6862114456312,60.15530756081079,58.03979942748873,4.862400782465691,RECOVERY,False,True
2025-03-18,62.31051384875702,57.82889426957224,80.29764133283415,50.80536949027952,41.724611874429016,53.29024993101521,100.0,51.70479633978644,0.00568265446595479,2866,2090,386,451,12,96,8,5342,1500.162948756906,65.2773892568113,67.98638737241862,15.366245088001527,RECOVERY,False,False
2025-03-19,52.85635182938603,28.095611285266457,76.47940074906367,47.06338198551694,38.80472284566097,54.036774328737835,98.68913857677903,47.675236860566095,-0.007749210464779675,1434,3670,236,289,29,61,71,5340,1488.537870335524,59.47588882757007,48.775551888111615,-17.40450128772369,TRANSITION,False,False
2025-03-20,55.055557058637575,37.90434610041675,73.04380381879444,48.43823173587265,38.75576608865756,54.328840146123866,100.0,49.17452162965155,-0.002751594567828152,1910,3129,303,326,57,79,19,5342,1484.4420176175024,56.74080757892685,41.27628388508509,-8.205243745929643,RECOVERY,False,False
2025-03-21,37.32322022540439,18.56840484895132,61.31386861313869,43.411118737131105,42.01917504973771,53.641100620242476,0.0,44.793823209685044,-0.017353922634383186,965,4232,146,193,493,59,58,5343,1458.6811256885405,48.411709704475975,28.189454078211455,-24.987293623352627,DEFENSIVE,False,False
2025-03-24,37.395918510229734,27.223719676549862,49.054838105932994,43.939393939393945,44.478246253213364,52.280132749117136,0.0,45.7672333220572,-0.014109222259809338,1414,3780,149,170,1016,57,51,5343,1438.100269480012,43.25823193142387,27.89882354197259,-15.460433319156294,DEFENSIVE,False,False
2025-03-25,47.431259029840376,47.67625049231981,49.653946876169094,49.66783101652881,34.339740742569056,52.266217053996655,52.80583613916947,49.461318966906234,-0.0017956034436458824,2421,2657,268,260,245,73,73,5346,1435.5180116838255,40.71679925515814,31.15612500594027,-7.624298028797199,TRANSITION,False,False
2025-03-26,56.73887424352374,68.50565588410399,55.375841436050855,52.56096485457364,33.59713844560537,52.10998008493877,77.67389678384443,52.70377606764789,0.00901258689215963,3452,1587,309,206,58,100,8,5348,1448.4557424993861,47.188683927864595,47.80187535099117,19.415654018119348,RECOVERY,False,False
2025-03-27,45.07359770094086,35.81707076680465,53.30964846671653,47.74779981176624,34.80158836017284,52.1070848109608,54.30067314884069,48.68432588250742,-0.00438558039164193,1817,3256,275,176,153,64,44,5348,1442.1034233969194,49.747910324768306,50.666325714409425,7.677679190711125,TRANSITION,False,False
2025-03-28,32.48107347816373,17.20201238390093,42.80239297064872,44.31988041853509,34.383815513011044,55.32108794463183,0.0,45.64857207727292,-0.014504759742423625,889,4279,181,102,563,45,52,5349,1421.1860597168204,44.764515140876085,40.50824634493646,-14.950185551676647,DEFENSIVE,False,False
2025-03-31,32.83378842268913,23.983115886415963,33.37070254110613,44.873913964823075,36.86128665272936,55.796548428976664,0.0,46.478680146667706,-0.011737732844440971,1250,3962,140,89,1326,46,59,5352,1404.5045574256205,36.796153200597885,25.667399679040457,-23.905085820834607,DEFENSIVE,False,False
2025-04-01,54.73405559816173,73.81789761625635,42.20063515785541,54.0322580645161,33.91406212093651,55.91507912893834,63.824023911825144,53.47191661264649,0.011573055375488292,3778,1340,235,170,96,90,12,5353,1420.7589664438328,40.01630583300484,38.334341962191026,9.660457897220873,TRANSITION,False,False
2025-04-02,47.60668202268209,53.19277108433735,42.631677250653716,50.33876657922596,28.53846954801576,56.14753344730505,58.03137840866641,50.653543935672104,0.0021784797855736796,2649,2331,374,122,79,56,14,5354,1423.8540611324036,45.0581753478443,50.331261529003164,15.125608544518357,TRANSITION,False,False
2025-04-03,38.33233059595458,39.39631517052136,40.364145658263304,48.02530083307626,33.95190811061324,56.98060217415652,0.0,48.31562225405004,-0.0056145924864998715,2010,3092,253,160,474,64,51,5355,1415.8597008188972,46.891022738932776,55.468994623704965,5.498542173265449,DEFENSIVE,False,False
2025-04-07,15.473670207517243,1.9626168224299079,8.229030450214832,9.94930291508238,54.37030888350276,30.108022326415952,0.0,13.569318188748625,-0.12143560603750458,105,5245,3,56,4555,29,4454,5353,1243.9239199858746,33.804227608717945,31.51723435909615,-39.26038539064449,RISK_OFF,False,False
2025-04-08,39.50115578157416,61.86055323986358,11.145366218236173,56.48398398398391,53.25689725038762,27.243255123485135,0.0,52.42973060913585,0.008099102030452823,3265,2013,74,101,1848,226,189,5352,1253.998586731961,31.102385528348638,34.406495077604895,-8.105526241107924,DEFENSIVE,False,False
2025-04-09,51.845335710407326,85.82647002489945,15.331465919701214,59.378960709759184,53.36104446017276,25.60534439726275,49.2530345471522,58.51172700621872,0.028372423354062395,4481,740,134,116,120,303,10,5355,1289.577565520116,35.606720566499554,49.88321336239759,13.513005114452746,TRANSITION,False,False
2025-04-10,55.808017714646056,93.03387894937191,19.716206123973112,59.69836937504369,49.16015886408187,23.69458258649648,69.79088872292756,58.57960771394419,0.028598692379813957,4888,366,102,107,1,216,0,5356,1326.4577976163355,49.051503068875824,80.24030073804492,40.33434750712881,RECOVERY,False,False
2025-04-11,45.02533189321512,63.50870253164557,21.38188608776844,52.08604954367671,38.3206803460268,22.8358896628295,64.00560224089635,52.53240737843854,0.008441357928128446,3211,1845,299,76,1,124,33,5355,1337.6549026625717,50.892895106089476,80.78968383530558,5.524176111640955,TRANSITION,False,False
2025-04-14,53.11055214919038,86.50485436893204,26.489262371615315,56.16822429906545,38.856666616965384,22.647911956897982,68.8608776844071,55.63746962198347,0.018791565406611577,4455,695,205,102,1,140,3,5355,1362.79153225743,51.31463391901716,81.01581194998312,1.2652164387830567,TRANSITION,False,False
2025-04-15,41.09629654547015,46.03048901207681,27.47991780310106,49.438990182328226,32.914616643402404,22.187806258021748,70.17560246590698,50.06617671156549,0.00022058903855164287,2325,2726,302,111,3,78,14,5353,1363.0921491312768,46.41072686262519,65.34801530421808,-14.711721169175902,TRANSITION,False,False
2025-04-16,32.538605729851035,18.609994256174613,25.051334702258725,43.15617036767385,35.09727678422178,22.26027024416146,66.24043307821542,45.75505640667195,-0.014149811977760173,972,4251,134,95,8,53,10,5357,1343.8046515127082,42.2484848081705,50.381779212394434,-12.486726163364082,DEFENSIVE,False,False
2025-04-17,45.595492032231206,60.84325196691547,28.01008026880717,51.32450331125824,31.376798034273058,21.814192222228378,75.94735859622924,52.026254061309054,0.006754180204363493,3016,1941,400,144,5,108,2,5357,1352.8809502884872,39.74346476918411,41.82791174505557,-7.515060116959177,TRANSITION,False,False
2025-04-18,40.21992823232491,46.66396268505374,27.366063095015868,49.72658920027335,29.629938683240887,21.46104781898982,65.49374649990666,49.635326552830215,-0.001215578157232615,2301,2630,426,89,6,76,37,5357,1351.2364177559803,39.451341998135696,42.039069636047884,-0.8763683131452424,TRANSITION,False,False
2025-04-21,53.65052301343272,83.90871854885897,35.12782235491696,55.601816805450355,35.02411515080427,21.047008786112865,71.83243142377309,55.318901816155645,0.017729672720518806,4302,825,232,127,10,137,11,5359,1375.1933972108402,46.48864775932959,63.805311066942664,21.111917283581683,TRANSITION,False,False
2025-04-22,45.847963580414394,48.795060744871535,38.08812546676624,50.0,36.67364914731238,21.523243487500142,83.60716952949963,50.34969254092846,0.00116564180309486,2450,2571,335,192,12,95,16,5356,1376.796380121969,46.57280494205731,59.78924732626135,0.2524715481831876,TRANSITION,False,False
2025-04-23,49.215871446312356,61.13288906311251,42.93447825275341,51.785714285714235,41.80268537025061,21.022471622975946,66.05376143363823,51.997405518548156,0.006658018395160536,3119,1983,255,100,14,92,23,5357,1385.9631157472115,49.571452680053135,64.61222278561428,8.995943213987445,TRANSITION,False,False
2025-04-24,39.147681337468725,29.02214383695865,38.837035654284115,46.27329192546581,39.77257774267755,21.153463321114085,67.36046294567855,47.32930340942955,-0.008902321968568175,1481,3622,254,129,36,69,21,5357,1373.6248258542698,44.737172121398466,46.31669788164751,-14.502841675963992,DEFENSIVE,False,False
2025-04-25,46.768704406257434,54.49089817963593,42.50653228816723,50.524590389504056,37.65164706301741,21.198118072841375,67.7304964539007,50.50752666325159,0.001691755544171983,2724,2275,359,133,38,79,33,5358,1375.948663269021,45.04408573001282,48.215310359902304,0.9207408258430405,TRANSITION,False,False
2025-04-28,35.16744275636539,22.632485173139465,34.42867811799851,44.40435044616511,38.51214700104452,21.29012483655215,57.654966392830474,45.83204198922226,-0.013893193369259127,1183,4044,129,123,82,54,81,5356,1356.832342424051,40.36127616669716,35.38184239657795,-14.048428689946967,DEFENSIVE,False,False
2025-04-29,50.76682991489917,68.47697756788666,41.48696793549597,53.169014084507005,38.19083778808551,21.268909287127347,68.93868366772922,52.509097189075504,0.008363657296918356,3480,1602,251,171,70,86,45,5333,1368.1804231454607,44.234325692507305,48.533453640220635,11.619148577430444,TRANSITION,False,False
2025-04-30,53.10673970963975,66.15052920423364,47.480329711502435,53.05805854561396,42.59474630486507,21.173513486934358,79.59910078681153,52.9571862266883,0.009857287422294329,3375,1727,236,207,49,100,24,5338,1381.6669708219617,46.34700412696808,52.41999731508653,6.338035303382313,TRANSITION,False,False
2025-05-06,67.22126454127309,93.32827899924186,61.86788579958947,60.278372591006416,50.44472762862418,19.82715132699292,100.0,58.48874931801691,0.028295831060056353,4924,352,83,549,21,150,7,5359,1420.7623860095996,57.03161138860398,75.98526192378733,32.0538217849077,RECOVERY,False,True
2025-05-07,59.49815934781844,63.99919371094538,65.89255735870174,51.52380952380948,53.135656221209096,20.100742482647284,100.0,52.21710676648458,0.0073903558882819275,3175,1786,400,511,12,92,2,5361,1431.2623256748952,59.9420545329104,74.4926673048069,8.731329432919267,RECOVERY,False,False
2025-05-08,64.65468264529405,74.2012304028577,68.71503170458783,53.23294599987869,45.91431124684355,48.292772658038096,100.0,53.200057016998215,0.010666856723327381,3739,1300,323,854,8,93,9,5362,1446.529395836366,63.791368844795166,77.17623437101493,11.547942935654298,RECOVERY,False,True
2025-05-09,48.92677287106959,22.04081632653061,63.13875419619546,45.356710732062,42.804156799308615,52.197132895071064,100.0,46.899490619703016,-0.010335031267656612,1134,4011,217,306,13,43,14,5362,1431.5794693008127,57.69320495472734,53.413746813444504,-18.2944916702035,TRANSITION,False,False
2025-05-12,66.33374513369392,79.07113462669018,67.31629988810145,54.15202466478184,46.02332394836063,53.67476507420632,100.0,54.17845400018204,0.013928180000606798,4035,1068,259,566,11,96,3,5362,1451.5187658344075,59.97173355001917,58.43772711869278,6.835585785875487,RECOVERY,False,True
2025-05-13,54.79456233474443,36.85055165496489,66.47398843930635,48.49880586830433,47.141960991724794,54.72073282840035,100.0,49.37876842595054,-0.002070771913498216,1837,3148,378,318,22,67,4,5363,1448.5130015422021,56.68502677983596,45.98750086939517,-9.860120310549618,TRANSITION,False,False
2025-05-14,56.90660663922071,45.01412999596286,66.71327367636093,49.498903803026636,45.325852160987054,55.548476017041736,100.0,50.63716817303169,0.002123893910105636,2230,2724,410,309,24,83,1,5364,1451.5894894848864,59.34497136921967,53.645272092539265,7.979833768151124,RECOVERY,False,False
2025-05-15,46.70211686599469,26.0928696327958,60.469886257691584,46.17622610141314,40.953188857843514,55.67966729398861,70.69737087451054,47.55612291038001,-0.008146256965399955,1343,3804,216,194,83,62,9,5363,1439.7644684952688,52.80109527998659,35.98585042790779,-19.631628267699234,TRANSITION,False,False
2025-05-16,57.017901933179196,57.80590717299579,61.25512868332712,50.823611709757444,39.65108538126845,55.935882037086145,85.80753450205148,51.39706371394356,0.004656879046478522,2877,2100,385,272,80,81,16,5362,1446.4692774804687,53.54220847946485,42.970968933918094,2.2233395984347695,RECOVERY,False,False
2025-05-19,62.46065186538953,67.94720252167062,65.14275051315543,52.45183887915941,41.878566778399424,56.625861219611906,100.0,52.663083234915554,0.00887694411638518,3449,1627,283,461,48,110,7,5359,1459.3095044227307,55.39355688818779,50.615326442487344,5.554045226168817,RECOVERY,False,False
2025-05-20,65.14394723498589,73.65376944555246,69.64784795975405,52.70205066344991,44.015179031045285,56.374828087791826,100.0,53.117360373870184,0.010391201246233949,3693,1321,353,718,19,105,15,5367,1474.4734831637293,61.540833677851516,66.46895971340622,18.441830368991198,RECOVERY,False,False
2025-05-21,52.16166320938539,30.145326001571092,66.19429423829945,47.26631393298057,41.58307850631302,56.35363159110138,100.0,48.47401672657093,-0.005086610911430235,1535,3557,271,340,49,70,23,5363,1466.973410255654,59.922087436586914,57.248765989598006,-4.856238723793808,TRANSITION,False,False
2025-05-22,40.37498394344177,15.916030534351144,53.917910447761194,44.30627495057023,41.674533728903626,56.83866897295069,47.38805970149254,45.85200101872684,-0.01382666327091054,834,4406,120,180,194,48,37,5360,1446.6900628846697,52.560198129270994,39.905041993824845,-22.08566792194776,TRANSITION,False,False
2025-05-23,34.88975185010904,19.988434849653046,43.63110779559866,45.04753457993558,42.73144926977545,56.633330871310996,0.0,46.7248182797659,-0.010917272400780345,1037,4151,174,107,480,55,24,5362,1430.8961533886556,42.475466334312046,22.016597128525035,-30.254195384876844,DEFENSIVE,False,False
2025-05-26,54.13486285298974,72.70403146509341,50.02799029669715,53.243243243243214,35.09891481930584,56.73826436318505,43.8421347266281,52.87786618026551,0.00959288726755171,3697,1388,274,132,165,81,13,5359,1444.6225788796864,43.13319954884684,36.20283228303247,1.973199643604353,TRANSITION,False,False
2025-05-27,48.04403763947744,49.901146698299726,50.01866019779809,50.0,35.49300439770281,57.24473528900484,44.961746594513905,50.408401546711815,0.001361338489039381,2524,2534,301,218,245,77,16,5359,1446.5891991984508,45.689550780858724,47.531204337682,7.669053696035668,TRANSITION,False,False
2025-05-28,40.65918005868205,32.069510268562404,45.949225312675004,47.553516819571854,34.0699414955771,57.525757153430625,30.212805674818,48.691647978184896,-0.004361173406050358,1624,3440,293,218,324,66,28,5357,1440.2803728534268,47.61269351704973,51.558229477318456,5.769428208573004,TRANSITION,False,False
2025-05-29,65.60514963005184,83.6918939684979,56.69901100951671,55.33636105591828,43.813288330143095,58.03628820108091,99.26292218697519,54.80010978618443,0.016000365953948097,4357,849,153,301,37,150,27,5359,1463.3253858953703,51.43612244273709,55.22085031178662,11.4702867770621,RECOVERY,False,False
2025-05-30,38.41546110664351,20.328820116054157,45.624183616346336,44.28571428571426,40.42898310167581,57.7944035920805,34.32543384959881,45.78462004168536,-0.014051266527715477,1051,4119,189,216,300,50,56,5359,1442.7638108813824,48.22659693179244,45.36340811770476,-9.628576532833925,DEFENSIVE,False,False
2025-06-03,56.10682860691585,65.9634317862166,49.70121381886088,51.86170212765955,40.66110545196641,58.58096773973496,73.15592903828198,52.47234163687856,0.00824113878959521,3283,1694,378,350,226,97,15,5355,1454.6538276874612,53.375813114537046,56.66138195692283,15.4476485482338,RECOVERY,True,False
2025-06-04,63.0892011631261,76.26984126984127,55.43741839209103,52.96846011131721,41.77099330178218,60.82134487620746,100.0,52.824093353238396,0.00941364451079467,3844,1196,321,400,50,89,28,5361,1468.3474217075775,52.537163625561796,54.187364390703955,-2.5159484669257424,RECOVERY,False,False
2025-06-05,55.98483324632212,50.96876235666271,57.93695206118261,50.0,46.358843186326986,60.04958468919309,86.5603432195486,50.80865952193402,0.0026955317397800486,2578,2480,303,250,54,89,23,5361,1472.3053987878147,58.39362100545467,64.40067847090681,17.569372139678606,RECOVERY,False,False
2025-06-06,54.87476623477202,48.85252444621832,58.5834109972041,50.0,41.099288476445594,60.22715853684322,87.65144454799628,49.84398687651667,-0.0005200437449444479,2448,2563,354,280,78,61,35,5365,1471.5397355745272,57.98293354807339,58.697042690907374,-1.2320623721438295,TRANSITION,False,False
2025-06-09,66.77483564370611,79.19316375198729,65.69669837716845,53.15270935960594,47.70017590873116,60.298430085422105,100.0,53.588584629656445,0.011961948765521495,3985,1047,329,452,42,105,18,5361,1489.1422184978987,59.2114783749334,59.671483518289385,3.6856344805800134,RECOVERY,False,True
2025-06-10,46.31994600722027,23.45821325648415,57.78046962355572,45.72421043009278,53.83269779023462,60.781587236905665,55.031680954155796,47.68871432465648,-0.007704285584478401,1221,3984,161,264,237,71,15,5366,1477.6694415706872,55.98984929523278,50.501300484896525,-9.664887239101851,TRANSITION,False,False
2025-06-11,61.60347260777866,66.14762386248736,63.02849692680201,51.415428167020494,43.95698462241426,61.008231277838085,94.70106165021419,51.68152091151954,0.005605069705065154,3271,1674,424,274,34,73,22,5369,1485.9518817917356,58.23275141956833,56.26633362365288,6.728706373006645,RECOVERY,False,False
2025-06-12,54.47104162800175,43.86849536103267,62.01341031849507,49.333333333333364,44.67051164443481,61.00639431291164,83.7120506612032,50.576289599357196,0.0019209653311906346,2175,2783,411,309,128,87,8,5369,1488.8063438404752,54.13148674766688,44.49144416000134,-12.303794015704362,TRANSITION,False,False
2025-06-13,35.66687369937387,15.300859598853867,47.21549636803874,41.805377720870716,52.78949186676025,59.79156044334023,0.0,44.60346087147979,-0.01798846376173404,801,4434,134,185,777,75,47,5369,1462.025004876061,50.580462645051405,41.77232627412457,-10.653072307846394,DEFENSIVE,False,False
2025-06-16,55.33156841210742,68.4964200477327,52.18767454850121,52.072538860103634,42.04638614736129,59.47788387497045,50.7447402718302,52.596546493484,0.008655154978280004,3444,1584,343,224,220,85,8,5371,1474.679057875384,48.489827913161,42.55525833587302,-6.27190419567124,RECOVERY,False,False
2025-06-17,48.07889416538642,43.011830759975936,52.046130952380956,49.24979114452799,40.29065971729555,59.90412413710751,50.186011904761905,49.53258102911548,-0.0015580632362817313,2145,2842,389,214,213,61,23,5376,1472.3814146499935,46.35911209228922,42.26970346885411,-6.392147462615327,TRANSITION,False,False
2025-06-18,40.39907830457639,33.42439024390244,48.41889880952381,47.45463445022917,38.61349095480413,60.04999325438356,10.007440476190476,48.8647759576726,-0.00378408014109134,1713,3412,251,224,439,62,27,5376,1466.8098053787046,47.93651362735673,48.31088035053697,4.732204605202519,TRANSITION,False,False
2025-06-19,31.500080801238905,12.741751990898747,35.627906976744185,42.3622845555931,44.286029510370305,59.615016011690216,0.0,44.606253942037014,-0.01797915352654329,672,4602,101,130,1466,44,30,5375,1440.4378066935617,39.992684423733884,29.725990998258983,-23.831487610868518,DEFENSIVE,False,False
2025-06-20,34.55580221979182,28.782140721546746,32.3781168589505,47.44333323277119,36.03140352883355,59.733961611578266,0.0,47.80073984432985,-0.007330867185567165,1444,3573,357,106,1262,57,36,5374,1429.8781484436213,35.48498710853569,24.98276098544925,-13.5230919455946,DEFENSIVE,False,False
2025-06-23,57.17844190570053,84.39317564947655,41.24930180599516,55.343511450381655,38.390626116683165,59.581792433779455,50.7447402718302,54.7502745302333,0.015834248434110985,4353,805,213,179,175,100,9,5371,1452.5191942765844,41.0781083089104,41.97235612064062,16.77936360112414,RECOVERY,False,False
2025-06-24,68.65629348533267,89.51168535056051,57.88053591365836,57.548172890774694,49.80625880205544,58.03204819460015,100.0,55.917907831526634,0.019726359438422127,4711,552,111,358,15,102,40,5374,1481.1721099940912,53.463512536941664,67.56233390719454,37.15621268409376,RECOVERY,False,False
2025-06-25,66.0566460408894,75.9248150369926,65.0911797543729,52.362909079307364,51.5745873587108,58.2230470753105,100.0,52.885543150657874,0.009618477168859595,3797,1204,373,534,16,92,7,5374,1495.4187301172212,63.96379381064085,83.27655867900982,31.500843821097583,RECOVERY,False,True
2025-06-26,52.16290472003071,29.986190570132177,61.60714285714286,47.76577794532475,48.86512663782086,58.489504251981536,95.38690476190477,49.253038344172566,-0.0024898721860914423,1520,3549,307,275,31,80,14,5376,1491.6953286145422,62.29194808208424,65.14089698589504,-5.015537185669821,TRANSITION,False,False
2025-06-27,61.41877978438918,65.10871774029668,65.53777446966878,51.30187230211063,46.3088989813021,59.31337379996617,88.89095645701526,51.43993474342402,0.004799782478080051,3204,1717,453,246,37,75,11,5374,1498.8551417154604,59.87944351510308,57.00657444914043,-7.237513700943488,RECOVERY,False,True
2025-06-30,68.06782471053245,78.60845295055822,72.12397617274758,53.421730476524985,48.42083970115755,60.18064245056991,100.0,53.929329332680155,0.013097764442267165,3943,1073,356,523,27,109,7,5372,1518.4867932947304,60.54983640498409,57.90112042032897,2.0111786696430443,RECOVERY,False,True
2025-07-01,60.64113375648568,50.443190975020144,74.22747580044677,50.0,47.41017523350716,60.209072368202364,100.0,51.04814661589929,0.0034938220529976446,2504,2460,408,431,16,83,11,5372,1523.792115940329,63.37591275046908,64.72012055529162,8.47822903645497,RECOVERY,False,False
2025-07-02,56.003226948689544,36.87414097781269,72.19843633655995,47.85796871354293,44.92458339130802,59.964768904422904,100.0,48.622894615089045,-0.004590351283036518,1878,3215,279,366,28,75,22,5372,1516.7973748458414,61.570728471902534,55.30859496779696,-5.415552835699636,RECOVERY,False,False
2025-07-03,63.379365112670094,63.50798198935734,75.11169024571853,51.04302654482158,41.52714598008199,60.119172103930076,100.0,51.651769541170154,0.0055058984705671915,3103,1783,486,333,27,81,12,5372,1525.1487071921654,60.00790860594842,50.27510464739667,-4.688459597862355,RECOVERY,False,False
2025-07-04,48.283888346941964,21.445131375579596,67.13807219947897,45.83829179077554,45.07781921070777,60.00111045134611,74.93487160401935,47.27952414784472,-0.009068252840517618,1110,4066,198,190,56,47,22,5374,1511.3182730959584,55.88882680276718,40.60908478091648,-12.357245409543715,TRANSITION,False,False
2025-07-07,61.21641206029841,62.33637445458151,69.34313360625232,51.406706012609945,37.90884860849839,59.9764368120201,97.82285076293265,51.72859549482075,0.0057619849827358245,3143,1899,332,334,77,84,13,5374,1520.0264662896714,57.62655517330347,49.09649593983943,5.213185111608865,RECOVERY,False,False
2025-07-08,69.55540221002349,81.75728920409772,76.8801191362621,53.42156049613354,46.80472242636488,60.29864903233943,100.0,53.52497480275884,0.011749916009196133,4150,926,296,507,17,84,6,5372,1537.88664960033,59.685234205754604,55.17959834475288,6.176037097353394,RECOVERY,False,True
2025-07-09,56.63156022015997,35.214356929212364,74.51636904761905,48.36623477728965,47.71994168639615,60.40291583096435,100.0,49.429582513675335,-0.0019013916210822207,1766,3249,361,406,33,67,7,5376,1534.9625248106058,62.46779149682726,59.7693401959638,8.347671873218005,RECOVERY,False,False
2025-07-10,61.87370346563974,55.93930924336195,75.1720930232558,50.63694267515926,44.69307136784087,60.2176418787153,100.0,50.66382511653077,0.0022127503884359,2802,2207,366,464,77,76,17,5375,1538.3590137336153,62.68688863194105,57.63698512555729,0.6572914053413328,RECOVERY,False,False
2025-07-11,63.70514226990216,56.85916919959473,77.06319702602231,50.63331279445262,51.54573227469156,61.95069364892976,100.0,51.115688790688054,0.0037189626356268508,2806,2129,445,400,44,79,17,5380,1544.0801134258704,60.73680198523394,49.33761179072295,-5.850259940121326,RECOVERY,False,True
2025-07-14,64.392521000375,60.70369638268433,78.2406546401339,51.33713012257033,47.51706508663365,61.609560503659736,100.0,51.58761289861155,0.005292042995371844,3071,1988,318,521,33,85,14,5377,1552.2514517744187,63.32378891197228,57.834058275213614,7.760960780215029,RECOVERY,False,True
2025-07-15,50.35142401690975,24.26850258175559,69.5425808850874,45.708537363253996,52.01298451923191,61.26490440910375,72.12718482707325,47.56689976925569,-0.008110334102481024,1269,3960,149,274,155,61,26,5378,1539.6621738894667,59.483029095728945,47.277122721344824,-11.52227944872999,TRANSITION,False,False
2025-07-16,63.09001852222356,62.8971028971029,72.6241398549377,51.311475409836135,42.737050039701444,61.55506805618756,100.0,51.562584078218066,0.005208613594060232,3148,1857,372,356,32,71,12,5377,1547.6816792186478,59.277987846502754,49.28976728718089,-0.6151237476786022,RECOVERY,False,False
2025-07-17,65.68828429389725,68.91012606750712,75.94348391894404,51.64710726786082,43.99202155455438,62.95622237244667,100.0,52.61128865249465,0.008704295508315491,3389,1529,461,464,40,91,5,5379,1561.1531579073728,59.70990894434351,52.02524384878848,1.2957632935222563,RECOVERY,False,False
2025-07-18,60.348647341475946,49.70641830330027,75.07437709185571,50.0,43.30306517679638,63.78905914375039,100.0,50.65603312770486,0.00218677709234951,2455,2484,439,394,30,64,2,5378,1564.5670518707338,63.0423167191989,60.504549089303374,9.997223324566193,RECOVERY,False,False
2025-07-21,70.13819432905004,76.21292476920055,80.99089050009295,53.596660244059095,52.09665387932131,63.30731891225923,100.0,54.04112053996658,0.013470401799888596,3880,1211,288,905,13,157,1,5379,1585.6423987022997,65.39170865480773,64.94315638000259,7.048175806826478,RISK_ON,False,True
2025-07-22,62.61975090910651,48.313942023269576,80.03533568904592,49.84597612629962,53.847635789955206,64.19795079130161,100.0,51.20722797823105,0.004024093260770176,2450,2621,306,889,53,130,6,5377,1592.0231715929092,64.36886419321081,58.07776169859007,-3.068533384790747,RECOVERY,False,False
2025-07-23,51.8884062132966,23.169781931464172,74.17735638594533,46.551724137931046,51.334181778128574,63.94387850075609,77.8862242052426,47.8918659046534,-0.007027113651155352,1190,3946,243,263,113,66,25,5379,1580.835843830853,61.548783817151026,49.23221624131137,-8.460241128179348,TRANSITION,False,False
2025-07-24,71.47087574775057,83.25581395348837,80.00929368029739,53.86861851554006,50.14354170002364,63.64906858625559,100.0,53.766652647177594,0.012555508823925293,4296,864,220,549,33,89,2,5380,1600.6840422172486,61.993010956717875,51.57984596940732,1.3326814187005311,RISK_ON,False,True
2025-07-25,61.61511687920873,47.86609240407204,79.89594946116685,49.73464465955886,49.016617977856534,63.332336646086475,100.0,50.4696165147277,0.0015653883824256777,2445,2663,274,541,45,66,25,5382,1603.1897344208694,61.65813294675195,51.43056276300814,-1.0046340298977796,RECOVERY,False,False
2025-07-28,62.91760152126218,53.156741684923325,80.12260821103474,50.3365586874211,47.44616986903527,63.66065678434219,100.0,51.40838991843445,0.004694633061448151,2669,2352,362,474,58,82,8,5383,1610.716121951856,65.33453138274048,61.426216014161184,11.02919530796558,RECOVERY,False,False
2025-07-29,59.50861187462382,42.34359483614697,77.32504176721737,49.1935483870968,47.69921789619514,63.8845238955231,100.0,50.706749601949774,0.0023558320064992646,2132,2903,352,408,123,77,6,5387,1614.510698545335,61.34711009169822,47.78880964171406,-11.962263873126751,RECOVERY,False,False
2025-07-30,53.992013706935246,32.019417475728154,72.82770144819904,47.14285714285715,48.78784911971337,64.13129483932396,81.93464537690308,48.50838174710228,-0.004972060842992411,1649,3501,236,293,121,62,11,5386,1606.4832531205054,58.8060757009404,42.506584665599426,-7.623103172273481,TRANSITION,False,False
2025-07-31,39.532002696942776,19.352380952380955,58.71423262727611,44.20814467469783,50.97732474017823,63.343198844332974,0.0,46.7784127345522,-0.010738624218159331,1016,4234,132,183,476,62,14,5382,1589.2318331524782,51.01087609283392,31.238464421418637,-23.385598824319402,DEFENSIVE,False,False
2025-08-01,56.65019686596936,63.54825949367089,61.93350668647846,51.46954727326172,40.169211818464234,63.89750318653755,56.68647845468053,51.444372547504834,0.004814575158349455,3213,1843,328,223,187,59,17,5384,1596.8833092572322,50.0580710899491,38.30668597392661,-2.858415008654454,RECOVERY,False,False
2025-08-04,65.30663064196249,75.3249350129974,67.68258687976211,52.77777777777777,39.78542753699571,63.81123064806692,100.0,53.4655130147599,0.011551710049199679,3767,1234,380,409,44,94,7,5381,1615.3300422281784,53.82961006829152,52.74185848634969,11.314616935027239,RECOVERY,False,False
2025-08-05,66.70125916253183,75.14934289127837,73.75998513839866,52.51268422324227,41.913235740121614,63.67418008182536,100.0,52.61240818690751,0.00870802728969172,3774,1248,361,524,8,73,5,5383,1629.3963803177605,62.886028890154535,71.34084579931549,27.16925646558905,RECOVERY,False,False
2025-08-06,65.18076491296303,65.38617064294378,76.75520059435364,51.541125878655556,45.02080027320545,63.75670713394748,100.0,52.464449943649186,0.008214833145497284,3234,1712,438,633,7,95,12,5384,1642.781599709948,65.72955157248576,71.95348284907313,8.530568046993665,RECOVERY,False,True
2025-08-07,58.26438774728182,40.251196172248804,75.74744661095636,48.89042995839117,45.67140705102169,63.605767099102195,100.0,50.1449424141238,0.0004831413804126373,2019,2997,369,403,28,77,12,5385,1643.5752954797485,63.382137274258874,60.262236568823596,-7.042242894680662,RECOVERY,False,False
2025-08-08,58.97639226713308,46.23740865099743,73.33333333333334,49.50799507995072,43.36023110687191,63.258159772128806,100.0,49.88647064961586,-0.0003784311679471385,2341,2722,322,346,53,82,13,5385,1642.9533153610712,60.80718164245929,50.62492515539662,-7.724866895398748,RECOVERY,False,False
2025-08-11,70.43903314776786,80.60141509433963,80.28025241276912,53.96739494084577,47.677871904019625,62.72358139962107,100.0,54.26961449874421,0.01423204832914738,4101,987,300,640,11,121,5,5388,1666.3359063478229,62.55993772072757,55.6966733058619,5.258268234804831,RISK_ON,False,True
2025-08-12,58.23018178909775,39.11154985192498,78.39116719242902,48.70410367170628,44.35695262339821,63.17872020713884,100.0,49.94060845302263,-0.00019797182325791493,1981,3084,324,392,37,68,6,5389,1666.0060187902832,62.54853573466621,55.3167911990873,-0.03420595818407435,RECOVERY,False,False
2025-08-13,62.732251543297345,52.67839094400647,78.43883423055505,50.154918667699455,49.640245725333784,63.06422086053869,100.0,51.98380432351738,0.006612681078391271,2606,2341,440,481,42,134,1,5387,1677.0227852672238,63.800488826720965,57.463785296756974,3.7558592761642657,RECOVERY,False,False
2025-08-14,40.60886911494379,13.222829158033528,62.71343726800297,41.7505519210905,53.58482724914093,61.414162686564346,20.8611729769859,44.65267859890156,-0.017824404670328118,702,4607,79,206,363,59,27,5388,1647.13085250126,53.8571008157796,35.004256651321604,-29.830164032824065,TRANSITION,False,False
2025-08-15,70.65390858504584,87.99766945037871,71.93763919821826,55.1101231713433,47.88278668975664,60.43889256153187,100.0,55.48275294978671,0.018275843165955683,4531,618,239,466,73,152,5,5388,1677.23355763538,57.99834308109564,51.299629850806184,12.423726795948092,RISK_ON,False,True
2025-08-18,71.3596976471035,77.41240947347818,79.44671370219086,53.877731293700215,61.981056308374974,59.82399824310621,100.0,55.120691473477635,0.01706897157825879,3955,1154,277,793,33,207,3,5386,1705.8622095607602,60.87415844903103,59.54430269396341,8.627446103806157,RISK_ON,False,True
2025-08-19,65.40887534782026,56.816840448554004,82.56633883837448,50.94265514532594,56.514504415789915,59.908624892926696,100.0,51.639220890936166,0.005464069636453898,2888,2195,306,599,27,120,11,5389,1715.1831594639953,69.14082719332318,74.07563979080356,24.800006232876463,RECOVERY,False,True
2025-08-20,69.05980488399568,70.18303483566227,86.30709246193835,52.29542621187528,51.86344407512995,60.13103321666281,100.0,52.31387635950746,0.007712921198358198,3566,1515,305,682,12,115,25,5386,1728.4122320136921,68.60945929297311,68.13742825256476,-1.5941037010501589,RECOVERY,False,True
2025-08-21,61.518556315350146,40.91796875,87.11502782931355,48.60312627352301,53.96235317426184,60.26477339184312,100.0,49.095186112707964,-0.003016046290973456,2095,3025,270,435,7,64,22,5390,1723.1992607120542,65.32907884905534,55.972614678072034,-9.841141331753356,RECOVERY,False,False
2025-08-22,64.87290384572763,53.98760743553868,86.50278293135436,50.428161991199616,52.53782561267405,60.33414531534371,100.0,51.94265456913336,0.006475515230444547,2701,2302,387,466,14,108,3,5390,1734.3578637698859,65.15042168169113,55.02953700706693,-0.5359715020926217,RECOVERY,False,False
2025-08-25,69.88387375690367,64.14389620601533,88.74976813207198,51.84225676453656,64.5460697674488,59.845780157183896,100.0,53.10238166938519,0.010341272231283954,3263,1824,304,743,10,129,7,5391,1752.2933305855981,65.42511130599378,53.01649079718461,0.8240688729079864,RECOVERY,False,True
2025-08-26,65.33653476578023,53.01487862176977,88.86313056379822,50.42624700525708,55.04920126238911,59.540766123023104,100.0,50.695902902578204,0.0023196763419273477,2708,2400,284,659,19,98,12,5392,1756.3580839686745,66.69777078947048,57.04879408777453,3.8179784504300827,RECOVERY,False,False
2025-08-27,42.21838882213536,11.346189852087624,68.39421472278879,38.68894601542414,64.79780405112642,57.442247010854295,22.92786946041165,42.85948514893038,-0.023801716170232058,606,4735,52,192,338,65,20,5393,1714.5537473607594,59.14626578160639,42.83498822662418,-22.654515023592275,TRANSITION,False,False
2025-08-28,52.40450112426205,54.7191887675507,66.0949378824402,50.764400764400804,59.03534257526519,57.385426888354495,6.981272019284263,51.981699283451164,0.006605664278170566,2806,2322,265,225,457,117,4,5393,1725.8795138027042,53.31980823739252,39.693419080469305,-17.47937263264162,TRANSITION,False,False
2025-08-29,53.113138986208654,37.432432432432435,62.69708773882397,47.628458498023775,46.522099945896414,56.70773776859435,89.51029493600444,49.42452586575688,-0.001918247114143758,1939,3241,211,276,63,98,22,5391,1722.5688504059922,49.24534297753532,34.499270350690196,-12.223395779571575,TRANSITION,False,False
2025-09-01,61.37127296190557,60.723964382500974,65.65572250046374,52.03735144312391,46.56880264294505,56.24058813747905,100.0,52.883108790586576,0.009610362635288588,3137,2029,225,405,105,148,6,5391,1739.123361722646,55.629637690792066,50.95852852749465,19.152884139770208,RECOVERY,False,True
2025-09-02,40.11697495918081,23.326959847036328,56.722922848664695,44.24755883178471,47.91054988188192,54.538498121814726,13.835311572700299,45.59106302374578,-0.014696456587514057,1220,4010,162,198,393,65,59,5392,1713.5644107367575,51.53379563576498,40.49445222065652,-12.287526165081239,TRANSITION,False,False
2025-09-03,31.87613063107208,14.802259887005647,43.807934742306266,41.549495469912934,37.405989255402346,53.50030229984961,0.0,44.412515441543206,-0.01862494852818929,786,4524,84,121,1256,56,56,5394,1681.6493617870485,44.45479285071946,32.951061372180924,-21.237008355136574,DEFENSIVE,False,False
2025-09-04,40.073266705999735,43.24167312161116,40.877062859262004,48.580553584102184,40.75447360778248,52.98524488188263,0.0,47.77314573547158,-0.007422847548428064,2233,2931,229,105,866,57,89,5393,1669.166734944592,37.35545743208419,27.12363095188432,-21.298006255905833,TRANSITION,False,False
2025-09-05,65.08836419341915,91.3812785388128,51.381420359725574,57.63462849352416,35.32456521342375,51.55671862246345,100.0,57.344191369646445,0.024480637898821475,4803,453,137,294,15,178,7,5393,1710.0290013755287,45.67925384349696,49.80840384914314,24.971389234238345,RECOVERY,False,False
2025-09-08,62.34758947116483,74.79753181642886,59.28637627432808,54.09145607701564,39.110229821038146,51.19826893049899,100.0,53.81702968868053,0.012723432295601748,3879,1307,209,372,19,104,17,5395,1731.7864395980457,55.83640679019455,69.80682782561755,30.47145884009275,RECOVERY,False,False
2025-09-09,43.36778455309303,24.100306278713628,53.835464146748194,45.287187039764376,34.042383178517525,50.66595229786963,72.60515100982026,46.98138581107417,-0.010062047296419428,1259,3965,173,211,89,62,17,5397,1714.3611225355123,56.934579405892315,63.42637221131836,3.294517847093296,TRANSITION,False,False
2025-09-10,48.56599266047837,46.59498207885305,53.03816228232678,49.64036773187552,29.731574052653603,50.49162313067104,68.34012597258243,50.41297012590089,0.001376567086336297,2340,2682,376,156,57,66,6,5398,1716.7210556308894,51.42712222824539,48.497606724665125,-16.52237153294078,TRANSITION,False,False
2025-09-11,62.09594388780757,80.65899785533243,59.162497683898465,53.84615384615383,37.0540759704931,51.23727512408887,86.13118399110617,54.536290063564444,0.015120966878548123,4137,992,268,210,15,138,4,5397,1742.6795378527902,51.34324036712629,50.45142873763299,-0.2516455833572593,RECOVERY,False,False
2025-09-12,49.640159838411144,36.10248447204969,56.518518518518526,47.94740133636155,36.957844074467125,51.592979566148145,89.25925925925927,49.79648645059941,-0.0006783784980019647,1860,3292,248,240,28,91,6,5400,1741.4973415254026,53.434032128899,54.45215480207833,6.2723752853181125,TRANSITION,False,False
2025-09-15,47.435386939691966,35.97667638483965,54.65913301222675,48.05667888782239,34.21291992710378,52.1529682452293,74.63875509447944,49.79558169653809,-0.0006813943448730217,1851,3294,253,238,105,94,8,5398,1740.3106950852757,53.05716355530353,50.912719570740535,-1.1306057207864058,TRANSITION,False,False
2025-09-16,60.045838036493926,68.55370298565336,60.263060392738055,52.88337820182907,36.85543403648433,52.345506743003455,95.01667284179325,53.15520834612602,0.010517361153753381,3536,1622,240,322,79,106,1,5398,1758.6141711852274,52.373794938198984,46.87762128084751,-2.0501058513136456,RECOVERY,False,False
2025-09-17,54.61178187271829,47.52514296982844,61.76579581248842,49.70414201183431,37.42532684207337,52.675152228606294,94.83972577357791,51.1285767891784,0.003761922630594696,2410,2661,326,293,51,102,1,5397,1765.2299416342937,54.03100228296804,50.68517411344042,4.9716220343071456,TRANSITION,False,False
2025-09-18,36.70419457294624,18.7889077532541,49.17531504818384,42.74924471299091,50.74873469112069,51.975491918718085,6.449221645663456,46.094727158821016,-0.013017576137263296,996,4305,95,188,423,74,4,5396,1742.2509264692924,50.45393816071945,44.955917902911914,-10.731192366745724,DEFENSIVE,False,False
2025-09-19,38.36958635801979,35.42989036353145,46.55364091161756,47.262617621899054,36.59754344013345,52.02786492049179,0.0,48.39149866918738,-0.0053616711027087436,1842,3357,198,116,419,68,33,5397,1732.9095500231745,43.22852093456141,33.91464702887128,-21.676251678474138,DEFENSIVE,False,False
2025-09-22,38.95465049565958,40.57859209257473,44.67000370782351,48.26218124697215,32.86025180440023,51.98692263327649,0.0,50.17889019835384,0.0005963006611794668,2104,3081,209,158,600,111,16,5394,1733.9428851336177,38.0094771422085,31.599130069786707,-15.657131377058711,DEFENSIVE,False,False
2025-09-23,33.09716818154473,20.36617591543979,37.969994443415445,43.56160374597597,42.66952973990672,51.72915645692152,0.0,46.080792908542584,-0.013064023638191386,1079,4219,101,145,1423,66,19,5399,1711.2906142949582,36.80713501174134,32.124886123848604,-3.6070263914015115,DEFENSIVE,False,False
2025-09-24,60.70249470025205,84.19938414164743,44.30344572063727,54.99869859448201,35.37733001294809,52.215950581275706,92.79362726935902,54.69194889069523,0.015639829635650776,4375,821,202,253,22,111,11,5398,1738.0549079596194,44.251437792485426,48.38138404988727,22.332908342232265,RECOVERY,False,False
2025-09-25,40.949495937489125,26.99904122722915,41.970735321355804,46.331738437001626,36.4546372659142,52.69324301011383,57.038340433413595,48.289477332411025,-0.005701742225296587,1408,3807,184,173,135,60,9,5399,1728.1449669010221,44.91638627309527,43.85486709477207,1.994845441829547,TRANSITION,False,False
2025-09-26,37.54157839404187,33.72734436564224,37.51157193112387,47.50519750519757,35.193670823886436,52.71699098302349,15.561932975374932,47.49410542408169,-0.0083529819197277,1712,3364,325,124,310,59,33,5401,1713.7098032378294,46.39785634392766,48.308589911506225,4.444410212497139,DEFENSIVE,False,False
2025-09-29,51.772089220783236,68.70923107333465,42.20863442653326,52.27758007117443,37.01548560485398,53.093573304981625,48.14711876968686,52.700510165436185,0.009001700551453957,3476,1583,338,154,164,86,6,5397,1729.1361057186675,43.42105451743805,43.14520555540196,-8.930405479468817,TRANSITION,False,False
2025-09-30,49.900109201816576,50.43478260869565,43.72915894775843,50.0,35.16762951162039,54.49365247223541,77.60281585772508,51.21581000703731,0.004052700023457701,2552,2508,338,233,84,74,10,5398,1736.1437756548755,46.40459227221387,50.95711934922412,8.950613264327451,TRANSITION,False,False
2025-10-09,55.44484545303132,59.17022101589764,47.17383246849518,51.762114537444944,44.877379026142606,55.32307379285968,85.76723498888066,52.25137585291416,0.007504586176380527,3052,2106,238,408,215,134,30,5396,1749.172816233864,52.372347958543685,59.438078232642596,17.90326705898945,RECOVERY,False,False
2025-10-10,52.67195999270445,52.05956294720557,46.841422749166355,50.37883679882902,45.0551468766471,55.77692979619437,79.45535383475362,49.00917583307157,-0.0033027472230947523,2692,2479,227,290,131,69,39,5398,1743.3957405723347,52.672304882517416,53.888188857266236,0.8998707719212149,TRANSITION,False,False
2025-10-13,40.660541387947546,31.229618262037217,43.0938715052768,46.82539682539684,45.40118486919682,56.70334359170468,22.782817996667287,49.03518216713268,-0.003216059442891044,1628,3585,188,270,417,99,6,5401,1737.788876238171,49.59244894456108,47.486467408380086,-9.23956781386903,TRANSITION,False,False
2025-10-14,43.175934423941776,32.41885625965997,39.263235838578304,46.28889515705059,45.539533734687936,56.82141422034722,54.25768233987412,46.72798403056415,-0.010906719898119486,1678,3498,226,213,190,46,29,5402,1718.8352997229733,45.50281193486456,38.569345822967534,-12.268911029089544,TRANSITION,False,False
2025-10-15,60.18325671553507,82.4088440651668,46.019992595335054,54.24807681184567,38.272069855829955,56.9676980067789,80.91447611995557,54.21615534703131,0.01405385115677104,4249,907,246,186,19,100,11,5402,1742.9915551882839,48.00657750914144,48.68577286228794,7.511296722830622,RECOVERY,False,False
2025-10-16,39.16737317520501,21.397296782790786,40.49028677150787,44.922425952045145,36.151921207666746,56.55200821529224,55.550416281221096,46.97194203195235,-0.010093526560158822,1124,4129,152,166,136,51,10,5405,1725.3986236318585,47.508854771560586,45.408332369205795,-1.493168212742539,DEFENSIVE,False,False
2025-10-17,28.28565024548815,10.735735735735735,29.400887573964496,41.292122073793266,38.57258853412016,55.82101425296091,0.0,43.194615605564124,-0.022684614648119585,572,4756,80,93,1061,43,46,5408,1686.258620740374,42.54542671207605,38.180625527897725,-14.890284178453626,DEFENSIVE,False,False
2025-10-20,52.598984656009996,76.7455391776571,34.79105029585799,54.10256410256409,33.32537409046044,55.06495541052504,51.4792899408284,53.71549076670195,0.012384969222339823,3957,1199,252,157,149,97,10,5408,1707.142881859149,40.017336025567694,36.29285723206115,-7.584272059525077,TRANSITION,False,False
2025-10-21,62.05888942136405,87.13461538461537,45.163676715368965,55.555555555555536,37.400355351494255,53.986565405139054,91.42777880525244,55.15358350079601,0.017178611669320033,4531,669,207,233,9,103,3,5407,1736.4692264906512,47.64784144095404,58.205296766002675,22.891516246159043,RECOVERY,False,False
2025-10-22,48.01815605236296,43.105491900434615,45.68072512023677,49.141325741876194,35.01410682958429,54.296755961958844,75.71217166111728,49.62860810360539,-0.0012379729879820516,2182,2880,344,241,102,71,13,5406,1734.3195244937938,54.225343376578984,68.99521548756897,19.732505806874812,TRANSITION,False,False
2025-10-23,52.39893793870053,56.40023451240962,47.74449990756147,50.78277886497062,36.64000938942233,54.14869956628938,76.99205028655945,50.44972211284021,0.0014990737094673853,2886,2231,292,273,127,71,19,5409,1736.9193972967782,54.158661137475825,62.21344726581981,-0.2000467173094691,TRANSITION,False,False
2025-10-24,54.704277055211804,56.92636487274141,50.60085043446107,51.1152416356877,41.56006007444615,54.52100460924845,84.01737844333519,51.94764376711576,0.00649214589038586,2930,2217,262,207,23,93,16,5409,1748.19573142387,51.70712368209174,52.1440304285285,-7.354612366152246,TRANSITION,False,False
2025-10-27,59.78963585479199,64.75491168882715,55.56479940839343,51.639344262295154,47.59818252233562,54.77503079005772,95.11000184877057,52.27631538658149,0.0075877179552716134,3263,1776,370,285,41,87,16,5409,1761.4605475645242,55.63095028290141,59.36050369132601,11.771479802429027,RECOVERY,False,False
2025-10-28,52.518222916099646,44.3284757778653,54.263780984091746,49.25511845974586,42.25550134506947,54.85418039246363,88.66074731779504,50.10524066133604,0.0003508022044534528,2251,2827,328,297,88,74,10,5406,1762.0784718076675,55.67071194203445,55.33658411314457,0.11928497739911847,TRANSITION,False,False
2025-10-29,54.89514690792304,50.57270432925646,55.5452865064695,50.0,46.766770336886225,55.127852988210144,85.30499075785582,51.69227198351011,0.005640906611700361,2605,2546,259,284,93,104,10,5410,1772.0181919096224,55.734335226271526,53.21869726531625,0.1908698527112378,TRANSITION,False,False
2025-10-30,40.52697807017052,22.57323377369328,46.995747827694586,44.94026704146172,48.75710249150942,55.381705895859554,35.579589572934,46.6757016876652,-0.011080994374449326,1179,4044,186,208,286,69,32,5409,1752.38246829365,49.31344929806438,39.158137960271624,-19.262657784621467,TRANSITION,False,False
2025-10-31,59.80031667252243,71.07501933488012,53.40110905730129,53.3951857573987,49.8745949243027,54.95075869006634,77.35674676524954,52.60244759110694,0.008674825303689807,3676,1496,238,237,89,86,23,5410,1767.5840800713463,51.740813883538635,48.07365247927657,7.282093756422782,RECOVERY,False,False
2025-11-03,61.283923410412136,66.49864288483909,57.68804287562372,52.432432432432385,47.66662078462791,54.967971276876504,100.0,52.199980076618345,0.00733326692206116,3430,1728,253,454,120,87,14,5411,1780.5462459376952,53.870406051035,53.382298664470774,6.388776502489094,RECOVERY,False,False
2025-11-04,45.59025589750949,30.286599535243997,52.44826311899482,46.66104770046711,42.55010985567173,54.851705836944454,62.74944567627494,47.743292103135296,-0.007522359656215686,1564,3600,248,336,267,60,16,5412,1767.1523366912272,55.55816532681465,55.953420584987676,5.063277827338972,TRANSITION,False,False
2025-11-05,59.29579769393792,64.25473186119875,55.87691739050082,51.65320308096941,41.416699615773105,54.91174845519633,100.0,52.10142001014131,0.0070047333671376995,3259,1813,339,490,122,92,3,5411,1779.5307676288637,55.38999233395316,53.67999142709389,-0.5045189785845068,RECOVERY,False,False
2025-11-06,57.075427518616294,54.649555774925965,57.34614673812604,50.52219321148827,41.92998435729419,55.12829782177056,100.0,51.26305619530333,0.004210187317677764,2768,2297,346,398,34,85,21,5411,1787.0229254981523,53.98716037002121,49.73029572378952,-4.208495891795842,RECOVERY,False,False
2025-11-07,52.136038179370345,39.54126641834934,56.00517368810052,48.54892199402905,40.75824288740981,55.76331820993899,96.00886917960088,49.52786731986186,-0.0015737756004604677,2017,3084,311,389,140,74,10,5412,1784.21055242054,56.16908779730816,52.81518468482463,6.545782281860852,TRANSITION,False,False
2025-11-10,60.79118169772622,63.79110251450677,60.22706294997231,51.934703748488516,45.435295562491746,55.92189724608605,100.0,52.0060771569886,0.0066869238566286725,3298,1872,247,565,124,91,13,5417,1796.1414325287694,56.66754913190426,52.66064156926063,1.4953840037883026,RECOVERY,False,True
2025-11-11,57.46539494812233,52.53375073371161,60.71428571428572,50.328812665977416,42.91353924107864,56.65323559226423,100.0,50.74847553104923,0.0024949184368307626,2685,2426,307,545,179,93,4,5418,1800.622658903941,56.797538275072945,51.95537322218919,0.38996742950603647,RECOVERY,False,False
2025-11-12,46.043229545273626,32.506780317706315,57.23247232472325,47.351967276977035,42.82510886290914,57.15474390339934,47.97047970479705,48.61912438199648,-0.004602918726678399,1678,3484,258,381,392,76,16,5420,1792.3345391475907,54.76660206370736,49.610544521974845,-6.09280863409672,TRANSITION,False,False
2025-11-13,64.12044572921491,75.69279493269991,61.74570954050562,52.44952002648127,43.81407068822204,57.39060378946641,100.0,53.39012203573345,0.011300406785778155,3824,1228,367,478,35,123,1,5419,1812.5886485361589,55.87635674087026,53.57777532803922,3.329264031488684,RECOVERY,False,False
2025-11-14,51.75779990161349,36.63809894818855,58.16872807827211,48.04719283970713,45.077417609079234,59.244188233598294,86.36699280044304,48.69439756379671,-0.00435200812067764,1881,3253,283,451,254,87,29,5417,1804.7002480182814,53.97382505870064,48.27922473286487,-5.7075950465088425,TRANSITION,False,False
2025-11-17,51.696724557232876,48.49478965650328,56.27769571639587,49.83012813753276,43.15146077491876,59.37910545290166,59.04726735598227,50.55224764143534,0.0018408254714511324,2513,2669,234,348,299,112,11,5416,1808.0223862031676,55.85832339602039,53.608561179130525,5.653495011959251,TRANSITION,False,False
2025-11-18,36.78639508404393,23.044719314938156,48.42134416543575,45.30197439333963,41.959555553645416,59.2284328910155,0.0,46.5774728214587,-0.011408423928471,1211,4044,161,165,485,56,63,5416,1787.395700349196,46.7469731809634,36.05920263987661,-27.334050645170976,DEFENSIVE,False,False
2025-11-19,33.74720667180367,21.7778620166793,38.60911270983214,43.99999999999999,38.595599191226235,58.69965599644763,0.0,46.43226294677415,-0.011892456844086146,1149,4127,145,140,1055,64,28,5421,1766.139174119488,40.743442104360135,31.105790329373523,-18.01059322980982,DEFENSIVE,False,False
2025-11-20,34.04547027984384,26.56826568265683,34.040590405904055,46.779489996357945,35.27176136518919,59.04094074723509,0.0,47.67007998086468,-0.007766400063784416,1368,3781,271,92,956,48,21,5420,1752.4226307249544,34.85969067856379,23.796949004758037,-17.651254277389036,DEFENSIVE,False,False
2025-11-21,25.09098725541702,6.232558139534882,18.471043895241607,34.32645949681774,47.59446045071704,56.13458336690413,0.0,38.74085225328695,-0.03753049248904348,335,5040,47,56,3101,33,144,5422,1686.6533463449016,30.961221402354813,18.192895279623613,-11.695407828626912,DEFENSIVE,False,False
2025-11-24,46.584947303291514,79.5649685174585,22.439564495294334,55.252525252525245,36.465584362239476,55.642964984627326,1.6515962354677949,54.37239421287593,0.014574647376253103,4170,1071,178,120,382,97,31,5419,1711.235724113856,35.24046827951743,37.45526411321668,12.837740631487847,TRANSITION,False,False
2025-11-25,54.006905901743295,81.90160093713394,28.221935007385525,53.81774601188067,36.14353076893831,55.288116544725895,61.63220088626292,54.017908115219605,0.01339302705073202,4195,927,294,124,61,104,10,5416,1734.1543504570918,41.89428015348391,55.89970919804239,19.961435621899454,TRANSITION,False,False
2025-11-26,37.17665956186847,31.499902477082113,26.40812557710065,47.45155295991501,35.519996031179666,56.22770335912926,35.041551246537395,48.94802035893886,-0.003506598803537109,1615,3512,288,103,184,85,14,5415,1728.0733668866303,45.92283758896773,64.32215731055813,12.08567230645145,DEFENSIVE,False,False
2025-11-27,41.051375144439284,53.09646685192537,27.86294791281862,50.29304799975955,25.89322237959862,56.95797632897024,25.43405984484669,50.750493492175806,0.00250164497391936,2675,2363,376,80,213,69,16,5414,1732.3963929394663,44.07831353601699,55.49932342204708,-5.53357215885223,TRANSITION,False,False
2025-11-28,53.48324748845052,78.29126213592232,33.63502031769487,53.51768674505833,33.492893382793476,57.203096954154844,57.38825267824159,53.45411817027125,0.011513727234237483,4032,1118,264,123,83,94,8,5414,1752.3427324693482,43.90376073158606,54.29587715497655,-0.5236584132927717,TRANSITION,False,False
2025-12-01,52.27807081105168,64.9177760375881,38.4281492427041,51.847462784094404,30.82481120908991,56.94613034692587,76.59770964166974,52.1554371055327,0.007184790351775673,3316,1792,306,182,38,81,7,5414,1764.932947626598,48.93756448131381,65.43516834181187,15.101411249183208,TRANSITION,False,False
2025-12-02,39.37626121426086,28.872558499323148,35.94903988183161,46.85318120666218,35.53330436855226,57.466754885547545,44.46085672082718,48.35159232288234,-0.005494692257058873,1493,3678,245,133,163,55,7,5416,1755.235184225046,48.37919317125432,57.36053222427779,-1.6751139301784264,DEFENSIVE,False,False
2025-12-03,33.80141910474049,26.603737237526488,32.202139431943934,46.338432809021036,37.444945008330556,57.61938948991503,0.0,47.61222574751674,-0.007959247508277527,1381,3810,231,122,476,59,19,5422,1741.2648329585618,41.81858371001764,40.131357258145854,-19.681828383710034,DEFENSIVE,False,False
2025-12-04,32.81137345570582,26.78502508683906,28.21435159564656,46.30836047774154,35.77371155515289,57.79835029044496,0.0,47.60202061776171,-0.007993264607460974,1388,3794,239,95,829,48,22,5421,1727.3464423970577,35.32968459156903,27.42044027456284,-19.466697355345858,DEFENSIVE,False,False
2025-12-05,56.574333181604196,82.50047865211565,34.837578442229606,54.669610143638714,38.07615971634741,56.97576310448247,66.61129568106313,54.22252945153752,0.014075098171791726,4309,914,195,156,66,101,4,5418,1751.6590131504915,41.06237524735014,45.296413658827,17.19807196734334,RECOVERY,False,False
2025-12-08,55.664470475539204,65.27394560504534,39.568345323741006,51.83654729109275,43.60838798168653,57.33259452714803,87.44696550451945,52.752374308920565,0.009174581029735245,3312,1762,347,249,46,106,3,5421,1767.7297507031067,48.350059037616376,58.18648311466662,21.863051370798715,RECOVERY,False,False
2025-12-09,36.11379178463272,23.905595736581652,35.823648773289065,46.0,40.677077153058924,57.51790658928964,18.271536616860356,47.84314404511295,-0.0071895198496235045,1256,3998,167,161,333,66,11,5421,1755.0206225716568,49.450865147258675,57.22667333124749,3.3024183289268976,DEFENSIVE,False,False
2025-12-10,42.46068533524431,45.992553399960805,36.06239616023629,49.459459459459424,39.8591971854993,57.608398638773494,20.83256414989847,50.1634595519168,0.000544865173055991,2347,2756,314,177,335,68,7,5417,1755.976872186891,44.74631586513871,45.057364913862536,-14.11364784635989,TRANSITION,False,False
2025-12-11,31.723350897461707,18.573579224689503,29.2012543811105,43.36917562724012,44.98026886967086,56.91850204332722,0.0,45.90876672395723,-0.01363744425347591,987,4327,107,122,1119,53,29,5421,1732.029835482049,36.765942672446215,29.490576120410594,-23.941119578077497,DEFENSIVE,False,False
2025-12-12,41.87889220202972,50.48828125,31.679881984141623,50.0,47.91695424040996,56.8923385732893,0.0,50.88136998621945,0.002937899954064846,2585,2535,303,183,955,108,24,5423,1737.1183658561506,38.68764281157855,38.35147129155004,5.765100417397001,TRANSITION,False,False
2025-12-15,38.960470817811874,43.33527923720568,31.54739948358539,48.937915840493496,42.164954131233955,56.807620430605056,0.0,49.41957145947496,-0.0019347618017501356,2227,2912,283,154,585,76,16,5422,1733.7574555967735,37.52090463910107,37.46571323729834,-3.5002145174324326,DEFENSIVE,False,False
2025-12-16,31.27122829761403,19.886899151743638,26.747187903374513,43.320964749536195,43.498203798700814,56.47685727763785,0.0,45.59009838007762,-0.014699672066407926,1055,4250,118,86,1493,54,32,5423,1708.2717895568114,37.37019710581851,37.90348654631639,-0.45212259984767655,DEFENSIVE,False,False
2025-12-17,48.49095567995289,69.40969507427678,30.245206489675514,52.33986565790332,45.34182942392848,56.83421398087884,21.42330383480826,52.22969139210218,0.007432304640340616,3551,1565,308,144,299,74,30,5424,1720.9681859052973,39.574218265126234,44.210624487741974,6.612063477923172,TRANSITION,False,False
2025-12-18,48.31127928294771,54.23962227031281,31.251151649161603,50.51948051948054,40.484240694537824,56.56385923459357,66.58374792703151,50.71648974543853,0.0023882991514617715,2757,2326,344,143,53,75,9,5427,1725.078372763388,42.69115442017151,47.84540549877769,9.350808465135835,TRANSITION,False,False
2025-12-19,61.70227934567255,83.66723907651212,39.246221894581645,54.863790549358704,44.234954156204374,60.62549461933846,92.94139329155917,54.29449401407932,0.014314980046931082,4385,856,185,251,18,92,7,5426,1749.7728352488884,52.83483810285768,69.10551880703385,30.43105104805852,RECOVERY,False,False
2025-12-22,55.915197520085236,56.947743467933485,42.74386870735755,50.72727272727269,45.275190244901985,61.34936838972722,100.0,51.883632536628795,0.006278775122095985,2877,2175,371,311,30,101,16,5423,1760.7592653961685,55.30958538290181,64.95153493825275,7.424241840132346,RECOVERY,False,False
2025-12-23,44.09438435418467,27.488514548238896,37.944700460829495,46.735102653980974,43.45599629309618,61.499006918679044,75.43778801843317,48.219425783724944,-0.005935247387583506,1436,3788,201,220,82,71,23,5425,1750.3087235660623,53.903953739980786,56.03449903089477,-4.21689492876304,TRANSITION,False,False
2025-12-24,61.75019080519163,78.75586854460094,44.83330263400258,53.161094224924014,42.78148632291289,61.25871376196195,98.99613188432492,53.553829908732986,0.01184609969577661,4026,1086,317,298,32,99,8,5429,1771.0430552038135,53.91992422648715,54.39737552025772,0.04791145951907794,RECOVERY,False,False
2025-12-25,61.75587663421261,72.35691573926869,51.90537555228277,52.12765957446814,44.7113042207364,61.152644584540724,100.0,52.889271224082805,0.009630904080276007,3641,1391,400,409,18,109,0,5432,1788.0998009905202,55.86681726452961,59.533766277369445,5.840679114127376,RECOVERY,False,False
2025-12-26,51.818862156664444,34.80641376613218,49.429307805596466,48.06763285024154,49.273122786498014,61.345868460892696,100.0,49.91393924823809,-0.0002868691725397053,1780,3334,318,344,40,99,6,5432,1787.5868502801918,58.441643198689526,61.97306601666721,7.724477802479775,TRANSITION,False,False
2025-12-29,49.2345386027806,37.229520865533225,47.86529260213471,48.04782774390244,47.04769047786128,61.37287455199076,74.84357747515642,49.362538599821626,-0.0021248713339279074,1927,3249,258,301,166,96,29,5434,1783.788458225125,54.26975913121919,48.130950123644645,-12.515652202411026,TRANSITION,False,False
2025-12-30,46.62634167039194,34.09531189461449,45.58255107675318,47.95918367346941,45.437938208862064,61.30519057359223,63.80452788514632,49.30926706328192,-0.0023024431223936078,1760,3402,271,304,229,74,18,5433,1779.6813867576793,49.22658080994563,35.37708217542658,-15.129534963820674,TRANSITION,False,False
2025-12-31,49.656646642290546,46.896006326611314,45.67617295308188,49.705882352941174,43.6275476443677,61.559879936437426,61.22355105795768,50.38105741971,0.0012701913990333233,2372,2686,377,260,199,79,14,5435,1781.9419227481587,48.50584230515434,39.40694636225296,-2.162215514373898,TRANSITION,False,False
2026-01-05,66.98993892313206,78.70511841100077,57.60529703880817,54.65477114041892,58.52133722454413,60.67137051665694,100.0,54.98093212420175,0.016603107080672495,4121,1115,201,594,30,166,17,5437,1811.527695303086,54.424309078604814,53.23214554407547,17.755400320351455,RECOVERY,False,False
2026-01-06,68.67282065467795,77.39872068230278,66.55939683707246,53.37417492308316,61.797705984625836,60.37638658827411,100.0,53.95680643408012,0.01318935478026707,3993,1166,279,798,16,148,2,5438,1835.4205767707178,61.773135406700156,67.66661513997157,22.04647898428601,RECOVERY,False,True
2026-01-07,57.72726972479115,40.153403643336524,64.77022058823529,48.4263766992908,59.64234516004328,59.896784426824134,100.0,50.69775949454872,0.0023258649818290638,2094,3121,225,578,45,126,12,5440,1839.6895172171573,64.46334310086702,65.4190809122133,8.070623082500603,RECOVERY,False,False
2026-01-08,66.94598115570305,70.276542254883,70.20592020592021,52.74914089347078,58.72115015469358,59.5601845484665,100.0,53.18198877453915,0.010606629248463801,3634,1537,268,661,40,131,6,5439,1859.2024218585652,64.44869051172402,62.609555526840715,-0.04395776742900637,RECOVERY,False,True
2026-01-09,69.98702976746517,74.99016135379773,75.26199669056813,52.722940776038115,64.61345444807671,58.841049195680185,100.0,54.05051775433755,0.013501725847791815,3811,1271,357,1038,30,160,4,5439,1884.3048632540501,64.88676021598643,61.80670241733903,1.3142091127872249,RECOVERY,False,True
2026-01-12,74.02980739688063,78.23168392788646,80.46875,55.13432147005206,76.58004612903002,57.87011875385972,100.0,56.679387993214604,0.022264626644048664,4079,1135,226,1679,29,336,5,5440,1926.2582075179669,70.32093944001626,74.499462512189,16.30253767208948,RISK_ON,False,True
2026-01-13,58.6533974002046,29.963761205416752,76.50469353948095,45.82780201024086,73.33589446752707,56.56457783096851,100.0,46.610122723843546,-0.011299590920521511,1571,3672,190,651,55,106,128,5433,1904.4922777657168,67.5567448548501,61.06186882903359,-8.292583755498455,RECOVERY,False,False
2026-01-14,65.28444974069264,51.4550009635768,75.71770334928229,50.210886054847,76.57938588354281,56.52980135508916,100.0,52.11275807349196,0.007042526911639878,2670,2519,245,467,93,169,25,5434,1917.9047158848923,65.98921817925925,53.216815365626616,-4.702580026772537,RECOVERY,False,False
2026-01-15,57.27764751452964,41.34099616858238,74.05261221486387,48.495432128708856,52.02029659118418,57.41964856077884,88.81530537159676,48.620426563795036,-0.004598578120683222,2158,3062,216,317,106,76,115,5436,1909.085081220869,60.405164885142256,40.91991944585859,-16.752159882350988,RECOVERY,False,False
2026-01-16,58.88435322432477,44.21455938697318,71.64000735429306,48.780487804878135,53.541509474075866,56.612043074257826,100.0,49.86416014907941,-0.0004527995030686286,2308,2912,219,430,140,96,73,5439,1908.2206484447763,60.48215015984898,45.6701855063774,0.2309558241201728,RECOVERY,False,False
2026-01-19,65.5182274902894,66.46787225856099,76.74568173465637,53.08880308880308,49.101272216585166,55.817292207157934,100.0,52.83765124387715,0.009458837479590478,3455,1743,244,683,70,115,36,5442,1926.2701974336144,60.56007607638124,50.67447593803879,0.23377774959676856,RECOVERY,False,True
2026-01-20,57.777266553888694,41.641162968630454,74.27024049935744,48.361998361998324,48.822638290886175,55.02471516092009,100.0,48.65521395669829,-0.004482620144339042,2177,3051,219,532,91,73,30,5447,1917.6354598431585,60.7266157561676,50.774531538054816,0.49961903935905383,RECOVERY,False,False
2026-01-21,62.28569916831857,58.79485179407177,75.28007346189165,51.279999999999944,45.14540175165634,54.57955781419492,100.0,52.184109665087334,0.007280365550291115,3015,2113,317,551,110,120,14,5445,1931.596546983017,61.86039773749886,55.63462900708768,3.401345943993803,RECOVERY,False,True
2026-01-22,65.16187479257384,67.07930367504835,78.62125940884891,52.4844720496894,44.63395618866659,54.705709058130594,100.0,52.58923700951025,0.008630790031700811,3468,1702,277,738,70,101,8,5447,1948.267751205986,61.74161350492701,55.838439479250134,-0.35635269771556466,RECOVERY,False,False
2026-01-23,68.83616625064141,74.54053008318824,83.04276013947513,53.614457831325346,49.38069836080477,54.20068070239644,100.0,54.46280405780324,0.014876013526010807,3853,1316,280,772,55,171,1,5449,1977.250208625217,65.42791340384457,66.80489518410273,11.058899696752718,RECOVERY,False,True
2026-01-26,54.91008905482745,29.593956562795086,75.09181050312156,44.58040473715492,54.83252197008418,52.49118796021664,100.0,46.643600227936645,-0.01118799924021118,1567,3728,151,539,149,108,86,5446,1955.1287347934108,62.96937669934754,57.07126344034384,-7.3756101134911205,TRANSITION,False,False
2026-01-27,49.91590860557119,35.5542900531511,69.41792141020933,47.382704324794545,47.020215668797185,52.33011207760927,52.75431509364671,49.49742188154377,-0.0016752603948540902,1873,3395,178,266,251,89,7,5446,1951.8533850571703,57.88738797034665,46.562925566378084,-15.24596618700265,TRANSITION,False,False
2026-01-28,50.16717010938056,32.22074720273089,62.42424242424243,45.827406353722154,42.2553069493261,51.54244794974371,88.38383838383838,48.441983900677926,-0.005193386997740244,1699,3574,172,386,177,110,21,5445,1941.7166550657191,51.66438925659303,32.4563312728923,-18.668996141260855,TRANSITION,False,False
2026-01-29,44.25926106488316,33.2129963898917,56.69175693042041,46.22404027690372,45.24171462452195,50.6682350309831,34.39507986047366,47.8293171393326,-0.007235609535557974,1748,3515,184,292,377,110,27,5447,1927.6671515209737,48.114113259944936,33.66267788192451,-10.65082798994429,TRANSITION,False,False
2026-01-30,46.49684857870183,45.525962828127994,53.39698861549761,49.109131403118035,41.608151303946734,49.89562378335929,33.84135145060595,49.09340438228153,-0.0030219853923949182,2376,2843,227,206,294,79,80,5446,1921.8417695476778,46.97442658432181,36.9865688069168,-3.41906002686936,TRANSITION,False,False
2026-02-02,30.46887650667055,13.67713004484305,38.90622132501376,41.56908665105385,40.15196970816691,48.65440541476398,0.0,42.89501470195044,-0.02368328432683188,732,4620,97,62,955,47,175,5449,1876.3262444882985,40.40832871675182,30.805363087620858,-19.698293602710006,DEFENSIVE,False,False
2026-02-03,59.360768865214276,90.60680067631036,49.08240044044779,57.55597014925371,33.93365193091912,48.353693611279084,54.95503762158194,56.76544345470204,0.022551478182340125,4823,500,126,126,99,127,11,5449,1918.6401748538285,45.442164650195515,49.936631183093745,15.101507800331113,RECOVERY,False,False
2026-02-04,54.051599454711194,60.771889400921665,53.07226705796039,51.76860818225659,34.04058448401972,48.15112525480688,79.89728539985326,51.359074549624715,0.004530248498749065,3165,2043,244,244,81,81,22,5452,1927.3320916255996,47.960414942198646,55.018606707358295,7.554750876009365,TRANSITION,False,False
2026-02-05,38.72779159852055,29.633911368015415,48.46817097780224,46.6015293118097,31.239066337408573,48.1734074593369,27.618785543936898,47.407418264922605,-0.008641939116924641,1538,3652,261,172,294,56,35,5451,1910.676205031676,50.713386639481975,60.33753381508242,8.258915091849996,DEFENSIVE,False,False
2026-02-06,46.70806763494802,51.724137931034484,48.91782831988261,50.145271041153094,32.11485076849468,48.726142872039254,42.47982391782832,50.6770507555792,0.0022568358519306844,2640,2464,348,128,169,74,7,5452,1914.9882875926223,46.49581956272655,47.37664623332379,-12.652701230266253,TRANSITION,False,False
2026-02-09,64.30641725197759,86.40942786542483,58.74151531829022,55.18266779949022,34.30367909969851,50.205091592092366,97.51421757475693,55.217485408002176,0.01739161802667391,4546,715,190,272,13,126,5,5451,1948.2930324159877,49.91409216181535,55.92249238815818,10.254817797266398,RECOVERY,False,False
2026-02-10,50.127762088299534,40.97398787404655,58.44489271960389,48.956975228161696,31.17421544707739,51.36656813815554,85.39336145241153,49.99230031049094,-2.5665631696862556e-05,2095,3018,340,239,46,74,6,5453,1948.2430282445803,53.714082325075005,59.702517890168565,11.399970489778987,TRANSITION,False,False
2026-02-11,47.36893762177205,38.27525103366804,57.67326732673267,48.76891113837043,30.085030422524746,52.05820365099718,67.6017601760176,49.42767562345491,-0.001907747921816971,1944,3135,375,196,100,60,17,5454,1944.5262716562524,53.934372320683025,55.21955559104642,0.6608699868240251,TRANSITION,False,False
2026-02-12,44.8931269612212,38.56021443614781,53.85601758563839,47.98994974874371,34.818242368782656,52.623647788357644,43.03901813518959,49.88748850145768,-0.0003750383284743954,2014,3209,236,186,224,91,20,5459,1943.7969997736557,47.46327555709755,39.26981778128741,-19.413290290756393,TRANSITION,False,False
2026-02-13,36.44118883862662,27.928971241073153,48.58922682301209,47.12333655721004,32.744685206662986,53.59209777688443,0.0,48.03375242973026,-0.006554158567565822,1447,3734,277,113,387,40,23,5458,1931.0570460139804,42.901084473873254,34.92147890362961,-13.686573249672911,DEFENSIVE,False,False
2026-02-24,59.88910088419046,74.69124073722212,58.49972522440008,54.85689505637463,38.90471277614343,53.573985074026375,73.99706906026745,53.89998133395657,0.012999937779855248,3931,1332,196,282,151,126,38,5459,1956.1606674615132,47.07447222801272,47.06014213814765,12.520163262418414,RECOVERY,False,False
2026-02-25,62.779256229843014,70.56655025223128,64.80021994134897,52.465078476897546,41.62829984610406,54.07389249019585,100.0,53.1235736209116,0.010411912069705338,3637,1517,302,354,35,110,8,5456,1976.5280403253385,53.03651531755333,57.72892074350879,17.886129268621815,RECOVERY,False,False
2026-02-26,55.329194228321946,46.34427173287277,63.638863428047664,49.364827312425504,40.88004572949131,54.04246311715448,95.27956003666361,50.928406756497644,0.0030946891883254857,2415,2796,244,428,181,97,5,5455,1982.6447802821554,59.33251711411844,63.867354240775335,18.888005389695323,RECOVERY,False,False
2026-02-27,60.51060186652607,61.65823277539899,66.88966275659824,51.41388189406562,39.97884230281495,54.043373908684345,100.0,52.097302019123184,0.006991006730410623,3168,1970,318,442,85,97,1,5456,1996.5054632851216,59.53968410823031,59.52301825350096,0.6215009823356112,RECOVERY,False,False
2026-03-02,37.82735729084277,20.889136904761905,52.45646196150321,40.230230230230205,56.853288343955256,53.019065044107535,0.0,44.986927636261555,-0.01671024121246149,1123,4253,79,371,1119,127,20,5455,1963.1433754116301,51.222384461896894,42.96388047101116,-24.951898939000245,DEFENSIVE,False,False
2026-03-03,31.408742356824693,11.563367252543944,36.43027304379696,36.40167364016733,57.80908341036377,50.761955283505685,0.0,40.4807369799817,-0.03173087673339432,625,4780,52,198,2101,104,171,5457,1900.851114956464,43.24890050473115,31.37024564423489,-23.920451871497253,DEFENSIVE,False,False
2026-03-04,35.68978915496467,31.75482146266947,34.032612678636866,46.990438166508696,42.54349717844569,50.92794585225129,0.0,48.433527332032746,-0.005221575559890855,1663,3574,221,81,1915,62,44,5458,1890.925677231616,34.97529626754401,21.40244187332505,-24.820812711561402,DEFENSIVE,False,False
2026-03-05,54.477332440480495,76.54037504783773,39.43223443223443,53.955818396130574,39.81897124642123,50.315312008439875,56.776556776556774,53.60772934383483,0.012025764479449447,4000,1226,234,162,125,103,10,5460,1913.6655040741468,40.52528798408992,39.95285458768365,16.649975149637726,TRANSITION,False,False
2026-03-06,60.93456298575121,79.06320541760724,48.02234023072698,55.682394723490525,40.18549987005046,50.580734518256065,93.94799487273393,54.624729141477005,0.015415763804923358,4203,1113,145,266,26,109,2,5461,1943.1661194865833,50.367228193732096,62.45280064270475,29.525820628926514,RECOVERY,False,False
2026-03-09,39.42510877449216,26.28398791540786,42.68984446477585,46.01226993865035,47.75820586006777,50.60071417551262,28.042086001829823,47.7258303028614,-0.007580565657128668,1392,3904,169,238,358,66,12,5465,1928.4358211351073,51.612334733574585,60.629189460284216,3.7353196195274876,DEFENSIVE,False,False
2026-03-10,64.01763886028833,84.40850103441791,51.290263543191806,56.19669826186029,42.027039111113126,51.592587040501435,100.0,55.292831660986906,0.017642772203289685,4488,829,147,298,7,105,8,5464,1962.4587750360581,54.79243687351053,63.25189812247762,9.540306419807834,RECOVERY,True,False
2026-03-11,50.739787813629114,38.230769230769226,49.89939637826962,48.272552783109425,42.063387129362084,52.567494334335905,99.02140113407718,49.85871393141679,-0.00047095356194404433,1988,3212,267,298,30,74,4,5467,1961.5345480857864,51.39417848280317,49.64108606019827,-10.194775172122092,TRANSITION,False,False
2026-03-12,43.53144753020766,27.409922656102626,45.50942015730748,45.58888398764886,41.11650799297053,52.599608505113395,69.20614596670934,47.813971808906295,-0.00728676063697901,1453,3848,166,306,201,69,8,5467,1947.2413153527207,52.76295806804166,50.016397640429865,4.106338755715498,TRANSITION,False,False
2026-03-13,37.58012910944093,27.720107650903504,42.398463227222834,46.677107554999765,41.278542061179856,52.68121391351648,13.410171972191732,47.35847040545435,-0.008805098648485502,1442,3760,264,180,380,69,25,5466,1930.095663478633,43.95045481775921,31.12026651259173,-26.437509750847397,DEFENSIVE,False,False
2026-03-16,45.135726392702566,53.26546292739147,41.67429094236048,50.546075085324205,40.50025315486819,52.00800122743168,21.08874656907594,50.35756913405961,0.001191897113532034,2773,2433,259,145,303,64,11,5465,1932.396138928774,42.082434344117026,36.13183107813248,-5.6040614209265485,TRANSITION,False,False
2026-03-17,30.307163980007257,15.54345785620424,32.765879553358964,42.40986717267554,40.508218751650446,52.063927965420376,0.0,44.48035840186934,-0.01839880532710219,828,4499,136,113,825,43,33,5463,1896.8423585537796,37.674339827383555,32.17634281149968,-13.2242835502004,DEFENSIVE,False,False
2026-03-18,45.9457076497212,66.1977186311787,36.10653487095002,53.20500293140506,36.65268070701295,51.648466149638814,8.813838550247121,53.001760039704436,0.010005866799014784,3482,1778,203,108,333,91,5,5463,1915.8219105321978,40.46286600747698,45.00221313825808,8.365578540280268,TRANSITION,False,False
2026-03-19,26.406872624678414,9.03558915729301,25.65885797950219,39.252290298209715,39.616781367120666,50.51527982065045,0.0,42.68630015180241,-0.024378999493991957,490,4933,41,71,1755,38,17,5464,1869.1160891447546,34.21991475146893,30.258921881558592,-18.728853768024152,DEFENSIVE,False,False
2026-03-20,26.286874379495618,11.853088480801338,19.661482159194875,40.068965517241395,42.00507481579737,49.195928080736685,0.0,43.212139388536485,-0.02262620203821171,639,4752,74,63,2892,45,39,5465,1826.8250908788932,32.879818217965045,29.028798756424294,-4.020289600511639,DEFENSIVE,False,False
2026-03-23,21.861804539168034,5.407882676443632,11.439283101682514,27.358490566037762,53.603752344756984,43.51606692356069,0.0,34.52068241490682,-0.05159772528364392,295,5160,13,38,4139,35,161,5468,1732.5650716984562,24.851850514447325,8.765520104845937,-24.083903110553166,RISK_OFF,False,False
2026-03-24,54.8307173477669,94.2382271468144,16.282473472374683,62.997803403170224,41.20699643385824,40.83939994041608,52.927186242224664,60.14574545540039,0.0338191515180013,5103,312,51,64,48,141,3,5466,1791.158952373023,34.32646542214349,37.1663994346864,28.423844723088486,TRANSITION,False,False
2026-03-25,54.67618590399347,90.33408408408408,20.73193046660567,56.62983425414359,38.12089131822557,40.20084774176361,69.2131747483989,55.84535409559361,0.019484513651978726,4813,515,137,113,8,109,3,5465,1826.0588134333993,43.78956926364278,63.326731302447314,28.389311524497852,TRANSITION,False,False
2026-03-26,29.76827460111237,16.576036002250138,18.5876326381266,43.47036266735995,34.463070127560734,40.18794660853175,39.206000731796564,45.54658839307154,-0.014844705356428201,884,4449,133,101,160,46,18,5466,1798.9515083844717,46.42505928429089,67.04944907771615,7.906470061944336,DEFENSIVE,False,False
2026-03-27,50.36964354466592,80.68783068783068,21.781724958798755,54.75192173305379,33.07974692401182,39.482070138356015,60.07141549166819,54.22484038772469,0.014082801292415651,4270,1022,169,105,50,103,3,5461,1824.2857850117416,44.93803468325723,62.53265025805491,-4.46107380310098,TRANSITION,False,False
2026-03-30,43.28814772196,54.09266409266409,23.474995420406668,50.600600600600565,36.33667547925919,40.502305447922204,54.396409598827624,50.790393961173976,0.002634646537246568,2802,2378,279,122,98,81,16,5459,1829.092133238171,41.14202195591273,50.452176927581576,-11.388038182033469,TRANSITION,False,False
2026-03-31,28.66618997000947,18.305084745762713,19.370194068106922,44.27875521083497,38.270585748315234,43.195884957675815,12.28487733430978,45.70805193752633,-0.0143064935415789,972,4338,152,88,294,64,15,5462,1802.9242384470465,40.774660412211766,51.028526508752435,-1.1020846311029011,DEFENSIVE,False,False
2026-04-01,53.87657020222749,84.00828781314749,23.870495701481616,55.97111796203143,39.14476469549821,42.70080566424272,68.10865191146881,55.04141904887396,0.016804730162913197,4460,849,158,159,60,109,14,5467,1833.221893778325,41.943635964732294,52.135345550524704,3.5069266575615714,TRANSITION,False,False
2026-04-02,27.42868449119423,18.8248502994012,20.738844184345282,42.923841897955064,37.09407245788358,42.961416207995825,0.0,45.51748610598978,-0.014941712980034045,1006,4338,124,124,449,40,17,5468,1805.8304184127749,36.6571482211437,40.379407619437075,-15.859463230765773,DEFENSIVE,False,False
2026-04-03,24.048799574276167,12.599888496561979,15.779850063997076,40.59500959692901,34.53622106832905,42.9275674753955,0.0,43.608321800159985,-0.021305593999466726,678,4703,88,65,1155,52,43,5469,1767.3561286861852,35.1180180892326,38.477675536370164,-4.6173903957333025,RISK_OFF,False,False
2026-04-07,43.86017922446411,74.10290487943801,18.919166057059257,54.51977401129948,33.800851701702214,42.04530338544048,13.972201901975135,54.01550815001887,0.013385027166729565,3903,1364,201,83,280,107,11,5468,1791.0122384819356,31.779221096644807,35.17588122513367,-10.016390977763379,TRANSITION,False,False
2026-04-08,63.214501236764335,94.65270121278941,37.088815789473685,64.90529731405204,51.22700850904439,38.85151333295508,77.41228070175438,61.746749974736616,0.039155833249122064,5151,291,30,162,12,266,13,5472,1861.140815039071,43.707826678501505,60.451831529596404,35.7858167455701,RECOVERY,False,False
2026-04-09,38.30327898911413,20.587135377711295,30.438356164383563,43.61702127659579,42.07169990337803,38.690316460853545,80.13698630136986,46.6557091718236,-0.011147636093921323,1101,4247,127,199,34,64,15,5475,1840.3934945134713,48.459319816780834,63.114247156646194,14.254479414837967,DEFENSIVE,False,False
2026-04-10,55.25019076091835,74.51242829827916,38.23046018991965,53.3306124183091,43.6218524164416,38.53327100408487,79.40102264426588,52.7938511663391,0.009312837221130355,3897,1333,246,184,23,81,14,5476,1857.5327795507026,52.25599032893225,63.25075496292656,11.390011536454239,RECOVERY,True,False
2026-04-13,46.32839936813827,44.36932586440023,38.289521723256655,49.20791768617856,40.26327276414237,38.4130089099627,77.92990142387733,50.46387912909479,0.0015462637636493067,2297,2880,301,207,54,79,13,5478,1860.405015177513,46.62728970605689,46.48962984679684,-16.886101868626064,TRANSITION,False,False
2026-04-14,57.452337820069374,70.57453416149069,45.74060561838745,52.50438914420323,44.423310630997534,38.240015245676005,96.51587012039403,52.91679306264203,0.009722643542140122,3636,1516,330,286,31,85,5,5482,1878.4930699840934,53.0103093163753,63.15209610805664,19.14905883095524,RECOVERY,False,False
2026-04-15,45.35597475656486,33.69565217391305,45.401459854014604,47.39884393063583,45.42013719023221,38.88825476316645,75.91240875912408,48.97712443848848,-0.0034095852050383887,1767,3477,236,180,38,75,13,5480,1872.0881878049086,49.712237314924145,49.546504066601265,-9.894216004353488,TRANSITION,False,False
2026-04-16,62.57766722248388,80.64206074586697,54.26929392446633,54.21511627906979,45.61357455944422,38.76492133878754,100.0,54.24994982936027,0.014166499431200885,4195,1007,279,330,25,111,5,5481,1898.6091240526048,55.12865993303934,61.63741569375685,16.24926785434561,RECOVERY,False,False
2026-04-17,52.736543024107554,44.22857142857143,53.20992157577968,49.04000000000002,47.61179736507333,39.839660060867935,100.0,51.113604819219226,0.0037120160640640937,2322,2928,233,505,50,103,7,5483,1905.6567916204665,53.556728334385404,52.85542811611709,-4.71579479596182,TRANSITION,False,False
2026-04-20,59.47707353357515,64.85177291222631,56.01387114436941,51.92307692307692,50.32023516601415,41.091987120860516,100.0,52.313211023899484,0.007710703412998293,3347,1814,318,608,44,103,12,5479,1920.3507459476182,58.2637612600555,63.24080169555484,14.121098777010289,RECOVERY,False,False
2026-04-21,51.03483982880781,35.73338426279603,52.8998723326646,47.704918032786914,47.283656783219676,48.176610644970495,100.0,49.11144019355675,-0.0029618660214774813,1871,3365,247,426,58,68,18,5483,1914.662924323877,54.41615212883014,48.27124286786454,-11.54282739367607,TRANSITION,False,False
2026-04-22,56.63534447300258,54.689309147047474,53.15463165572575,50.666112035496404,47.60867851002276,50.083639288081216,100.0,51.65016688919136,0.005500556297304552,2834,2348,302,548,96,92,14,5484,1925.194635529482,55.71575261179515,51.75815544068988,3.8988014488950284,RECOVERY,False,False
2026-04-23,42.48057868278388,24.282229311315444,46.41488779419814,44.504579517069146,52.86617544316927,49.46538873057014,52.55427841634738,46.38927674775735,-0.012035744174142167,1294,4035,152,301,287,61,39,5481,1902.0234854108182,50.05025432819806,38.23497424038626,-16.996494850791272,TRANSITION,False,False
2026-04-24,42.64855165975541,37.41910925009516,43.212917350848386,47.56756756756757,48.25040288955353,49.52526573670579,29.01842729428936,48.4825201078852,-0.00505826630704932,1966,3288,227,214,329,78,48,5481,1892.4025440993482,47.25482493851393,38.796882569485966,-8.3862881690524,TRANSITION,False,False
2026-04-27,55.808439057406765,60.94550977786216,46.715927750410515,52.30695289971159,51.573186837392285,48.993207940261755,81.3811348294107,52.18841650652612,0.007294721688420384,3210,2057,214,460,288,112,50,5481,1906.207093981012,46.97918979998199,40.88228277975753,-0.8269054155958173,RECOVERY,False,False
2026-04-28,39.65123577711536,31.248819195163424,41.49169253240825,45.198799699924976,50.64233552550527,47.97810228680282,20.2391820339602,46.85587511904028,-0.010480416269865738,1654,3639,184,282,445,78,72,5477,1886.2292501395198,46.03607549809249,43.204479407706856,-2.8293429056685184,DEFENSIVE,False,False
2026-04-29,61.630424401845744,74.29879793932456,47.835259585397175,54.4776119402985,52.29174100726433,47.85451615488362,100.0,53.75636884624735,0.01252122948749116,3894,1347,210,419,145,135,28,5451,1909.8471594465352,52.363366412122595,55.49770897078332,18.98187274209033,RECOVERY,True,False
2026-04-30,55.92362978123639,53.45719210879142,49.441084845153014,50.63897763578274,51.541888705061126,47.88300047666931,100.0,51.11369572428851,0.0037123190809616883,2791,2430,236,552,207,122,44,5457,1916.9371214982689,52.401763320065804,53.00160308109307,0.11519072382962747,RECOVERY,False,False
2026-05-06,63.87619941438621,72.82402128468263,54.644808743169406,54.095963953599835,60.53326742971636,48.32603411006679,100.0,54.28488452155106,0.014282948405170208,3832,1430,228,711,174,174,16,5490,1944.3166355005842,60.47675119915608,66.86000377759949,24.224963637270847,RECOVERY,False,False
2026-05-07,61.947330776458486,66.11601997694967,57.65659140568099,52.771523353672876,55.321436474600375,49.973721437243654,100.0,53.51382766239021,0.011712758874634039,3442,1764,286,715,142,161,15,5492,1967.0899474281423,60.58238665736033,64.13241112347451,0.31690637461274207,RECOVERY,False,True
2026-05-08,62.79275251490958,67.97186846607109,61.60080131123657,52.8776978417266,52.75888668687695,49.89076580919125,100.0,52.901217518696676,0.00967072506232226,3576,1685,230,810,94,134,10,5491,1986.1131334825777,62.87209423525139,68.97063657590108,6.869122733673187,RECOVERY,False,True
2026-05-11,61.729543479875716,58.13998082454458,63.01694297686282,51.27204394333624,59.87196497729605,52.80696502890159,100.0,52.77723674763992,0.009257455825466394,3032,2183,274,913,106,165,12,5489,2004.499488080171,62.156542257081234,64.07595642252171,-2.146655934510491,RECOVERY,False,True
2026-05-12,46.49089397188439,25.08392390898918,56.62112932604736,44.29416486666582,53.330239230960785,52.83658119277964,66.02914389799636,47.30908011412075,-0.008969732952930817,1345,4017,128,402,314,85,15,5490,1986.5196629678053,57.004396655556526,50.39859106653489,-15.456436804574096,TRANSITION,False,False
2026-05-13,59.689250097597444,60.015408320493066,58.23775714545785,51.408450704225395,49.68306119105353,52.408137622680975,100.0,52.66612083645339,0.008887069454844626,3116,2076,301,564,200,166,11,5493,2004.1740011860147,55.969895849785814,47.74643768467555,-3.1035024173121357,RECOVERY,False,False
2026-05-14,35.676467550104505,18.787202380952383,48.5800109229929,41.74887892376682,51.22493037985152,50.83673266228558,0.0,44.67840216993034,-0.017738659433565545,1010,4366,117,270,710,81,39,5493,1968.6226411333696,47.28553720652875,34.62884487014482,-26.05307592977121,DEFENSIVE,False,False
2026-05-15,39.18891941450442,33.02422407267221,45.53067540506098,46.58493870402802,49.26541054828388,50.32695353517873,0.0,48.32961147919011,-0.0055679617360329435,1745,3539,209,225,892,90,33,5493,1957.661425594851,44.85154568740209,37.275611591372495,-7.301974557379971,DEFENSIVE,False,False
2026-05-18,41.30943126764027,43.75356531660011,44.851737311260685,48.589420654911834,44.1306015030991,49.96656641652777,0.0,49.92065021767381,-0.0002644992744206297,2301,2958,238,230,847,129,35,5497,1957.14362556822,38.724939410749705,31.854997256741513,-18.379818829957173,TRANSITION,False,False
2026-05-19,56.561812103492414,67.14367487120778,48.12488621882396,52.816901408450704,40.99467824904644,49.426743116232394,84.95357728017477,52.82294307320776,0.009409810244025882,3519,1722,252,360,168,137,21,5493,1975.5599757051216,45.686720928545675,47.97382142015997,20.88534455338791,RECOVERY,False,False
2026-05-20,37.51461968997068,29.791200596569723,43.29634346006913,45.12195121951219,40.85531271389251,49.1899686393319,11.979261415317449,47.88076506677565,-0.007064116444081162,1598,3766,133,343,552,100,38,5497,1961.6043899944746,45.12862102036775,46.89614692812581,-1.6742997245337392,DEFENSIVE,False,False
2026-05-21,29.55326720455999,12.260324483775808,33.11818181818181,37.628865979381445,49.68963613795239,47.06375437479192,0.0,41.2079792980082,-0.029306735673306012,665,4759,76,114,1653,51,114,5500,1904.11616864131,41.209899666007665,36.39839998385104,-11.75616406308028,DEFENSIVE,False,False
2026-05-22,47.116765055919366,71.97199091597275,37.82727272727273,54.66234703959869,39.981676225003795,46.23192499302166,0.0,54.77033584958203,0.015901119498606772,3803,1481,216,188,616,202,18,5500,1934.3937473781045,38.061550650149975,38.00783866543937,-9.445047047573048,TRANSITION,False,False
2026-05-25,37.92158544405283,40.01502911891791,37.379611121206615,47.608370702541116,41.90979689733386,45.25375406809671,0.0,49.776107865822176,-0.0007463071139260724,2130,3193,180,312,730,169,45,5503,1932.950095563302,38.1972059015107,41.415781506222096,0.40696575408215097,DEFENSIVE,False,False
2026-05-26,32.297766832570545,24.446511627906975,33.15464292204252,43.257023933402735,41.88571959752916,44.9653095734855,0.0,45.74535708393929,-0.014182143053535688,1314,4061,128,214,1311,69,58,5503,1905.536720792678,39.11203911084755,45.47784388759916,2.744499628010555,DEFENSIVE,False,False
2026-05-27,29.019280521647772,17.3728813559322,27.830274395784116,40.620689655172406,42.47742339506159,44.506351943915234,0.0,43.893063031625594,-0.020356456561248012,943,4485,75,139,1885,61,56,5503,1866.746745309999,33.07954426609035,27.27814070091897,-18.097484534271594,DEFENSIVE,False,False
2026-05-28,40.106280254319664,55.63767292021981,28.692098092643054,51.13475177304964,38.34028691235451,44.430106327450325,0.0,51.883519403608936,0.0062783980120297974,2936,2341,228,176,651,164,30,5505,1878.4669243647163,33.807775869512625,32.48568863468628,2.1846948102668335,TRANSITION,False,False
2026-05-29,30.436771707531896,27.586847482816275,22.792514534883722,40.859272328056505,42.953938566457396,42.5967240922102,0.0,42.99805772905956,-0.023339807569801453,1485,3898,121,109,1323,67,198,5504,1834.623867823807,33.18744416116641,33.53246725298937,-1.8609951250386487,DEFENSIVE,False,False
2026-06-01,43.66334340729015,68.94248608534322,24.71379247683082,55.17241379310347,40.78852708154024,42.2304436983824,2.2078866073051095,52.93978457645744,0.009799281921524796,3716,1674,113,112,375,157,79,5503,1852.601864324571,38.068798456380534,50.722335496126384,14.644062885642377,TRANSITION,False,False
2026-06-02,30.60619713772895,28.146624275294556,23.355143584151218,44.482902419698036,37.4466687645011,42.26106934403362,0.0,47.65939480083684,-0.007802017330543857,1505,3842,155,121,757,120,32,5502,1838.1478324725128,34.90210408418363,41.55865261448463,-9.500083116590712,DEFENSIVE,False,False
2026-06-03,31.491114141813526,30.96038863976084,22.430076280421357,45.822454308093974,37.80205658642796,42.97418839598804,0.0,48.478125040238915,-0.005072916532536936,1657,3695,154,119,878,110,29,5506,1828.8230619439162,35.25355156227751,42.683166333466154,1.0543424342816294,DEFENSIVE,False,False
2026-06-04,28.761418372316356,24.12962962962963,21.058844896476568,43.129707578240215,36.06109254000255,43.03847155251066,0.0,46.69549625252308,-0.01101501249158974,1303,4097,106,121,1842,125,31,5506,1808.6785530716963,30.286243217286245,27.74554751489495,-14.901925034973793,DEFENSIVE,False,False
2026-06-05,40.04655748429797,60.17061611374408,21.577705156136528,51.93236714975846,40.408082425223505,42.793685816034674,0.0,51.15852813567766,0.003861760452258882,3174,2101,233,99,476,115,38,5508,1815.6632363787974,33.43302999947591,38.420211461044794,9.440360346569019,TRANSITION,False,False
2026-06-08,25.96278852147068,16.07994132746608,17.6080639302579,38.0597014925373,42.754007771139314,41.99343556723202,0.0,41.995809145557814,-0.026680636181473948,877,4577,52,69,2221,80,101,5506,1767.220186140897,31.590254792694967,33.460062356946544,-5.528325620342844,DEFENSIVE,False,False
2026-06-09,39.418937843275124,61.75966482574747,20.201561648810607,52.00375704445834,35.746816254560486,41.02436266562006,0.0,53.473740913226266,0.011579136377420885,3243,2008,256,94,427,217,24,5507,1787.6830696851537,35.14276128301456,46.00340742231916,10.657519470958768,DEFENSIVE,False,False
2026-06-10,29.284377775201303,27.968633308439134,18.60127157129882,43.97590361445785,37.21654022666298,41.02197959751738,0.0,45.8180119582379,-0.013939960139206982,1498,3858,149,107,1045,94,80,5505,1762.7628389522076,31.555368046649004,35.26941315388417,-10.762179709096667,DEFENSIVE,False,False
2026-06-11,28.059555548717853,24.651162790697672,17.18153734326731,43.993174061433436,36.32254175231292,41.00889655477792,0.0,46.244207097004534,-0.012519309676651574,1325,4050,128,88,1463,100,82,5503,1740.6942650848714,32.25429038906473,38.126486974961374,2.0967670272471715,DEFENSIVE,False,False
2026-06-12,46.02557477695275,72.01499531396438,19.13714804722979,55.103668261562966,43.8252719489738,40.217421729205725,26.748410535876477,53.16944161853946,0.010564805395131525,3842,1493,170,94,222,131,54,5505,1759.0843612479143,34.456502700290606,41.544930471033666,6.606636933677628,TRANSITION,False,False
2026-06-15,50.610533297728196,72.53680634201586,24.063636363636366,54.95969011346995,43.84812182750308,39.232757726274436,61.27272727272728,55.837682969016655,0.019458943230055526,3843,1455,202,155,93,297,18,5500,1793.314283970316,41.56522120779957,56.40098814889257,21.326155522526893,TRANSITION,False,False
2026-06-16,42.79645232138526,50.112866817155755,26.471122411914276,50.0,42.154911125710484,39.352401066008525,46.1859789320741,51.93872932097251,0.006462431069908376,2664,2652,190,202,223,188,12,5506,1804.9034539171562,46.47752013202203,64.8882228243786,14.736896772667407,TRANSITION,False,False
2026-06-17,32.36710458040848,31.000556896231668,26.490367139222105,45.101540922553966,41.387072693295224,39.217846760074636,0.0,48.476304202425816,-0.005078985991913945,1670,3717,115,205,709,151,14,5502,1795.736374557954,41.924696733173946,51.216743351801036,-13.658470196544272,DEFENSIVE,False,False
2026-06-18,34.160618906197755,36.49306856500562,25.668303327877794,46.74796747967483,43.05139714912754,39.88850908950919,0.0,48.89870992199039,-0.003670966926698711,1948,3390,161,226,1024,135,36,5499,1789.144285717882,36.44139193599713,39.202164092797624,-16.44991439153044,DEFENSIVE,False,False
2026-06-22,43.310207163179264,54.11010558069381,27.853507815339874,50.93436118155985,53.32680815058455,39.25161443450178,20.556161395856055,51.84052444160794,0.006135081472026479,2870,2434,198,297,459,218,26,5502,1800.1208316759719,36.612643549928464,40.53457701397698,0.5137548417940039,TRANSITION,False,False
2026-06-23,45.05115230914576,51.0295769374766,28.354821136735065,50.11740534194304,48.02414902038206,38.558088236518515,55.62919920101689,49.65663898654591,-0.0011445367115136375,2726,2616,165,169,138,141,81,5507,1798.0605272989583,40.840659459507556,47.21091702772529,12.684047728737283,TRANSITION,False,False
2026-06-24,31.076784354910362,25.832716506291636,26.78474114441417,41.84652278177459,45.648956286620376,38.14612855784225,0.0,46.454445668222974,-0.011818514439256744,1396,4008,101,207,644,158,23,5505,1776.810122994418,39.812714609078434,43.657466341487286,-3.083834551287392,DEFENSIVE,False,False
2026-06-25,29.800291589988,22.271550129485757,24.396003633060854,41.97943444730075,46.52399168425233,37.93208190216709,0.0,45.689624421094386,-0.014367918596352046,1204,4202,99,227,1570,135,50,5505,1751.28105978606,35.309409418014674,33.04461452441794,-13.509915573191265,DEFENSIVE,False,False
2026-06-26,26.00083430775748,13.99411548363369,20.753860127157132,38.32590190514793,45.24309502876511,37.053635424467224,0.0,42.21640657767905,-0.025945311407736493,761,4677,67,153,2606,91,95,5505,1705.84352732744,28.95930341755191,20.6994607064703,-19.050318001388284,DEFENSIVE,False,False
2026-06-29,36.18120590529553,45.34534534534534,20.956015994183936,48.73849979278908,47.233323084388736,37.66291729713649,0.0,49.832024176641674,-0.0005599194111944107,2416,2912,174,191,1381,197,95,5502,1704.888392424029,30.660777267680302,27.203670319488207,5.104421550385165,DEFENSIVE,False,False
2026-06-30,45.59910045177242,56.11940298507463,23.91422860258041,51.92492781520688,41.85607713692552,37.84244977988385,62.53861530074505,53.6229346820986,0.012076448940328652,3008,2352,143,272,203,285,16,5503,1725.4773900440966,35.92704688827511,38.486287938017824,15.798808861784423,TRANSITION,False,False
2026-07-01,57.63508103624175,79.18510324483776,27.891774105683677,58.39694656488543,51.36714786076815,36.04164554416441,93.76248411113129,56.30846549035952,0.021028218301198397,4295,1129,83,289,48,243,22,5507,1761.7611052757263,46.471795797769865,60.21661719175251,31.63424672848427,RECOVERY,False,False
2026-07-02,41.439353332833775,40.94175491679274,27.263654509163494,48.006517155453295,49.44182566215139,35.45594595709686,51.996007984031934,47.77473770098632,-0.007417540996712241,2165,3123,223,117,106,112,138,5511,1748.6931700509306,48.224511606949285,58.74875371556831,5.258147427538248,TRANSITION,False,False
2026-07-03,50.99222659531464,69.96453238753033,31.11393323657474,54.86208614916555,46.044677109512456,34.586876905090676,60.15965166908563,53.35279009795568,0.01117596699318559,3748,1609,155,144,88,173,56,5512,1768.236507200629,50.02222032146336,63.36379684972021,5.393126143542219,TRANSITION,False,False
2026-07-06,35.962185223168674,34.25579655946148,29.11300562307274,44.866732477788716,43.666736791350914,33.92684629027588,25.87520406312353,46.30819065955732,-0.012306031134808942,1832,3516,165,168,301,103,107,5513,1746.4765336893122,42.79792171710566,48.387361287928115,-21.672895813073076,DEFENSIVE,False,False
2026-07-07,24.31606729850386,12.330275229357795,21.22256484672592,38.35616438356166,37.8159624201856,34.61182584072454,0.0,42.039678343693744,-0.026534405521020862,672,4778,63,61,817,48,85,5513,1700.1348171114532,37.09015970566236,38.85020139211647,-17.123286034329915,RISK_OFF,False,False
2026-07-08,28.529881438712923,29.132969719766788,18.084527480500633,44.3548387096774,35.165874451430106,34.31519314558007,0.0,45.402144478939405,-0.015326185070201984,1549,3768,196,65,1055,82,114,5513,1674.078236260109,29.602711320128453,25.239680502861955,-22.462345156601717,DEFENSIVE,False,False
2026-07-09,34.46252542342916,45.93879863996978,18.797606093579976,49.216708847815525,38.49174374027443,34.83393294418063,0.0,51.57286724178336,0.005242890805944528,2432,2862,220,75,550,163,30,5514,1682.855245653429,29.10282472021528,29.13401452969806,-1.4996597997395114,DEFENSIVE,False,False
2026-07-10,47.617799415341494,68.80341880341881,21.087941976427928,54.8582995951417,46.171768143751414,34.41424460794341,49.81867633726201,52.431081276933924,0.008103604256446401,3703,1679,133,80,81,139,71,5515,1696.4924385850893,36.870068759161164,47.95839572105172,23.301732116837634,TRANSITION,False,False
2026-07-13,22.948908984143728,14.243813015582035,14.855072463768115,33.19985519082456,42.073245912523596,32.413050655514716,0.0,37.69342012881803,-0.04102193290393988,777,4678,65,68,1426,44,506,5520,1626.8990395974104,35.00974460763809,42.99534348632347,-5.580972454569196,RISK_OFF,False,False
2026-07-14,44.39485838556719,77.25497489306305,19.467584208620064,56.15590567397799,38.25181979000964,32.43207983430489,10.521550162984427,54.62152002500681,0.015405066750022699,4154,1223,145,102,320,136,47,5522,1651.9615278979563,38.3205222616841,53.43406890402124,9.932332962138027,TRANSITION,False,False
2026-07-15,44.9090760124038,61.482585211398764,23.91816042006156,53.023431594860156,39.09348924804496,32.61220336782414,51.44848814050334,50.62380696546557,0.002079356551551875,3301,2068,154,259,251,105,95,5523,1655.3965449239024,37.41761446070487,50.99379104001455,-2.708723402937693,TRANSITION,False,False
2026-07-16,35.2040906496073,46.11585944919278,24.624162289440317,49.20713577799805,37.95060053071973,32.73941501182943,0.0,48.053827638608695,-0.006487241204637679,2428,2837,256,240,736,76,101,5521,1644.657588247657,41.502675015859396,61.61780651788481,12.255181665463574,DEFENSIVE,False,False
2026-07-17,22.188540376431295,8.521165475536009,15.640282557507698,33.40248962655599,46.87158218701322,30.786848295348612,0.0,36.207937889510234,-0.04597354036829922,465,4992,64,56,1880,42,704,5521,1569.0468562223236,34.1005690128141,38.70653671204246,-22.206318009135895,RISK_OFF,False,False
2026-07-20,30.003703833122465,31.788812996123315,16.56708310700706,41.590749824807325,48.905337504122635,30.361234678832215,0.0,42.650947909350116,-0.024496840302166277,1722,3695,106,139,2270,78,583,5523,1530.6101659588294,29.13211161972032,28.808612640283968,-14.905372179281336,DEFENSIVE,False,False
2026-07-21,38.821874958267635,57.29770136423098,16.603295310519645,52.320522117476465,50.419832103199646,30.474585345214102,0.0,54.365577749662755,0.01455192583220919,3066,2285,172,51,364,349,36,5523,1552.8834915718874,30.338039722607096,32.535893278630034,3.617784308660333,DEFENSIVE,False,False
2026-07-22,32.47200145703641,27.837938760268855,16.11151339608979,44.86996728621817,39.01192049449218,31.11191417148159,42.396813902968866,47.14116226399273,-0.009529459120024215,1491,3865,168,84,126,76,23,5524,1538.0853518207925,33.76586008280881,38.97481770687432,10.283461080605118,DEFENSIVE,False,False
2026-07-23,50.44091731994581,77.9870729455217,20.5158371040724,57.27272727272732,36.3160765071343,30.027287935455416,70.27149321266968,55.45565961918301,0.018185532063943348,4223,1192,110,146,34,157,12,5525,1566.0562523034112,40.57826457841659,54.374237690007114,20.437213486823346,TRANSITION,True,False
2026-07-24,21.653659291706838,9.930504754937818,12.074583635047068,38.554407348525,32.37800680766442,30.15015701276137,9.992758870383778,42.039253284400914,-0.026535822385330293,543,4925,56,43,264,55,62,5524,1524.4996617468519,34.85552602289632,38.58517215357606,-17.168215666560798,RISK_OFF,False,False
2026-07-27,53.81821803300587,94.91929567131328,18.777173913043477,60.90289608177173,34.41808842858133,29.405687673039083,61.41304347826087,59.05877081771806,0.030195902725726864,5175,277,68,76,13,182,11,5520,1570.5333052383633,41.970931548219475,60.94562445725753,21.346216575969457,TRANSITION,True,False
2026-07-28,39.78953852292927,48.36143208941087,19.95292413543364,49.75728155339802,34.15651074534563,30.453591651641577,56.8803186673909,47.76271593550051,-0.007457613548331636,2553,2726,244,125,87,82,150,5523,1558.8208747831115,38.420471949213955,51.070410838553926,-10.651378797016541,DEFENSIVE,False,False
2026-07-29,54.088443290433986,78.12152649129307,28.585657370517925,56.31069425745112,42.46867370458652,31.2669209001635,82.05360376675117,53.839450650200405,0.012798168834001348,4217,1181,124,293,116,102,33,5522,1578.7709275205516,49.23206661545634,73.800751417339,32.43478399872715,TRANSITION,True,False
2026-07-30,35.202197425142586,32.29615745079663,28.179844400217114,45.362318840579704,43.37097660032061,31.48630313745715,28.107472408178037,44.45634623402887,-0.018478845886570436,1723,3612,192,381,502,67,276,5527,1549.5970628607015,43.026726412835245,52.926372010500124,-18.616020607863284,DEFENSIVE,False,False
2026-07-31,59.48228384606576,86.82590035454376,36.260853835021706,58.108108108108155,45.584459754502745,31.378729196641608,89.43560057887119,57.766396669651456,0.025887988898838196,4653,706,169,228,10,239,1,5528,1589.7130144217115,49.590974853880745,65.74786143221108,19.692745323136492,RECOVERY,True,False
2026-08-03,57.252564495670676,73.23578440451935,42.52894356005788,55.37138155855716,42.38648462790218,30.967382129729426,100.0,53.54823083174827,0.011827436105827545,3954,1445,129,561,117,114,35,5528,1608.5152435263867,50.64568192229297,64.11928073661984,3.1641212052366896,RECOVERY,False,False
2026-08-04,56.93928118651365,67.78927563499529,46.78907380607814,53.89294450925486,43.79063759136059,32.015895094835486,100.0,55.60041383946665,0.018668046131555486,3603,1712,213,303,6,255,2,5528,1638.5430802958476,57.89137650941666,75.95032013135274,21.73708376137106,RECOVERY,False,False
2026-08-05,58.87225107403869,69.80339759496087,51.591032363044654,53.7008481110254,46.47853168234672,33.092342430810774,100.0,55.34107981205284,0.017803599373509477,3657,1582,292,295,10,198,3,5531,1667.715044853671,57.6880322520743,70.27615254482511,-0.6100327720270755,RECOVERY,False,False
2026-08-06,53.8126442496332,51.819394170318155,53.39840925524223,50.213436699078564,45.11614263000792,32.99091065598871,100.0,51.591717820867665,0.005305726069558869,2720,2529,283,320,8,115,7,5532,1676.5634840437467,56.54139217006181,63.13735580009137,-3.439920246037474,TRANSITION,False,False
2026-08-07,54.729647702836225,52.84846183061147,56.966028189374775,50.45036784125148,46.94130026351195,33.654094330289,95.17528008673655,52.652778997826545,0.008842596659421822,2783,2483,268,258,8,159,9,5534,1691.3886587070606,55.804847675502664,58.15708453196343,-2.209633483677422,TRANSITION,False,False
2026-08-10,63.48351226789989,74.83714870649544,64.46370530877573,55.030710841722595,47.73264050010284,37.636665251924015,100.0,54.066296061093354,0.013554320203644528,4021,1352,165,912,3,132,13,5538,1714.3142821759889,57.341934740123065,59.83500156914162,4.611261193861203,RECOVERY,False,True
2026-08-11,49.38550235446415,29.41622441243366,62.89739884393064,47.25268828617186,40.903166349923495,37.938916063501516,100.0,48.69393361610296,-0.004353554612990136,1552,3724,260,317,9,75,9,5536,1706.8509213247066,55.86622077506672,52.36727831651345,-4.427141895169051,TRANSITION,False,False
2026-08-12,63.08997202956264,77.08889736741702,66.94655110148068,53.340758274003576,39.3846489111567,38.392326674836575,100.0,53.60787444309091,0.012026248143636361,4041,1201,296,612,7,126,2,5538,1727.377934048752,58.652995550642196,60.44742349544864,8.360324326726413,RECOVERY,False,False
2026-08-13,45.68509876047089,20.49378132541303,61.92238267148015,44.084420190249965,45.46938511792686,38.28877706588507,85.74007220216606,46.824423435799424,-0.010585255214001922,1104,4283,153,226,28,79,10,5540,1709.0931977658106,52.72019104816585,42.332967701754505,-17.798413507428997,TRANSITION,False,False
2026-08-14,50.50970398216057,44.63568559954102,59.15162454873646,49.17990235331455,38.99159899570784,42.855702667003506,74.90974729241877,50.36374948464878,0.0012124982821626132,2334,2895,311,211,73,86,19,5540,1711.1654703321574,53.094924924064664,47.406121430790286,1.1242016276964222,TRANSITION,False,False
2026-08-17,65.39385807845727,80.67005458309806,65.13181654026725,55.38463683011181,43.38608011521244,46.177734824542846,100.0,55.332002007527734,0.01777334002509244,4286,1027,225,777,38,161,3,5538,1741.5785960755682,53.86288694036288,48.59984050268397,2.3038860488946327,RECOVERY,False,False
2026-08-18,53.51051317039155,38.803161460293566,63.91045315038816,48.10554803788909,44.37775745591051,46.615226402489604,100.0,49.87227421843261,-0.00042575260522464785,2062,3252,225,634,41,113,14,5539,1740.8371144510854,56.47135841033643,54.70296721431081,7.825414409920654,TRANSITION,False,False
2026-08-19,32.213558268991555,7.951237263464339,40.59397003069146,34.30311231393777,49.035590104498326,43.13762228624466,34.1126557140278,37.62243568389027,-0.041258547720365774,437,5059,43,113,201,42,424,5539,1669.0127032911214,50.372643172613415,42.47481776895192,-18.296145713169018,DEFENSIVE,False,False
2026-08-20,57.44581581776589,75.73653593544756,48.86281588447653,54.70403835515398,40.76546796755053,43.71208478604137,73.46570397111914,54.018276657738994,0.01339425552579666,4036,1293,211,191,61,135,28,5540,1691.3678859148033,47.72329575238296,40.83031155306842,-7.9480422606913805,RECOVERY,False,False
2026-08-21,46.279000975364426,46.54545454545455,45.66041140382533,49.520670888438964,36.83951373091498,45.648037487346485,55.052327679538074,49.72981697288345,-0.0009006100903885116,2432,2793,317,146,118,72,36,5542,1689.8446229301894,45.312791687373924,43.411075914788746,-7.231512195027122,TRANSITION,False,False
2026-08-24,37.66145873585627,26.432047922126543,38.530207394048695,45.12711864406778,38.747308585908094,46.30449775436585,38.09738503155996,46.52105826851873,-0.011596472438270907,1412,3930,203,130,196,62,42,5545,1670.2483863354191,47.128758509662156,49.57134613434281,5.447900466864716,DEFENSIVE,False,False
2026-08-25,60.19588707204879,77.52225519287835,48.63841298467088,55.86387434554965,40.13796875109972,46.188750752550256,93.46257889990983,54.44462494303236,0.014815416476774536,4180,1212,153,284,43,97,7,5545,1694.9938117986392,48.04544892775646,50.166585886819746,2.7500712542829007,RECOVERY,False,False
2026-08-26,54.058365270562994,54.522900763358784,50.32449972958356,50.625978090766836,39.169388549003166,47.03251048615764,96.51162790697674,50.780425970552955,0.002601419901843194,2857,2383,307,288,30,69,12,5547,1699.4032024341532,50.638570359489314,52.825734626121154,7.779364295198569,TRANSITION,False,False
2026-08-27,57.21458279721451,63.89315910837817,53.921038399134666,52.10526315789474,42.18037970799504,48.14637591403533,88.21885703984135,53.55431230043802,0.011847707668126747,3325,1879,343,257,45,134,6,5547,1719.5372347868713,57.15627837994206,65.31277168820503,19.55312406135824,RECOVERY,False,False
2026-08-28,56.72362555001149,55.68397120121258,55.670753696357735,50.88446682638246,43.9026723555278,49.132147757433266,100.0,50.743927148138745,0.0024797571604625026,2939,2339,268,439,38,94,17,5546,1723.801269557516,55.99885787259629,58.03334369098311,-3.4722615220373,RECOVERY,False,False
2026-08-31,58.78681607411556,58.9690332326284,58.31379621280433,51.79640718562872,46.97861261646926,49.52079267148118,100.0,52.26932571869559,0.007564419062318646,3123,2173,249,517,108,129,22,5545,1736.8408247406062,57.57500814044715,59.515387847406316,4.728450803552569,RECOVERY,False,False
2026-09-01,60.481544587201284,62.40346581277076,61.33658008658009,52.295003717105004,48.313570069352515,49.494225596523265,100.0,51.45306978143248,0.004843565938108274,3313,1996,235,647,41,106,5,5544,1745.2533277992356,58.66399540377608,59.01882341553718,3.266961789986773,RECOVERY,False,True
2026-09-02,45.84075047348096,27.8526000748223,56.88784709700685,46.20853080568719,42.855218405847324,49.53970033256101,67.85070320952038,48.02856598871401,-0.006571446704286647,1489,3857,200,314,215,66,15,5546,1733.784488570124,55.03637037826589,49.74169970674043,-10.882875076530532,TRANSITION,False,False
2026-09-03,45.75380555084291,33.643087426512416,53.14527757750541,47.274570754002674,40.58739758657867,49.63061070326537,61.35544340302812,48.72155033994361,-0.004261498866854646,1774,3499,275,176,113,59,27,5548,1726.3959679367122,50.69203353717501,41.29971777136843,-13.033010523272651,TRANSITION,False,False
2026-09-04,46.59163655188889,45.43205177007994,53.055705786911844,49.31093884582256,46.863403674220024,49.58551482367328,27.82585181179016,49.103888208675926,-0.0029870393044135785,2387,2867,293,177,300,56,17,5547,1721.2391553255043,46.062064192070885,35.64257975713815,-13.889908035312395,TRANSITION,False,False
2026-09-07,55.12682231591213,59.30611462526356,55.70578691184424,51.344086021505305,41.35886928964838,50.007954879439986,76.14025599423111,52.777437863744545,0.009258126212481827,3094,2123,330,236,91,151,7,5547,1737.1746046673734,49.157421472881275,46.127084607285234,9.28607184243117,RECOVERY,False,False
2026-09-08,59.406718516223236,62.79464454082595,59.758515047756354,52.14477211796247,42.08390006165073,50.22516235829975,100.0,51.99074617387052,0.006635820579568402,3330,1973,246,412,95,89,8,5549,1748.7021836593287,53.70839246134138,55.844270312056416,13.652912965380324,RECOVERY,False,False
2026-09-09,46.142139547233455,32.38293051359516,56.63302090843547,47.272727272727266,39.510108344005026,50.29454024951623,62.436914203316505,48.58463898708904,-0.004717870043036533,1715,3581,252,279,210,61,12,5548,1740.4520340128497,53.558560126456236,51.49456322656149,-0.4494970046554343,TRANSITION,False,False
2026-09-10,33.42480855805499,17.036625971143177,48.675198269646714,44.029850746268664,36.61293556454803,50.37844224353092,0.0,45.92700480728517,-0.013576650642382764,921,4485,142,135,653,45,24,5548,1716.8225247872329,46.32455554050386,37.404733675188034,-21.702013757857138,DEFENSIVE,False,False
2026-09-11,29.964813889164247,11.492156147391464,35.222562623896195,41.14688128772639,44.61724416621189,49.82856563790593,0.0,43.995738913116114,-0.020014203622946286,630,4852,67,101,1390,50,38,5549,1682.4616891916803,36.510587331484196,20.30390421070987,-29.44190462705899,DEFENSIVE,False,False
2026-09-14,47.43018448173564,58.590308370044056,37.54054054054055,51.12588028169016,35.33025783806075,50.34216135350269,46.93693693693694,51.56337468219835,0.005211248940661145,3059,2162,329,137,154,89,23,5550,1691.2294158871832,36.93993564298492,29.039696829526168,1.2880449345021816,TRANSITION,False,False
2026-09-15,29.949157588245367,19.77777777777778,28.99242970439798,43.99631133118413,35.28087492619999,50.203204759962276,0.0,45.88657576634958,-0.013711414112168075,1068,4332,148,75,854,43,45,5548,1668.040269007274,35.78138531971505,29.953414098404366,-3.4756509698096245,DEFENSIVE,False,False
2026-09-16,52.61727936624858,78.1148635756535,35.32804614275415,53.91453280679856,37.58355437823057,54.15266675546746,41.70872386445566,54.24204208075394,0.014140140269179778,4094,1147,307,156,202,128,6,5548,1691.6265923856772,43.332207145409825,52.160983241158384,22.652465477084334,TRANSITION,True,False
2026-09-17,45.12010464922479,47.65892653216597,35.83393371757925,49.67010303668451,36.8473051393261,55.07319257669412,50.36023054755043,50.35265467682787,0.0011755155894262145,2504,2750,298,138,136,68,4,5552,1693.6151258165144,42.56218053457288,48.51718929519902,-2.3100798325108443,TRANSITION,False,False
2026-09-18,60.13618053347329,79.08472012102874,43.88618764631731,54.279982166741014,42.416653004089916,55.13215099893098,88.35764451647758,54.68576293574306,0.015619209785810183,4182,1106,265,247,34,126,1,5553,1720.0680557630637,52.62452151631552,68.28617007628266,30.187022945227927,RECOVERY,False,False
