date,v2_yang_pct,v2_yin_pct,v2_position_tenths,v2_signal,v2_state,score_0_100,breadth_score,trend_score,leadership_score
2020-01-03,21.0503133,78.9496867,2,NONE,DEFENSIVE,42.09063345582008,57.5925925925926,0.0,50.0
2020-01-06,21.0503133,78.9496867,2,NONE,DEFENSIVE,42.36603802224314,58.43483556638246,0.0,50.0
2020-01-07,21.0503133,78.9496867,2,NONE,DEFENSIVE,48.86361980645375,82.33382570162482,0.0,50.0
2020-01-08,21.0503133,78.9496867,2,NONE,DEFENSIVE,31.04371486257772,19.02283897080081,0.0,50.0
2020-01-09,21.0503133,78.9496867,3,BOUNCE,DEFENSIVE,49.5055021910214,88.09454333236066,0.0,50.0
2020-01-10,21.0503133,78.9496867,2,NONE,DEFENSIVE,34.5116788350414,35.92436974789916,0.0,50.0
2020-01-13,21.0503133,78.9496867,2,NONE,DEFENSIVE,45.77253258069596,76.73071058249467,0.0,50.0
2020-01-14,21.0503133,78.9496867,2,NONE,DEFENSIVE,36.9718274015838,42.4886191198786,0.0,50.0
2020-01-15,21.0503133,78.9496867,2,NONE,DEFENSIVE,32.73430465967826,30.437352245862883,0.0,50.0
2020-01-16,21.0503133,78.9496867,2,NONE,DEFENSIVE,33.82306222513278,29.6164139161463,0.0,50.0
2020-01-17,21.0503133,78.9496867,2,NONE,DEFENSIVE,34.950694647848934,34.40729483282675,0.0,50.0
2020-01-20,21.0503133,78.9496867,2,NONE,DEFENSIVE,45.37949233981946,70.51435406698565,0.0,50.0
2020-01-21,21.0503133,78.9496867,2,NONE,DEFENSIVE,31.38267916086499,21.069364161849716,0.0,50.0
2020-01-22,21.0503133,78.9496867,2,NONE,DEFENSIVE,39.22079788080916,48.13027744270205,0.0,50.0
2020-01-23,21.0503133,78.9496867,2,NONE,DEFENSIVE,27.5218376148264,7.75568181818182,0.0,50.0
2020-02-03,21.0503133,78.9496867,2,NONE,DEFENSIVE,14.494655378117812,4.393128696141929,0.0,50.0
2020-02-04,21.0503133,78.9496867,2,NONE,DEFENSIVE,36.60862239581887,40.95972579263068,0.0,50.0
2020-02-05,21.0503133,78.9496867,2,NONE,DEFENSIVE,50.20607937484449,91.23919308357348,0.0,50.0
2020-02-06,25.165770700843883,74.83422929915612,3,NONE,DEFENSIVE,52.52679828649873,93.19826338639652,10.29535864978903,50.0
2020-02-07,48.57908248166479,51.42091751833521,4,NONE,TRANSITION,48.87484573934261,62.66666666666667,11.72665916760405,100.0
2020-02-10,43.625232490328926,56.374767509671074,4,NONE,TRANSITION,52.25019020801079,77.34487734487733,13.100927748102334,87.95333145909474
2020-02-11,31.670269373636874,68.32973062636313,3,NONE,DEFENSIVE,37.2609599165868,37.16997923464847,12.11354693648117,62.64755480607083
2020-02-12,41.852823922016285,58.147176077983715,4,NONE,TRANSITION,53.28148401882582,87.09295441089402,14.813254703734907,82.57511934849762
2020-02-13,39.45316208613528,60.54683791386472,4,NONE,DEFENSIVE,35.191812329845334,22.32785940651109,13.962952568060624,78.0662363177098
2020-02-14,36.51882348513324,63.48117651486676,4,NONE,DEFENSIVE,41.07908188518335,47.60606060606061,14.333800841514726,71.31837307152875
2020-02-17,53.18134770673212,46.81865229326788,5,GOLD,TRANSITION,62.76135699785487,97.91196388261852,23.2398316970547,100.0
2020-02-18,56.18984875875421,43.81015124124579,6,NONE,RECOVERY,57.84949226167908,76.32344386271089,30.765993265993263,100.0
2020-02-19,55.2614180309417,44.7385819690583,6,NONE,RECOVERY,45.04431701576121,33.45049794961922,30.493273542600896,98.20627802690582
2020-02-20,60.37735513996637,39.62264486003363,6,GOLD,RECOVERY,62.50034079728759,86.11351195620858,41.24159192825112,100.0
2020-02-21,61.45848807578476,38.54151192421524,6,NONE,RECOVERY,57.32959673729479,63.97962241534312,43.946188340807176,100.0
2020-02-24,61.04634166460376,38.95365833539624,6,NONE,RECOVERY,55.70853439896334,58.29204313611192,42.91514981797816,100.0
2020-02-25,59.346117076595746,40.653882923404254,6,NONE,RECOVERY,47.48118738871428,30.344434955878164,38.66181410974245,100.0
2020-02-26,53.63536166460375,46.36463833539625,5,NONE,TRANSITION,46.65689213633534,35.96997690531178,38.95267432091851,87.24446933632035
2020-02-27,58.27270607793335,41.72729392206665,6,NONE,RECOVERY,50.31598650042244,51.5106192043075,40.63287594511341,95.92551106132736
2020-02-28,24.763211030198715,75.23678896980128,5,NONE,DEFENSIVE,25.911259273763747,5.925301881493961,17.604254128183598,42.72320179121187
2020-03-02,56.990431730851064,43.009568269148936,3,BOUNCE,RECOVERY,63.66717753127213,96.88026981450253,32.76875699888018,100.0
2020-03-03,57.90975684184159,42.09024315815841,4,NONE,RECOVERY,57.35897085893036,73.11669128508123,35.06856982927512,100.0
2020-03-04,58.47579700448179,41.52420299551821,5,NONE,RECOVERY,55.181389991813866,68.24284880326911,36.48459383753501,100.0
2020-03-05,60.128430541669005,39.871569458330995,6,NONE,RECOVERY,62.25504266097384,81.81291630466261,40.61887426491179,100.0
2020-03-06,59.45991060596806,40.54008939403194,6,NONE,RECOVERY,48.25367557905296,40.07611241217799,38.94648360885402,100.0
2020-03-09,24.568310583552815,75.43168941644718,2,SILVER,DEFENSIVE,30.315277424293345,13.397399660825329,24.81087139254693,35.99047352199496
2020-03-10,54.438239771000276,45.561760228999724,3,BOUNCE,TRANSITION,58.83760118585166,84.46796338672769,30.050434295320816,96.79181843653684
2020-03-11,51.66382864183245,48.33617135816755,4,NONE,TRANSITION,40.366732541902,27.246292526897356,26.63210983468759,93.70972261137574
2020-03-12,10.026151275056055,89.97384872494395,2,SILVER,RISK_OFF,25.159957037038268,14.5851033701501,16.942264573991032,11.042600896860987
2020-03-13,3.3262566669467786,96.67374333305322,2,SILVER,RISK_OFF,26.206097734001936,22.501427755568248,12.80112044817927,0.0
2020-03-16,1.17080073557423,98.82919926442577,2,NONE,RISK_OFF,19.657817697667333,8.328627893845287,7.408963585434174,0.0
2020-03-17,1.0540272969179043,98.94597270308209,2,NONE,RISK_OFF,29.46838655199714,41.31578947368421,7.116839450826562,0.0
2020-03-18,0.49832908829459543,99.5016709117054,2,NONE,RISK_OFF,22.088110921770948,17.401325266493807,5.726687202464296,0.0
2020-03-19,0.9214239505316171,99.07857604946838,2,NONE,RISK_OFF,35.31601195777912,62.7256843331392,6.785114717403469,0.0
2020-03-20,31.857869239597317,68.14213076040268,3,NONE,DEFENSIVE,46.636937654133206,80.77034462785984,8.501118568232663,66.2192393736018
2020-03-23,0.6397676528096172,99.36023234719038,2,NONE,RISK_OFF,17.754176146042536,8.4554678692221,6.080514397539838,0.0
2020-03-24,19.654419091165785,80.34558090883422,3,BOUNCE,RISK_OFF,46.1058132482228,87.21655328798185,8.009505171931787,39.93570030752027
2020-03-25,33.53409601748251,66.46590398251749,3,NONE,DEFENSIVE,51.81764134569096,92.9869392390687,11.090909090909092,67.62237762237761
2020-03-26,30.720642507436395,69.2793574925636,3,NONE,DEFENSIVE,31.26915546538035,26.555299539170505,10.134190662566397,62.300810735253
2020-03-27,23.80034446932104,76.19965553067897,2,NONE,DEFENSIVE,34.536871575558614,40.43569083855566,10.07264599050014,47.20592344230232
2020-03-30,1.4528412762569836,98.54715872374301,2,NONE,RISK_OFF,22.865906780324387,18.33664490491059,8.114525139664805,0.0
2020-03-31,1.8994771421787717,98.10052285782123,2,NONE,RISK_OFF,29.850337789952945,41.7683834474546,9.231843575418996,0.0
2020-04-01,1.3226940537688445,98.67730594623116,2,NONE,RISK_OFF,27.76079531739361,34.52981311183625,7.788944723618091,0.0
2020-04-02,31.872692782132887,68.12730721786711,3,BOUNCE,DEFENSIVE,51.776451640322726,89.02161547212741,21.6499162479062,54.74595198213289
2020-04-03,33.66614424779453,66.33385575220547,3,NONE,DEFENSIVE,35.557263485168555,30.544296467863347,22.62702400893356,57.81686208821887
2020-04-07,55.948550803492594,44.051449196507406,6,GOLD,RECOVERY,63.89028236864625,98.36711711711712,36.532550991897175,94.42581726739311
2020-04-08,52.31413249111483,47.68586750888517,5,NONE,TRANSITION,51.75654594042272,59.18246445497631,43.40597932383347,80.45543447890472
2020-04-09,59.94905029581005,40.05094970418995,6,NONE,RECOVERY,55.9525431859681,64.83246234245313,51.66201117318436,89.94413407821229
2020-04-10,38.33253101775544,61.66746898224456,5,NONE,DEFENSIVE,34.99907930721856,13.46590909090909,37.171970965940815,55.30429927414852
2020-04-13,22.772656934840874,77.22734306515912,4,NONE,DEFENSIVE,35.281513515929085,31.76300578034682,34.61753210496929,23.478503629257403
2020-04-14,56.03864701512276,43.96135298487724,6,GOLD,RECOVERY,61.22334760952191,89.68481375358166,45.438058035714285,86.83035714285714
2020-04-15,54.573516413128495,45.426483586871505,5,NONE,TRANSITION,43.60421187522193,27.43055555555556,40.76815642458101,87.70949720670392
2020-04-16,53.21149516785615,46.78850483214385,5,NONE,TRANSITION,50.84923333910428,54.85040797824116,42.54251463618623,83.17535545023696
2020-04-17,53.48315838776817,46.51684161223183,5,NONE,TRANSITION,49.32590613846956,43.88424821002387,43.24324324324324,83.1568682084146
2020-04-20,63.36594727435897,36.63405272564103,6,GOLD,RECOVERY,59.176092479443945,73.13077152219243,48.71794871794872,100.0
2020-04-21,48.33973521889632,51.66026478110368,5,NONE,TRANSITION,44.37254001947045,30.419781483611278,43.74303232998885,71.46042363433668
2020-04-22,63.36095367444321,36.63904632555679,6,GOLD,RECOVERY,58.838114694679625,69.7151424287856,48.7054565701559,100.0
2020-04-23,58.47297764371523,41.52702235628477,6,NONE,RECOVERY,48.92234503892474,35.7870235670643,47.21913236929922,90.60066740823136
2020-04-24,13.314727363977749,86.68527263602225,2,SILVER,RISK_OFF,32.79987442216026,18.901915927938237,37.78859527121001,0.0
2020-04-27,12.323475453589317,87.67652454641069,2,NONE,RISK_OFF,36.618296178154246,36.43771827706635,35.30884808013356,0.0
2020-04-28,9.115678897493037,90.88432110250696,2,NONE,RISK_OFF,32.12814931327369,22.678369195922983,27.284122562674096,0.0
2020-04-29,28.873587094306448,71.12641290569356,3,NONE,DEFENSIVE,42.0775970045597,47.683682502213045,27.225788445436784,43.301702483952
2020-04-30,57.83261688680459,42.16738311319541,6,GOLD,RECOVERY,61.74506590951432,85.29914529914531,34.875594073245736,100.0
2020-05-06,60.6898529303502,39.3101470696498,6,GOLD,RECOVERY,62.5134095923216,84.001153070049,42.023346303501945,100.0
2020-05-07,55.08757731111111,44.91242268888889,6,NONE,RECOVERY,46.616675680940986,34.215945866431305,40.38888888888889,89.16666666666666
2020-05-08,62.58591025947821,37.41408974052179,6,GOLD,RECOVERY,61.74158458290295,79.34397163120568,46.76658340271996,100.0
2020-05-11,58.35188626337403,41.64811373662597,6,NONE,RECOVERY,50.59862107103174,41.86525448661372,47.33629300776915,90.2330743618202
2020-05-12,49.63667968796451,50.36332031203549,5,NONE,TRANSITION,46.4251279113612,37.02301194290708,46.159179145868,72.18524681087078
2020-05-13,63.014012734433045,36.985987265566955,6,NONE,RECOVERY,54.6854192690664,56.53357531760436,47.8375381203216,100.0
2020-05-14,44.28319616308204,55.71680383691796,5,NONE,TRANSITION,41.1373368697574,23.32855093256815,42.59977827050998,63.58093126385809
2020-05-15,46.580519797644776,53.419480202355224,5,NONE,TRANSITION,49.31248098085062,50.49773755656109,43.91798282072597,67.45635910224439
2020-05-18,44.35398253578363,55.64601746421637,4,NONE,TRANSITION,46.82077989933154,41.35316418780985,41.17891816920943,64.97919556171982
2020-05-19,61.78887497914587,38.21112502085413,6,GOLD,RECOVERY,59.38110472237933,73.63095238095238,46.769273433166944,98.25291181364392
2020-05-20,33.9055907556541,66.0944092443459,5,NONE,DEFENSIVE,40.42907694156381,27.63948497854077,42.29490022172949,41.13082039911309
2020-05-21,13.017992209670268,86.98200779032973,2,SILVER,RISK_OFF,35.21115148079817,28.7369640787949,37.0462732058742,0.0
2020-05-22,9.663466364784055,90.33653363521594,2,SILVER,RISK_OFF,30.37202031537681,18.391787852865697,28.654485049833887,0.0
2020-05-25,9.624731955869326,90.37526804413068,2,NONE,RISK_OFF,37.12636977750756,46.35143023934617,28.557585825027687,0.0
2020-05-26,49.64357325848326,50.35642674151674,3,NONE,TRANSITION,60.068762556878376,90.9533352419124,38.001660669803485,79.33849986161086
2020-05-27,45.22045874610695,54.77954125389305,4,NONE,TRANSITION,44.49153157589907,37.85755983654408,37.03241895261845,70.50429481850928
2020-05-28,28.6117358982835,71.3882641017165,3,NONE,DEFENSIVE,40.73472902493027,37.26059199071387,35.36821705426357,35.603543743078625
2020-05-29,51.80270912872164,48.19729087127836,4,NONE,TRANSITION,52.79598442240125,60.16090584028606,38.66906474820144,83.48090758162701
2020-06-01,66.1201161510108,33.879883848989195,7,GOLD,RECOVERY,70.83011366464858,95.39842873176208,55.60786485738023,100.0
2020-06-02,68.13015346459198,31.869846535408016,7,GOLD,RECOVERY,61.99641382197771,63.8140361267397,60.63623789764869,100.0
2020-06-03,67.62391574610282,32.376084253897176,7,NONE,RECOVERY,54.53183632279798,37.376093294460645,59.3698175787728,100.0
2020-06-04,68.15859083661233,31.841409163387667,7,NONE,RECOVERY,57.700318288557405,53.00884955752212,60.707377728654336,100.0
2020-06-05,67.2342301896876,32.765769810312406,7,NONE,RECOVERY,54.811436355066114,44.55298993487271,60.24329554879735,98.38263754492674
2020-06-08,66.40083231906604,33.59916768093396,7,NONE,RECOVERY,54.491923418382896,42.67177823650841,59.76789168278529,96.97430229345125
2020-06-09,65.23929514500827,34.76070485499173,7,NONE,RECOVERY,58.18776320097061,58.73349339735894,61.69332597904027,92.74682846111418
2020-06-10,58.16749010777717,41.83250989222283,6,NONE,RECOVERY,49.87260877238028,36.462819408555845,57.23938223938223,81.1638168781026
2020-06-11,48.56967028290127,51.43032971709873,5,NONE,TRANSITION,46.90500136211586,31.70873223092544,52.45449531163817,64.34087148372862
2020-06-12,45.83887234578047,54.16112765421953,5,NONE,TRANSITION,47.82482301216782,40.11199528440908,49.089906232763376,61.30722559293987
2020-06-15,52.73536447323052,47.26463552676948,5,NONE,TRANSITION,48.96874074612824,37.68074031231926,46.84659873313137,78.36684109060866
2020-06-16,67.28936423861822,32.71063576138178,7,GOLD,RECOVERY,66.76604579493333,87.51062022090059,58.53289292595652,100.0
2020-06-17,67.99242403747937,32.00757596252063,7,NONE,RECOVERY,57.338282479508194,51.22890139176784,60.29168959823885,100.0
2020-06-18,65.05983525706029,34.940164742939714,7,NONE,RECOVERY,55.09668178937234,45.61764705882353,61.02394715111479,92.93971924029726
2020-06-19,67.38792638718373,32.612073612816275,7,NONE,RECOVERY,59.33274058606446,57.20351835001517,62.8025302530253,96.47964796479648
2020-06-22,68.21003960913092,31.789960390869084,7,NONE,RECOVERY,56.76523889849634,47.06400469759248,60.83608360836084,100.0
2020-06-23,56.8391234799945,43.1608765200055,6,NONE,RECOVERY,49.48997972504831,34.91652274035694,54.67161308051662,80.50288540807914
2020-06-24,43.70742691889072,56.29257308110928,5,NONE,TRANSITION,46.342783495810046,36.83139534883721,51.3454146073586,54.66776496430532
2020-06-29,15.845342997719152,84.15465700228084,4,NONE,RISK_OFF,38.43200155058659,33.579335793357934,44.11926353393789,0.0
2020-06-30,64.34554662829255,35.65445337170745,6,GOLD,RECOVERY,64.40872314282586,85.19269776876268,51.16854550453671,100.0
2020-07-01,65.87493484226124,34.12506515773876,7,NONE,RECOVERY,58.98071180831192,57.35937044593413,54.99451152579582,100.0
2020-07-02,70.79467602278585,29.20532397721415,7,GOLD,RISK_ON,69.1875761360366,78.81019830028329,67.30189196599945,100.0
2020-07-03,74.26091129479167,25.73908870520833,7,NONE,RISK_ON,70.1305667604179,74.13006274957216,75.97313596491229,100.0
2020-07-06,78.98638092876713,21.013619071232867,8,GOLD,RISK_ON,83.99673894610198,94.86329743164872,87.79452054794521,100.0
2020-07-07,79.596170327694,20.403829672306003,8,NONE,RISK_ON,73.43029479209338,59.48599480219463,89.31998903208115,100.0
2020-07-08,80.08155654520547,19.918443454794527,8,NONE,RISK_ON,78.25722850923427,85.54831396996316,90.53424657534246,100.0
2020-07-09,81.07498396110049,18.925016038899514,8,NONE,RISK_ON,81.74615599611577,89.72276673200784,93.01943607993432,100.0
2020-07-10,80.73028695453053,19.269713045469473,8,NONE,RISK_ON,61.94075795361018,30.410499860374195,92.15713112510264,100.0
2020-07-13,81.3396844679431,18.6603155320569,8,GOLD,RISK_ON,81.06979347480241,93.71713257680598,93.6816192560175,100.0
2020-07-14,81.04678518986063,18.95321481013937,8,NONE,RISK_ON,63.06574916458977,35.67825112107623,92.94889314020224,100.0
2020-07-15,79.75653369092402,20.243466309075984,8,NONE,RISK_ON,54.46682471021577,18.443644419828303,89.72115910333515,100.0
2020-07-16,38.5500045339437,61.4499954660563,7,NONE,DEFENSIVE,37.02629546507397,5.532617671345996,69.07625034162339,27.862804044820987
2020-07-17,42.02045879003549,57.97954120996451,6,NONE,TRANSITION,49.21802086039283,50.114285714285714,65.87496587496588,38.26098826098826
2020-07-20,76.16299188624454,23.83700811375546,8,GOLD,RISK_ON,71.69210901055021,91.87482843810048,80.73144104803494,100.0
2020-07-21,76.31173527956403,23.688264720435967,8,NONE,RISK_ON,58.36224775568966,50.86623118432263,81.10354223433242,100.0
2020-07-22,76.40431790490463,23.59568209509537,8,NONE,RISK_ON,57.93052177744629,47.62321376494605,81.33514986376021,100.0
2020-07-23,67.75845177784724,32.24154822215276,7,NONE,RECOVERY,51.26625256027246,33.41708542713568,74.91166077738515,86.69475400924163
2020-07-24,18.8748235866069,81.12517641339309,6,NONE,RISK_OFF,28.77613840352321,6.928532460447356,51.69790817712578,0.0
2020-07-27,18.158094963950017,81.84190503604998,5,NONE,RISK_OFF,38.98636210470516,46.70454545454545,49.90491714208096,0.0
2020-07-28,53.22441100619946,46.77558899380054,5,NONE,TRANSITION,54.67082991772381,74.95069033530572,53.07277628032345,73.98921832884096
2020-07-29,66.07096915510368,33.92903084489632,7,GOLD,RECOVERY,64.8669989784312,94.0934065934066,62.45623485052519,93.89981147320223
2020-07-30,67.89734457456258,32.10265542543742,7,NONE,RECOVERY,49.213904501702814,37.86135279259052,60.05383580080753,100.0
2020-07-31,69.11042340357815,30.889576596421847,7,GOLD,RECOVERY,59.89971806829043,73.29299913569577,63.088512241054616,100.0
2020-08-03,74.26391717157442,25.73608282842558,7,GOLD,RISK_ON,70.47579459819013,93.17685589519652,75.98065556152606,100.0
2020-08-04,73.3645868012087,26.635413198791298,7,NONE,RISK_ON,52.34508834354171,33.15760266370699,73.73086220789686,100.0
2020-08-05,74.00072039183674,25.999279608163263,7,NONE,RISK_ON,60.72435035030337,63.56940509915015,75.32223415682063,100.0
2020-08-06,73.54210191014221,26.457898089857792,7,NONE,RISK_ON,53.19117270027941,36.75690761931343,74.17493962972901,100.0
2020-08-07,61.9436172804132,38.0563827195868,6,NONE,RECOVERY,45.16761073105589,22.88529975362716,64.89133351220822,82.73410249530453
2020-08-10,72.54141031312618,27.45858968687382,7,GOLD,RISK_ON,61.27850846441595,68.2953914491949,71.67157781944817,100.0
2020-08-11,47.860617232493965,52.139382767506035,6,NONE,TRANSITION,40.168757824828575,16.73480512401199,61.55906777390838,54.82185909456201
2020-08-12,21.39530005856531,78.60469994143469,5,NONE,DEFENSIVE,39.81218725130878,36.12114476243401,58.00321199143469,0.0
2020-08-13,61.60231909299277,38.39768090700723,6,NONE,RECOVERY,55.3411479818723,60.66969353007945,61.40679326023001,85.0361059106713
2020-08-14,59.4292384336541,40.5707615663459,6,NONE,RECOVERY,58.01914659531491,71.16529628579529,65.15637530072173,76.99812884255546
2020-08-17,73.98683980040117,26.01316019959883,7,GOLD,RISK_ON,69.59351172543585,89.0176600441501,75.28751002941962,100.0
2020-08-18,74.99534311708945,25.004656882910552,7,NONE,RISK_ON,61.10903763002069,57.2042394729304,77.81041388518024,100.0
2020-08-19,66.79562722342583,33.204372776574175,7,NONE,RECOVERY,47.72321213113882,21.55525238744884,68.3964781216649,90.2881536819637
2020-08-20,42.32158047142095,57.67841952857905,2,SILVER,TRANSITION,41.90766550781565,26.27777777777778,61.74353505731804,42.53532391362304
2020-08-21,58.14481790165201,41.85518209834799,3,NONE,RECOVERY,56.6229859210228,64.24468696151638,63.86890487609912,75.31308286703971
2020-08-24,59.98311202669153,40.01688797330847,4,NONE,RECOVERY,55.98461551074211,58.60335195530726,64.51784762919553,78.7693127330847
2020-08-25,64.32273404854266,35.67726595145734,5,NONE,RECOVERY,51.86314223132613,41.18942731277533,61.61897191308956,90.80551139374668
2020-08-26,17.56621780079449,82.43378219920551,4,NONE,RISK_OFF,33.36669051142307,17.82258064516129,48.42425847457627,0.0
2020-08-27,48.89067584169976,51.10932415830024,5,NONE,TRANSITION,55.81415559967188,73.68421052631578,53.005030447445066,64.5618215514959
2020-08-28,60.355770626536014,39.644229373463986,6,NONE,RECOVERY,58.93399161852746,71.97011621472053,57.77277542372882,85.48728813559322
2020-08-31,62.21018077752511,37.78981922247489,6,NONE,RECOVERY,52.58547859103123,43.75,57.64145954521417,89.66155473294552
2020-09-01,56.48706486927552,43.51293513072448,6,NONE,RECOVERY,53.85067415568878,56.48512071869736,58.13061872025384,76.70544685351666
2020-09-02,67.74704645421178,32.252953545788216,7,NONE,RECOVERY,55.32053704712953,49.84777193468032,59.67784526010034,100.0
2020-09-03,32.40789039102903,67.59210960897097,6,NONE,DEFENSIVE,40.73085428143808,27.543424317617863,54.9472295514512,26.781002638522427
2020-09-04,33.59285401767809,66.40714598232191,5,NONE,DEFENSIVE,46.19477226148586,48.05339265850945,53.08707124010554,31.00263852242744
2020-09-07,16.78315053292007,83.21684946707992,4,NONE,RISK_OFF,36.38514819299984,25.149700598802397,46.46531258243207,0.0
2020-09-08,39.12656404723247,60.87343595276753,4,NONE,DEFENSIVE,52.88854599180437,66.70293797606094,50.03953610964681,45.78281497100685
2020-09-09,14.816615525006595,85.1833844749934,3,NONE,RISK_OFF,32.93248411602237,17.090319091400758,41.54576628857821,0.0
2020-09-10,7.328130668212968,92.67186933178704,2,NONE,RISK_OFF,26.69673273783441,12.145532370251471,22.812335266209804,0.0
2020-09-11,10.588701739968407,89.4112982600316,3,BOUNCE,RISK_OFF,45.52216129025123,78.16726469776428,26.18483412322275,4.186413902053715
2020-09-14,36.29113721916798,63.70886278083202,4,NONE,DEFENSIVE,50.018522131736034,70.3072625698324,32.10900473933649,55.26592943654555
2020-09-15,34.03575662325092,65.96424337674908,3,NONE,DEFENSIVE,43.30592826139132,49.35574229691877,32.78537611783272,49.736980536559706
2020-09-16,17.568844309729165,82.43115569027083,2,NONE,RISK_OFF,33.50208408807928,28.531779072994723,30.0552195635025,16.07941099132264
2020-09-17,20.886726155080076,79.11327384491992,2,NONE,DEFENSIVE,41.54898936535087,52.888888888888886,30.49356786558152,22.958781832501973
2020-09-18,47.03971407134625,52.96028592865375,3,NONE,TRANSITION,56.28254709166482,80.71700162954916,37.17915138816134,74.35830277632269
2020-09-21,40.91878877431866,59.08121122568134,4,NONE,TRANSITION,42.22754763221906,36.13750698714365,35.92767295597484,62.0545073375262
2020-09-22,9.587705056014645,90.41229494398536,3,NONE,RISK_OFF,28.080484393751824,14.656325220647233,28.464958158995817,0.0
2020-09-23,25.92911272629378,74.07088727370622,3,NONE,DEFENSIVE,45.04184045114306,62.89040318001136,30.72399372713016,33.79508625196027
2020-09-24,6.589258742789968,93.41074125721003,2,NONE,RISK_OFF,24.49600429049516,7.503302509907527,20.96394984326019,0.0
2020-09-25,5.762903593427232,94.23709640657276,2,NONE,RISK_OFF,31.54778925043672,35.185702317788326,18.89671361502348,0.0
2020-09-28,4.464846265571206,95.53515373442879,2,NONE,RISK_OFF,26.64307699753528,21.052631578947366,15.64945226917058,0.0
2020-09-29,5.341034453446034,94.65896554655397,2,NONE,RISK_OFF,40.78120505455584,69.82879595846197,17.841352405721718,0.0
2020-09-30,5.4620178554977885,94.53798214450221,2,NONE,RISK_OFF,32.179633769749586,37.59042849193099,18.14400831817,0.0
2020-10-09,49.04658334931223,50.95341665068777,5,GOLD,TRANSITION,61.21533433886599,95.15916863983162,30.88502465611213,84.25901894627563
2020-10-12,64.423390525396,35.576609474604,6,GOLD,RECOVERY,69.38517267750612,96.2506554798112,51.36328226434692,100.0
2020-10-13,64.68703417655601,35.31296582344399,6,NONE,RECOVERY,53.194236025070495,44.95412844036697,52.02282157676348,100.0
2020-10-14,60.50122754662863,39.49877245337137,6,NONE,RECOVERY,47.04896968253984,28.625643805909466,47.41960580912863,94.86514522821577
2020-10-15,45.092872590531776,54.907127409468224,2,SILVER,TRANSITION,43.37711542532373,29.297622301175185,44.137483787289234,64.00778210116731
2020-10-16,42.69205135886929,57.30794864113071,3,NONE,TRANSITION,48.54165004082966,49.4322902243146,44.3594398340249,58.558091286307054
2020-10-19,38.097634411398964,61.902365588601036,4,NONE,DEFENSIVE,42.79310436479995,31.794304672380424,41.16580310880829,51.29533678756477
2020-10-20,49.44440850714655,50.55559149285345,5,NONE,TRANSITION,56.69869455608569,73.78694924707195,45.287415846711546,72.52718798549974
2020-10-21,31.11320160743331,68.88679839256669,4,NONE,DEFENSIVE,37.853273004063816,21.61005616474993,39.38098938098938,37.56798756798757
2020-10-22,18.305927080077623,81.69407291992238,3,NONE,RISK_OFF,38.649657005059815,36.87290969899666,36.89521345407504,11.707632600258734
2020-10-23,10.486553956670113,89.51344604332989,2,NONE,RISK_OFF,31.65997533808963,19.56815114709852,30.71354705274043,0.0
2020-10-26,10.696472654797,89.303527345203,2,NONE,RISK_OFF,39.29519842427418,47.4090407938258,31.23868632014481,0.0
2020-10-27,12.624902947286824,87.37509705271317,2,NONE,RISK_OFF,39.28126525864543,46.24896949711459,31.48578811369509,4.0051679586563305
2020-10-28,11.203251343927649,88.79674865607235,2,NONE,RISK_OFF,40.46948693887196,47.72413793103448,32.50645994832041,0.0
2020-10-29,14.827412654338847,85.17258734566116,2,NONE,RISK_OFF,38.90514509497801,38.52861035422344,32.54132231404959,7.902892561983476
2020-10-30,7.537425285294119,92.46257471470588,2,NONE,RISK_OFF,29.990377762268388,13.29464521234503,23.3359133126935,0.0
2020-11-02,8.414046118627452,91.58595388137255,2,NONE,RISK_OFF,40.04134550468147,48.157051282051285,25.52889576883385,0.0
2020-11-03,49.2666252288293,50.7333747711707,5,GOLD,TRANSITION,59.7570384874339,85.47144754316069,31.09850438370294,84.55389375966993
2020-11-04,43.24268870742651,56.75731129257349,4,NONE,TRANSITION,43.283434934708026,36.10653487095002,30.76328004125838,71.66064981949458
2020-11-05,58.77603890856112,41.22396109143888,6,GOLD,RECOVERY,62.95854871737797,87.89501874665237,37.235688499226406,100.0
2020-11-06,41.63802140615821,58.36197859384179,5,NONE,TRANSITION,41.87400709847128,27.77777777777778,34.424117495490854,64.94460190672507
2020-11-09,62.093700056304684,37.906299943695316,6,GOLD,RECOVERY,67.8644215801793,89.7198731501057,45.53525476067936,100.0
2020-11-10,49.47704154807198,50.52295845192802,5,NONE,TRANSITION,45.43814570858712,27.078321304464048,41.73521850899743,75.706940874036
2020-11-11,24.025748769031097,75.9742512309689,2,SILVER,DEFENSIVE,38.32201711128216,28.784648187633262,36.52017476227191,24.55666923670008
2020-11-12,31.935605217051872,68.06439478294813,3,NONE,DEFENSIVE,44.53516941432717,47.79753761969904,36.91576784797124,41.52542372881356
2020-11-13,35.73816369558182,64.26183630441818,4,NONE,DEFENSIVE,45.1458019057186,46.99781659388647,36.45003853069612,50.25687130747496
2020-11-16,61.24019630205444,38.75980369794556,6,GOLD,RECOVERY,58.80199940244455,69.17313352956917,43.40010272213662,100.0
2020-11-17,26.10679592002567,73.89320407997432,5,NONE,DEFENSIVE,40.71164997341422,32.57004310344828,41.98973042362002,24.326059050064185
2020-11-18,54.85058772776495,45.14941227223505,5,NONE,TRANSITION,54.76930634754251,60.75179657269209,44.38029253271748,85.15524762637926
2020-11-19,53.56689908846154,46.43310091153846,5,NONE,TRANSITION,52.69121248251648,54.01761144744084,46.47435897435898,80.51282051282051
2020-11-20,62.21731773974359,37.78268226025641,6,NONE,RECOVERY,55.63270358011577,57.15874339727552,49.65384615384615,96.66666666666669
2020-11-23,64.52433130718133,35.47566869281867,6,NONE,RECOVERY,56.82747731647117,52.75956284153005,51.61579892280073,100.0
2020-11-24,59.33760495427032,40.66239504572968,6,NONE,RECOVERY,50.66158785242878,39.72077744319738,50.936137471146445,89.24083098230315
2020-11-25,15.869416743589744,84.13058325641026,5,NONE,RISK_OFF,34.90148450950819,18.981972428419937,44.179487179487175,0.0
2020-11-26,14.787316608578747,85.21268339142125,4,NONE,RISK_OFF,38.50463567677696,37.864342141105965,41.47247119078105,0.0
2020-11-27,19.8066735227913,80.1933264772087,3,NONE,RISK_OFF,42.72719341391144,47.956403269754766,41.66453265044815,10.819462227912934
2020-11-30,29.021490862724015,70.97850913727598,3,NONE,DEFENSIVE,43.35356675019668,39.690863924924095,39.83614951356887,32.59088581669227
2020-12-01,57.57029751934988,42.42970248065012,6,GOLD,RECOVERY,62.37821206326295,84.90824431662558,46.31430765293064,89.41643204504734
2020-12-02,56.48309972930328,43.51690027069672,6,NONE,RECOVERY,53.21278511454833,50.63291139240506,47.95081967213115,85.60450819672131
2020-12-03,45.643132175671525,54.356867824328475,5,NONE,TRANSITION,47.893682249485394,41.21805328983143,46.90457917625992,62.790995139421845
2020-12-04,46.102011993094635,53.897988006905365,5,NONE,TRANSITION,49.654448968693785,49.50684931506849,48.056265984654736,62.78772378516624
2020-12-07,26.40422419409056,73.59577580590944,4,NONE,DEFENSIVE,40.071911656694326,31.12122023013112,42.044001023279606,24.929649526733183
2020-12-08,14.863813284674329,85.13618671532566,3,NONE,RISK_OFF,38.28037425101168,36.296498905908095,39.69348659003831,1.7241379310344809
2020-12-09,9.880958672639105,90.11904132736089,2,NONE,RISK_OFF,30.40742185436257,13.750000000000002,29.1985706993364,0.0
2020-12-10,9.763628411026035,90.23637158897397,2,NONE,RISK_OFF,38.80609315832274,46.33879781420765,28.905053598774888,0.0
2020-12-11,7.776774628144934,92.22322537185507,2,NONE,RISK_OFF,30.92736863781006,18.28153564899452,23.93467721357489,0.0
2020-12-14,16.128502845107036,83.87149715489296,2,NONE,RISK_OFF,44.618852962654856,64.98923573735199,25.54791029561672,16.870540265035682
2020-12-15,10.391094291082801,89.6089057089172,2,NONE,RISK_OFF,37.58017496366813,44.809782608695656,25.45222929936305,4.394904458598726
2020-12-16,7.869425099440062,92.13057490055994,2,NONE,RISK_OFF,31.52586646148024,25.388874242024784,24.16645456859252,0.0
2020-12-17,17.60096329618515,82.39903670381486,2,NONE,RISK_OFF,48.08057636782848,71.84076943628106,26.538657171922686,19.22685656154629
2020-12-18,28.465630566717515,71.53436943328248,3,NONE,DEFENSIVE,39.34289762826498,34.40745672436751,26.97686244597,42.62649377065853
2020-12-21,45.24346322759147,54.75653677240853,4,NONE,TRANSITION,53.547864002549815,68.8627665390924,30.90701219512195,75.91463414634147
2020-12-22,7.984161370665988,92.01583862933401,3,NONE,RISK_OFF,29.99534108965312,14.89251489251489,24.453482460599897,0.0
2020-12-23,9.065007107106599,90.9349928928934,2,NONE,RISK_OFF,41.29073736473352,53.32790002716653,27.157360406091367,0.0
2020-12-24,7.581361657015987,92.41863834298401,2,NONE,RISK_OFF,30.74161982277909,19.606319606319605,23.44582593250444,0.0
2020-12-25,14.825803402687626,85.17419659731237,2,NONE,RISK_OFF,45.49919096305313,67.7549919050189,26.153651115618658,13.488843813387424
2020-12-28,8.432913582349963,91.56708641765003,2,NONE,RISK_OFF,33.071897106850784,26.630151278038603,25.576095213978224,0.0
2020-12-29,7.38729535481182,92.61270464518817,2,NONE,RISK_OFF,39.37185708762505,52.2017614091273,22.960343521091183,0.0
2020-12-30,14.666914946880524,85.33308505311948,2,NONE,RISK_OFF,40.94060726073323,52.50412768299395,25.30942157110381,13.879767618085376
2020-12-31,47.70081781401161,52.29918218598839,3,NONE,TRANSITION,57.29012120598416,80.55109684323168,29.73996465539005,82.31507195152739
2021-01-04,58.07788231538074,41.92211768461926,6,GOLD,RECOVERY,59.25964181831996,71.81119066560593,35.48915784165406,100.0
2021-01-05,45.59891938366936,54.40108061633064,5,NONE,TRANSITION,47.97012242332172,41.06673673147662,36.64314516129033,71.6733870967742
2021-01-06,11.837762687446434,88.16223731255357,2,SILVER,RISK_OFF,35.3373811418365,26.553235369940708,34.09377363246786,0.0
2021-01-07,9.231921266507179,90.76807873349281,2,SILVER,RISK_OFF,32.14683053173402,19.145124136165855,27.574918156635608,0.0
2021-01-08,8.73309718427673,91.26690281572327,2,NONE,RISK_OFF,39.83829557405269,50.17145871801636,26.32704402515723,0.0
2021-01-11,6.934571253172206,93.06542874682779,2,NONE,RISK_OFF,29.374404520572885,18.85057471264368,21.827794561933533,0.0
2021-01-12,8.069312357387366,91.93068764261264,2,NONE,RISK_OFF,42.2135274806805,65.02024291497975,24.666498867354644,0.0
2021-01-13,7.68485508445674,92.31514491554326,2,NONE,RISK_OFF,31.812695651473256,26.61538461538462,23.70472837022133,0.0
2021-01-14,10.680036054024145,89.31996394597586,2,NONE,RISK_OFF,42.4040834505422,62.56222164003143,24.069416498993963,6.237424547283704
2021-01-15,36.30290086542526,63.69709913457474,3,NONE,DEFENSIVE,50.92364249952491,73.42767295597484,25.50327126321087,61.07196779063915
2021-01-18,50.0613095226415,49.9386904773585,4,NONE,TRANSITION,54.88301558287587,76.16357277374226,30.0251572327044,87.23270440251571
2021-01-19,45.47070185993968,54.52929814006032,5,NONE,TRANSITION,49.422979421104536,57.76315789473684,32.369942196531795,75.13194269917065
2021-01-20,47.09103541287079,52.90896458712921,5,NONE,TRANSITION,45.45508565334752,45.302990209050016,32.96882855706385,78.15485168426345
2021-01-21,55.20585227361808,44.79414772638192,6,NONE,RECOVERY,51.52926086179544,56.49368109706911,36.34422110552764,92.964824120603
2021-01-22,43.38910907666248,56.61089092333752,5,NONE,TRANSITION,40.20579934903022,28.193266512464664,31.794228356336266,71.07904642409034
2021-01-25,9.468416153022323,90.53158384697768,4,NONE,RISK_OFF,31.20299571838956,24.162618256200457,28.16654125909205,0.0
2021-01-26,8.230183647204813,91.76981635279519,3,NONE,RISK_OFF,33.23361512717139,36.36604774535809,25.0689395838556,0.0
2021-01-27,8.46053814840892,91.53946185159108,2,NONE,RISK_OFF,36.87391881468564,49.69616908850726,25.645201703833624,0.0
2021-01-28,7.072232449149149,92.92776755085085,2,NONE,RISK_OFF,29.147156746096027,24.94775339602926,22.17217217217217,0.0
2021-01-29,6.2738846425,93.7261153575,2,NONE,RISK_OFF,29.515373560874558,26.31443298969072,20.175,0.0
2021-02-01,7.556033076417687,92.44396692358231,2,NONE,RISK_OFF,39.14027673826803,58.75647668393782,23.382463152635523,0.0
2021-02-02,12.597983211360798,87.4020167886392,2,NONE,RISK_OFF,38.004069296103154,50.51464766429137,25.08114856429463,9.55056179775281
2021-02-03,7.406640950436953,92.59335904956305,2,NONE,RISK_OFF,28.747462878203507,22.48201438848921,23.008739076154804,0.0
2021-02-04,6.007353658212681,93.99264634178732,2,NONE,RISK_OFF,28.175538205000738,20.99898063200816,19.5082376435347,0.0
2021-02-05,5.390478698252185,94.60952130174782,2,NONE,RISK_OFF,29.91264819822309,30.43930335326228,17.965043695380775,0.0
2021-02-08,5.867654521917125,94.13234547808287,2,NONE,RISK_OFF,35.87681697734412,50.84343700579864,19.15876185721418,0.0
2021-02-09,40.10733891565304,59.89266108434696,3,NONE,TRANSITION,53.32071877619885,83.68775933609959,22.607178464606186,71.93419740777667
2021-02-10,42.97928336840796,57.02071663159204,4,NONE,TRANSITION,48.50252024424183,63.85001320306312,24.44029850746269,76.61691542288558
2021-02-18,56.68909575522388,43.31090424477612,6,GOLD,RECOVERY,61.73079706050262,87.46518105849582,32.01492537313433,100.0
2021-02-19,62.56716189840954,37.43283810159046,6,GOLD,RECOVERY,65.07297459524128,87.44338198288878,46.71968190854871,100.0
2021-02-22,64.57859743788819,35.42140256211181,6,GOLD,RECOVERY,61.26306701811384,63.537344398340245,51.75155279503105,100.0
2021-02-23,54.33314799828656,45.66685200171344,5,NONE,TRANSITION,46.40379934239872,30.975045021867764,49.49093618077974,79.55053389620063
2021-02-24,40.949402363042935,59.050597636957065,4,NONE,TRANSITION,48.8218011600346,50.10537407797682,50.34748076445767,49.50359890791759
2021-02-25,45.8899917734623,54.1100082265377,2,SILVER,TRANSITION,43.50009623319181,31.053175012906557,48.251488095238095,62.15277777777778
2021-02-26,33.498999611678656,66.50100038832134,3,NONE,DEFENSIVE,44.34624555887472,43.88075313807531,46.72700223158939,36.36250929828911
2021-03-01,66.27151690560238,33.72848309439762,7,GOLD,RECOVERY,66.03906728388344,89.0537084398977,55.986613782845815,100.0
2021-03-02,60.11314664530592,39.88685335469408,6,NONE,RECOVERY,47.69915649773727,30.67831449126413,54.40921476343819,87.89943027000247
2021-03-03,67.6906590493188,32.309340950681204,7,GOLD,RECOVERY,63.303744147892814,79.83259220507455,59.53678474114441,100.0
2021-03-04,57.44935829876207,42.55064170123793,6,NONE,RECOVERY,47.73432297328828,29.79328165374677,56.82099529586532,79.95791037385492
2021-03-05,67.96487508960396,32.035124910396036,7,GOLD,RECOVERY,61.73099257880844,70.99117799688635,60.22277227722772,100.0
2021-03-08,41.279083455940594,58.720916544059406,6,NONE,TRANSITION,43.37606762637333,24.61459403905447,56.26237623762376,45.04950495049505
2021-03-09,14.902039446993323,85.09796055300667,2,SILVER,RISK_OFF,32.444036749170884,14.804539722572509,41.75946547884188,0.0
2021-03-10,19.256491789982686,80.74350821001731,2,SILVER,RISK_OFF,33.69951802326502,24.90392006149116,33.10660400692555,17.103635913925302
2021-03-11,45.81031337420233,54.18968662579767,3,NONE,TRANSITION,59.11540660604708,90.10429916051896,43.2846895869404,66.32451150136038
2021-03-12,49.821443257962414,50.178556742037586,4,NONE,TRANSITION,48.16702130534322,47.39854318418315,43.15034619188922,75.22255192878337
2021-03-15,32.941077681953026,67.05892231804697,3,NONE,DEFENSIVE,43.44787956602737,43.851508120649655,42.45982694684796,38.87515451174289
2021-03-16,59.693783270341086,40.306216729658914,6,GOLD,RECOVERY,59.0932057632872,75.52916881775941,48.93722194760257,91.76964903608504
2021-03-17,57.56567643442055,42.43432356557945,6,NONE,RECOVERY,53.85847488890095,58.112712975098304,51.531999011613536,84.84062268346923
2021-03-18,56.21582776146245,43.78417223853755,6,NONE,RECOVERY,50.022736856454,43.924745231251634,50.98814229249011,82.36166007905138
2021-03-19,43.14617574812253,56.85382425187747,5,NONE,TRANSITION,47.140760455998745,43.01837270341207,49.6294466403162,54.9407114624506
2021-03-22,67.0690476313595,32.930952368640504,7,GOLD,RECOVERY,65.40656176679789,84.55977278595404,57.98174191956576,100.0
2021-03-23,44.232982452291765,55.767017547708235,6,NONE,TRANSITION,43.84417951633258,27.883880825057293,51.79891572203056,55.42138984721537
2021-03-24,17.12026759891572,82.87973240108428,2,SILVER,RISK_OFF,37.94170001256354,31.65972944849116,47.0551996057171,0.221784130113356
2021-03-25,29.530107242378723,70.46989275762128,3,NONE,DEFENSIVE,42.29438685896862,39.78578892371996,44.570302881063775,29.561684314208325
2021-03-26,54.71852113903519,45.28147886096481,4,NONE,TRANSITION,59.85566660837699,80.09453781512606,51.31676101402904,78.79645582082205
2021-03-29,57.8191663164781,42.1808336835219,5,NONE,RECOVERY,51.66619140234552,46.01290322580645,50.94687653713723,85.90752582390554
2021-03-30,21.38638789346598,78.61361210653402,4,NONE,DEFENSIVE,38.89400179389448,31.76710929519918,44.63276836158192,11.680176860722186
2021-03-31,46.22277858992629,53.77722141007371,5,NONE,TRANSITION,50.62995492578752,56.05228758169935,47.248157248157256,63.759213759213765
2021-04-01,48.48654706809816,51.51345293190184,5,NONE,TRANSITION,49.67773828453186,50.11655011655012,48.7239263803681,67.42331288343559
2021-04-02,58.21718087787588,41.78281912212412,6,NONE,RECOVERY,53.90641453890257,55.55555555555556,50.93205788570027,86.79175864606327
2021-04-06,67.0213609507353,32.9786390492647,7,GOLD,RECOVERY,61.10902967815959,70.5774278215223,58.9828431372549,99.01960784313728
2021-04-07,69.36236019857913,30.637639801420875,7,GOLD,RECOVERY,61.28666332751989,64.68449753310828,63.71876531112199,100.0
2021-04-08,62.881847039588436,37.118152960411564,6,NONE,RECOVERY,49.95325965443987,30.35850495804729,56.773640372366486,91.89122978931896
2021-04-09,52.85086109382958,47.14913890617042,5,NONE,TRANSITION,51.98774511692788,48.46965699208443,56.04799216454457,70.56807051909892
2021-04-12,16.959141554647747,83.04085844535226,4,NONE,RISK_OFF,37.076045221736656,25.830164765525986,46.90557729941291,0.0
2021-04-13,14.558116132885415,85.44188386711458,3,NONE,RISK_OFF,36.8185083178387,31.438041815400307,40.899096017591006,0.0
2021-04-14,48.86535293387845,51.13464706612155,4,NONE,TRANSITION,57.516847521683566,77.48463114754098,47.54698559921894,69.28240175738345
2021-04-15,29.830087188345956,70.16991281165404,3,NONE,DEFENSIVE,43.98446603022808,42.82755049197307,47.09259711702908,28.011238700219888
2021-04-16,67.29654880500122,32.70345119499878,7,GOLD,RECOVERY,65.5668742678016,81.51981822772028,58.55086606489388,100.0
2021-04-19,70.7015830195806,29.298416980419404,7,NONE,RISK_ON,66.71175165411832,75.98343685300206,67.06900755913192,100.0
2021-04-20,69.55211813796296,30.447881862037036,7,NONE,RECOVERY,53.60025733047718,32.857142857142854,64.19346978557505,100.0
2021-04-21,57.05892715523114,42.94107284476886,6,NONE,RECOVERY,50.14045463016876,36.32160287695865,60.32846715328467,76.03406326034063
2021-04-22,63.16746365236938,36.83253634763062,6,NONE,RECOVERY,56.34338654760872,52.63157894736842,61.4823815309842,88.39611178614824
2021-04-23,25.59798887785888,74.40201112214112,5,NONE,DEFENSIVE,40.50548232575627,28.34049002273301,52.250608272506085,14.233576642335766
2021-04-26,19.793789439348252,80.20621056065175,4,NONE,RISK_OFF,42.52898185160453,38.21283095723015,49.93920233463035,3.550583657587553
2021-04-27,15.950432752839388,84.04956724716061,3,NONE,RISK_OFF,39.0734510425987,34.9339430894309,44.38215939556422,0.0
2021-04-28,22.990648343731777,77.00935165626822,2,NONE,DEFENSIVE,45.759761043932606,53.76536885245902,44.5578231292517,15.2575315840622
2021-04-29,26.493773534964696,73.5062264650353,3,NONE,DEFENSIVE,43.97824066553853,44.16282642089094,43.66934502069637,23.703433162892622
2021-04-30,13.735641451618402,86.2643585483816,2,NONE,RISK_OFF,38.06276867417891,34.811249049911325,38.84156729131176,0.0
2021-05-06,26.11750383588749,73.88249616411251,3,NONE,DEFENSIVE,47.50670281242654,59.65851172273191,40.66440349175557,25.50921435499515
2021-05-07,13.577391341949564,86.42260865805044,2,NONE,RISK_OFF,39.61878508297536,42.0492011159016,38.44568380213385,0.0
2021-05-10,14.156083796849252,85.84391620315074,2,NONE,RISK_OFF,43.01174064634549,52.9814767825425,39.89335918565197,0.0
2021-05-11,42.71921003449612,57.28078996550388,3,NONE,TRANSITION,51.314030799811846,61.00789004835836,41.47286821705426,61.14341085271317
2021-05-12,59.807371642608274,40.192628357391726,4,NONE,RECOVERY,57.67469002104721,69.8249227600412,45.8020808129688,94.76167432857488
2021-05-13,45.035181892467406,54.964818107532594,5,NONE,TRANSITION,44.56547484217721,33.6807320793086,43.72283920811202,64.24432641236118
2021-05-14,64.114879653211,35.885120346788995,6,GOLD,RECOVERY,62.27761788549592,77.52409944190765,50.59150169000483,100.0
2021-05-17,40.14518490791888,59.85481509208112,5,NONE,TRANSITION,43.92512778173266,32.44867300951427,44.1815548044423,53.13858039594399
2021-05-18,45.214387093478265,54.785612906521735,5,NONE,TRANSITION,51.1362333433991,59.03242408646423,45.54347826086956,63.04347826086957
2021-05-19,43.497530248600384,56.502469751399616,4,NONE,TRANSITION,44.83842705080164,37.10130135238581,44.84797297297297,59.89382239382239
2021-05-20,29.2721093919817,70.7278906080183,3,NONE,DEFENSIVE,41.92089646583244,36.89148073022312,42.30676619311341,30.977606549482307
2021-05-21,39.2363476933558,60.7636523066442,4,NONE,DEFENSIVE,46.913343257741815,48.65142563575648,43.01877708233028,52.16658642272508
2021-05-24,48.12869508700361,51.87130491299639,5,NONE,TRANSITION,53.535959952639466,62.84615384615384,47.11191335740072,68.05054151624549
2021-05-25,63.19423174562079,36.80576825437921,6,GOLD,RECOVERY,59.70754291865782,68.75647668393783,52.35803657362849,96.43888354186718
2021-05-26,66.25490150518982,33.74509849481018,7,GOLD,RECOVERY,59.9401945038553,62.92367399741268,58.169149447381066,98.05382027871217
2021-05-27,68.59564260732293,31.40435739267707,7,NONE,RECOVERY,60.96650761734439,62.821512081060014,61.80072028811525,100.0
2021-05-28,60.75338407532405,39.24661592467595,6,NONE,RECOVERY,50.08620905348451,31.264136717768288,56.52904464714354,87.44599135861736
2021-05-31,67.95055979808245,32.04944020191755,7,GOLD,RECOVERY,62.1572039158628,67.59072580645162,60.1869606903164,100.0
2021-06-01,69.39603985643421,30.603960143565786,7,NONE,RECOVERY,62.78815330363161,65.48288196218702,63.80301941049604,100.0
2021-06-02,65.94898441550443,34.05101558449557,7,NONE,RECOVERY,52.14494821874265,31.97703444832751,59.465612269350586,96.24970045530792
2021-06-03,60.38897935363984,39.61102064636016,6,NONE,RECOVERY,53.62561459222809,43.53810859036452,59.00383141762452,84.48275862068965
2021-06-04,48.49832856196172,51.50167143803828,5,NONE,TRANSITION,49.98369059368347,42.57950530035336,56.088516746411486,61.004784688995215
2021-06-07,67.16173098438696,32.83826901561304,6,NONE,RECOVERY,59.72633121200506,61.2756264236902,58.21360153256705,100.0
2021-06-08,58.0433102265726,41.9566897734274,6,NONE,RECOVERY,53.243721934927954,45.48891129032258,57.28294666347764,80.8538627122698
2021-06-09,60.1408914699737,39.8591085300263,6,NONE,RECOVERY,54.74507470904846,50.532724505327245,58.17595027492231,84.66411666268229
2021-06-10,63.4460624911589,36.5539375088411,6,NONE,RECOVERY,56.68472905775418,52.12443095599393,58.81720430107527,91.33811230585424
2021-06-11,34.90710827612225,65.09289172387776,5,NONE,DEFENSIVE,45.52888876163103,34.421734795613155,54.58452722063036,32.56924546322827
2021-06-15,17.126311682317805,82.8736883176822,4,NONE,RISK_OFF,39.14756793995256,31.87300024612355,47.32377538829152,0.0
2021-06-16,14.674046759885387,85.32595324011461,3,NONE,RISK_OFF,36.09391562305012,28.582240161453075,41.189111747851,0.0
2021-06-17,15.149427669036262,84.85057233096374,2,NONE,RISK_OFF,43.495771126520246,55.203849075715375,42.37833969465649,0.0
2021-06-18,37.1685656759542,62.8314343240458,3,NONE,DEFENSIVE,51.56205966376292,63.71457489878543,45.22900763358778,45.70610687022901
2021-06-21,60.43221885926543,39.56778114073457,4,NONE,RECOVERY,57.84619120991737,65.57998483699772,48.91485809682805,93.40567612687812
2021-06-22,64.54771282596474,35.45228717403526,5,NONE,RECOVERY,57.522009402547326,59.27887039838629,52.19151977131967,99.54740352548832
2021-06-23,63.90229925164364,36.09770074835636,6,NONE,RECOVERY,54.55841309131975,48.85902636916836,53.29919009051929,97.16531681753216
2021-06-24,48.73183714487271,51.26816285512729,5,NONE,TRANSITION,46.61745126280542,35.11355128525081,50.48774684748989,66.41684511063526
2021-06-25,50.72007014498335,49.27992985501665,5,NONE,TRANSITION,51.98250546209769,52.23767383059419,50.85592011412268,70.44698050404185
2021-06-28,57.219401854631826,42.780598145368174,6,NONE,RECOVERY,54.02182623778727,53.98803589232303,51.935866983372925,83.729216152019
2021-06-29,21.105994178586673,78.89400582141333,5,NONE,DEFENSIVE,37.09085099310209,25.800146591742003,44.854161726345744,10.872658287882386
2021-06-30,36.368500389658436,63.631499610341564,4,NONE,DEFENSIVE,50.04265856537846,60.0253807106599,48.07874762808349,41.46110056925996
2021-07-01,13.992309827711985,86.00769017228802,3,NONE,RISK_OFF,34.83249992734115,25.48971596474045,39.483657034580766,0.0
2021-07-02,12.93189345632402,87.06810654367598,2,NONE,RISK_OFF,37.24418156813076,36.8789013732834,36.83088583609664,0.0
2021-07-05,32.61566429076704,67.38433570923296,3,NONE,DEFENSIVE,51.84445860020869,71.02988392195604,42.45975378787878,38.16287878787879
2021-07-06,33.96173032411918,66.03826967588083,3,NONE,DEFENSIVE,47.37852568981281,52.51942842817749,43.37904942066682,40.30503665169071
2021-07-07,55.04979865207939,44.95020134792061,4,NONE,RECOVERY,52.809400785998776,55.70555272542027,45.62854442344045,84.49905482041588
2021-07-08,15.413587148513452,84.58641285148654,3,NONE,RISK_OFF,38.02023300645877,31.808225845704552,43.03916941953752,0.0
2021-07-09,43.017610107783014,56.982389892216986,4,NONE,TRANSITION,52.35948014039023,61.9735858460005,45.79009433962264,58.01886792452831
2021-07-12,64.51451036859973,35.48548963140027,5,NONE,RECOVERY,61.10522413745269,69.1668764158067,51.5912305516266,100.0
2021-07-13,65.51300162076362,34.48699837923638,6,NONE,RECOVERY,58.09247017799861,58.601747815230965,54.089087909498005,100.0
2021-07-14,40.85486898010373,59.14513101989627,5,NONE,TRANSITION,43.856610721540726,29.09936368086148,50.082508250825086,49.528524280999534
2021-07-15,15.991036128854313,84.00896387114568,2,SILVER,RISK_OFF,38.8614235016191,33.56197942185204,44.48373408769448,0.0
2021-07-16,27.496892183918064,72.50310781608194,3,NONE,DEFENSIVE,42.99942529969231,41.30765331981754,43.84271250294326,25.74758653166942
2021-07-19,15.469967388339226,84.53003261166077,2,NONE,RISK_OFF,40.33902507943019,41.81329423264907,43.18021201413428,0.0
2021-07-20,25.732839426677657,74.26716057332234,3,NONE,DEFENSIVE,44.1234711694097,50.16254063515879,43.46597598304685,22.21568165764069
2021-07-21,59.62960763897907,40.37039236102093,6,GOLD,RECOVERY,58.122127140250925,67.80512305374185,48.65913902611151,91.87250058809693
2021-07-22,62.70334644910629,37.29665355089371,6,NONE,RECOVERY,55.68180769501422,53.84615384615385,50.44684854186266,97.03668861712134
2021-07-23,16.369288099107145,83.63071190089286,5,NONE,RISK_OFF,37.85839374301784,27.68115942028986,45.42998120300752,0.0
2021-07-26,14.208095846948359,85.79190415305165,2,SILVER,RISK_OFF,35.86157532039024,24.778549197988987,40.02347417840376,0.0
2021-07-27,11.8760434032137,88.1239565967863,2,NONE,RISK_OFF,33.50605171907619,21.624242424242425,34.18953788411916,0.0
2021-07-28,7.895674908440799,92.1043250915592,2,NONE,RISK_OFF,30.088986460501904,20.66411849020545,24.23212192262603,0.0
2021-07-29,38.622061671221,61.377938328779,3,BOUNCE,DEFENSIVE,55.94639162528249,85.80097087378641,31.63815326927584,60.78040778064213
2021-07-30,32.61798735971897,67.38201264028103,3,NONE,DEFENSIVE,48.50927947633388,61.807937285644286,35.09367681498829,44.6135831381733
2021-08-02,60.27123706755618,39.72876293244382,6,GOLD,RECOVERY,61.71416839435649,80.79597218892351,40.97612359550562,100.0
2021-08-03,57.22139536013103,42.77860463986897,6,NONE,RECOVERY,50.773148596416426,46.76665847061716,41.822648572765566,92.58306036499766
2021-08-04,56.346713936979896,43.653286063020104,6,NONE,RECOVERY,54.26998696276736,61.81366459627328,45.289855072463766,87.63440860215054
2021-08-05,51.33860789121701,48.66139210878299,5,NONE,TRANSITION,44.223595154306615,31.011127237542336,43.20252277505256,78.49801448259753
2021-08-06,43.410649586747546,56.589350413252454,4,NONE,TRANSITION,45.47057448573387,42.63261296660118,42.87214185720952,61.43257116192253
2021-08-09,60.86144771814365,39.13855228185635,6,GOLD,RECOVERY,58.610222283655176,71.87800192122958,47.88945895522388,95.24253731343283
2021-08-10,65.24784946639478,34.75215053360522,7,GOLD,RECOVERY,59.94809071987328,70.40079661438885,53.4257748776509,100.0
2021-08-11,66.17064352377622,33.82935647622378,7,NONE,RECOVERY,56.14523130062802,54.35159930572775,55.73426573426573,100.0
2021-08-12,67.00168593274336,32.99831406725664,7,NONE,RECOVERY,55.05196882302447,48.84236453201971,57.81322775966464,100.0
2021-08-13,66.74301316970684,33.25698683029316,7,NONE,RECOVERY,53.14534761013834,43.27990135635019,57.16612377850163,100.0
2021-08-16,67.5208723330079,32.4791276669921,7,NONE,RECOVERY,56.2775002081761,52.6908023483366,59.1120409112041,100.0
2021-08-17,26.514129123269857,73.48587087673015,6,NONE,DEFENSIVE,34.34979637405491,12.839273070568796,45.25081281932187,22.364143056200653
2021-08-18,47.34432765438922,52.65567234561078,5,NONE,TRANSITION,54.16892504078046,68.28204506905743,50.65025545750116,63.23734324198792
2021-08-19,43.915585451972156,56.084414548027844,4,NONE,TRANSITION,44.84226388586536,38.92420537897311,49.245939675174014,56.96055684454756
2021-08-20,25.987763145850717,74.01223685414928,3,NONE,DEFENSIVE,39.73631355896351,35.37086252718048,44.93509503940658,21.48817802503477
2021-08-23,66.71385667969402,33.28614332030598,7,GOLD,RECOVERY,65.19183058663891,83.78378378378379,57.09318497913769,100.0
2021-08-24,67.49432671093352,32.50567328906648,7,NONE,RECOVERY,57.56394503113111,56.76346487962274,59.04563354181145,100.0
2021-08-25,68.17292143151192,31.827078568488076,7,GOLD,RECOVERY,59.4001254970172,61.57766990291263,60.74322759898124,100.0
2021-08-26,66.47336080636427,33.52663919363573,7,NONE,RECOVERY,51.29470258574169,34.66794533684968,56.49155288127747,100.0
2021-08-27,39.01341791930109,60.98658208069891,6,NONE,DEFENSIVE,46.37355143882706,40.87591240875913,53.13584818329091,42.825734783614905
2021-08-30,41.99298108163312,58.00701891836688,5,NONE,TRANSITION,48.74506396423244,44.2579717094222,51.862132778163314,50.46264168401573
2021-08-31,36.10124021577973,63.89875978422027,4,NONE,DEFENSIVE,48.03024850945093,48.39328537170264,51.6658954187876,37.73715872281351
2021-09-01,57.51629772748092,42.48370227251908,5,NONE,RECOVERY,54.352221765312215,51.05162523900574,51.30696275734443,84.9294471431876
2021-09-02,65.73660996743756,34.26339003256244,6,NONE,RECOVERY,58.45192385757565,62.50608272506083,54.64847363552266,100.0
2021-09-03,66.5085390805273,33.4914609194727,7,NONE,RECOVERY,58.01581191754922,56.96019300361882,56.57955596669751,100.0
2021-09-06,68.14583081677077,31.85416918322923,7,NONE,RECOVERY,62.831281852247365,73.20165813216289,60.67545685866297,100.0
2021-09-07,69.73413083696857,30.265869163031425,7,NONE,RECOVERY,61.90359981259467,67.65578635014838,64.64879852125694,100.0
2021-09-08,71.21775395819861,28.782246041801386,7,NONE,RISK_ON,61.7515649837693,62.18304757304999,68.36027713625866,100.0
2021-09-09,70.57611588942996,29.423884110570043,7,NONE,RISK_ON,56.18069296337299,45.73436742607853,66.75513501038542,100.0
2021-09-10,63.495561730943045,36.504438269056955,6,NONE,RECOVERY,51.14288297300996,33.69954621447337,64.5492275766659,86.4307124740604
2021-09-13,67.25881903041474,32.74118096958526,7,NONE,RECOVERY,57.59064630142311,55.82454458293385,63.98617511520737,95.16129032258064
2021-09-14,44.81776327008055,55.18223672991945,6,NONE,TRANSITION,43.51498308126703,25.454545454545453,57.35327963176064,51.84119677790564
2021-09-15,47.6017566294984,52.3982433705016,5,NONE,TRANSITION,52.30590000086658,57.39759036144578,58.007363092498856,57.363092498849525
2021-09-16,18.821701891484466,81.17829810851553,4,NONE,RISK_OFF,36.29618104370094,23.55166706077087,51.56501726121979,0.0
2021-09-17,17.152386073176903,82.8476139268231,3,NONE,RISK_OFF,40.068556854911286,41.51796335950512,47.38900391074304,0.0
2021-09-22,35.6279319164825,64.37206808351749,4,NONE,DEFENSIVE,45.62512022721831,49.8438625990872,46.20165745856353,41.48250460405157
2021-09-23,58.93764937364787,41.06235062635213,5,NONE,RECOVERY,56.69580988458375,66.47426647426647,51.64556962025316,87.74453394706559
2021-09-24,15.60170914119678,84.39829085880322,4,NONE,RISK_OFF,33.22665241432934,22.25890120254657,43.50978135788262,0.0
2021-09-27,10.319108143462248,89.68089185653776,3,NONE,RISK_OFF,29.50894066248543,19.29620135166628,30.29465930018416,0.0
2021-09-28,10.67398266968024,89.32601733031976,2,NONE,RISK_OFF,39.3647755320184,56.81818181818181,31.18242466068553,0.0
2021-09-29,7.244850548908299,92.7551494510917,2,NONE,RISK_OFF,24.27952690159056,10.37537887619492,22.603999080671112,0.0
2021-09-30,30.61826620537437,69.38173379462563,3,BOUNCE,DEFENSIVE,51.565111341860806,86.48328195399573,28.13504823151125,46.32521819016996
2021-10-08,45.22603014258834,54.77396985741166,4,NONE,TRANSITION,53.86700661249776,76.33552014995314,35.56677374942634,71.79899036255163
2021-10-11,36.37642442270643,63.62357557729357,4,NONE,DEFENSIVE,42.70410255211134,46.13508900268227,35.19495412844037,52.75229357798166
2021-10-12,9.867823632340134,90.13217636765987,3,NONE,RISK_OFF,28.05863289542983,17.077754287056614,29.165711666284665,0.0
2021-10-13,22.646670354103627,77.35332964589637,2,NONE,DEFENSIVE,42.74773682786985,60.32660902977906,30.192572214580476,27.074736359468133
2021-10-14,37.282644966284664,62.717355033715336,3,NONE,DEFENSIVE,44.87030415493434,55.80192165558019,32.22553289021316,57.334402933761176
2021-10-15,9.72317324729606,90.27682675270394,2,NONE,RISK_OFF,31.768457168111212,29.50584865122941,28.8038496791934,0.0
2021-10-18,20.93324310769231,79.0667568923077,2,NONE,DEFENSIVE,43.63698975410458,61.57340985174557,31.364468864468865,22.2985347985348
2021-10-19,38.2105665402746,61.7894334597254,3,NONE,DEFENSIVE,45.35226077289612,53.6639526276832,33.77574370709382,58.0091533180778
2021-10-20,16.76299148161025,83.23700851838976,2,NONE,RISK_OFF,36.38169816381102,36.40939597315436,33.18847209515096,11.5736505032022
2021-10-21,10.911095707449727,89.08890429255027,2,NONE,RISK_OFF,33.5284829956144,30.750836920133903,31.775594149908592,0.0
2021-10-22,10.149288578602423,89.85071142139758,2,NONE,RISK_OFF,33.18953676384983,31.118627687847304,29.869833295272898,0.0
2021-10-25,10.79403474733836,89.20596525266164,2,NONE,RISK_OFF,41.1169040414881,57.31064237775647,31.482750742517705,0.0
2021-10-26,10.486001964688427,89.51399803531157,2,NONE,RISK_OFF,35.449237732414815,36.32468459890502,30.712166172106823,0.0
2021-10-27,8.637917522348916,91.36208247765109,2,NONE,RISK_OFF,30.125006524994934,19.91098617943312,26.08893956670467,0.0
2021-10-28,6.988124893081474,93.01187510691852,2,NONE,RISK_OFF,29.83809151712968,22.72727272727273,21.96176604460628,0.0
2021-10-29,28.438340137616557,71.56165986238344,3,BOUNCE,DEFENSIVE,51.35884768431883,79.23689138576779,26.279281328178307,43.17716624971572
2021-11-01,48.330949320013644,51.669050679986356,4,NONE,TRANSITION,54.99020019955061,72.04865251609826,31.33954969297248,82.29474641801228
2021-11-02,9.901516975000002,90.098483025,3,NONE,RISK_OFF,33.28872944690973,24.6046511627907,29.25,0.0
2021-11-03,39.02578409186548,60.97421590813452,4,NONE,DEFENSIVE,50.55326326975283,68.7424861745612,30.686207680072712,62.497159736423534
2021-11-04,58.43693487924614,41.56306512075386,5,NONE,RECOVERY,58.35320667254226,76.25030200531529,36.387375113533146,100.0
2021-11-05,23.4374174246594,76.5625825753406,4,NONE,DEFENSIVE,41.458427920879096,40.68160152526216,36.59173478655767,23.206176203451413
2021-11-08,44.204540478847036,55.795459521152964,4,NONE,TRANSITION,50.99959371351071,59.27160199952392,38.47026781661371,67.02224239673174
2021-11-09,61.545184408335224,38.454815591664776,5,NONE,RECOVERY,58.78179202813285,71.55361050328227,44.16307063365887,100.0
2021-11-10,62.8391479469119,37.1608520530881,6,NONE,RECOVERY,57.53765558847933,63.10562015503876,47.40009082652135,100.0
2021-11-11,65.25355758814713,34.74644241185287,7,GOLD,RECOVERY,61.29995933617791,69.14053148192482,53.4400544959128,100.0
2021-11-12,66.2957346421829,33.70426535781711,7,NONE,RECOVERY,60.14376480828696,63.737864077669904,56.04719764011799,100.0
2021-11-15,68.65536086689342,31.344639133106583,7,NONE,RECOVERY,63.62692107449852,68.03857008466603,61.9501133786848,100.0
2021-11-16,58.929712820470485,41.070287179529515,6,NONE,RECOVERY,48.44754129700927,26.72433949029693,58.31259895951142,81.89323682424791
2021-11-17,69.24893940056498,30.75106059943502,7,GOLD,RECOVERY,64.20211546539932,75.16090584028605,63.43502824858758,100.0
2021-11-18,64.79486975099367,35.20513024900633,6,NONE,RECOVERY,49.90333503233181,28.297025064417895,59.880307136404696,93.36043360433604
2021-11-19,69.8312267566787,30.168773243321297,7,GOLD,RECOVERY,64.17245890645799,74.38154138915318,64.89169675090253,100.0
2021-11-22,70.83531838120912,29.16468161879088,7,NONE,RISK_ON,60.02748816705276,56.73587638821825,67.40356417775773,100.0
2021-11-23,71.27500307913004,28.724996920869955,7,NONE,RISK_ON,59.93662824083536,55.71982549684925,68.50349335136353,100.0
2021-11-24,71.5983101692221,28.401689830777897,7,NONE,RISK_ON,59.13171962762734,51.95086705202312,69.31228861330328,100.0
2021-11-25,71.34539395570077,28.65460604429923,7,NONE,RISK_ON,56.90557766367979,44.587199619319534,68.67958539882831,100.0
2021-11-26,67.19919407885483,32.80080592114517,7,NONE,RECOVERY,52.462455239640974,34.030061061531235,64.43868349864744,94.63480613165014
2021-11-29,59.98532940272584,40.01467059727416,6,NONE,RECOVERY,50.88838875876907,35.77254719179678,58.52669520162199,84.01667042126604
2021-11-30,69.26230676396396,30.737693236036037,7,GOLD,RECOVERY,62.1244569295429,64.41761363636364,63.46846846846847,100.0
2021-12-01,71.54910251621622,28.450897483783777,7,GOLD,RISK_ON,64.84587467513157,71.14125350795135,69.1891891891892,100.0
2021-12-02,62.391987600180016,37.608012399819984,6,NONE,RECOVERY,48.35553100298331,23.598130841121492,62.53375337533753,85.77857785778578
2021-12-03,64.44728441273627,35.552715587263734,6,GOLD,RECOVERY,58.65495219774732,60.21297192642788,64.07515751575157,88.92889288928892
2021-12-06,31.35339409379357,68.64660590620643,5,NONE,DEFENSIVE,39.00214163835932,20.018471484645577,49.67393748594558,29.087024960647632
2021-12-07,22.517535310564174,77.48246468943583,4,NONE,DEFENSIVE,40.82483811096997,37.4735853486734,43.99865138233311,14.711171049674087
2021-12-08,58.076443521248876,41.923556478751124,6,GOLD,RECOVERY,59.18826584852101,75.99520383693046,50.52785265049417,86.83737646001796
2021-12-09,66.01941186164383,33.98058813835617,7,NONE,RECOVERY,57.9447401962449,60.18606870229007,55.35593981585447,100.0
2021-12-10,59.55674440013471,40.44325559986529,6,NONE,RECOVERY,53.87541800590208,49.98812069375148,57.072294566681634,84.35114503816794
2021-12-13,63.66656222528605,36.33343777471395,6,NONE,RECOVERY,56.12577775672492,52.95247239558329,58.91855508189365,91.7321067982948
2021-12-14,67.05095127464094,32.94904872535906,7,NONE,RECOVERY,58.1608329498772,56.98798020268679,60.96274685816876,97.35188509874328
2021-12-15,66.53320559068463,33.46679440931537,7,NONE,RECOVERY,55.13541250566385,46.394460362941736,61.96408529741864,95.34231200897868
2021-12-16,70.44064503357255,29.55935496642745,7,NONE,RISK_ON,61.99424391771685,66.9208770257388,66.41623682440009,100.0
2021-12-17,47.57339059993275,52.42660940006725,6,NONE,TRANSITION,45.93651997995521,29.089632576644043,60.715086303519385,54.93162967944407
2021-12-20,19.83070750681156,80.16929249318844,2,SILVER,RISK_OFF,39.31657999757679,30.46820405310972,54.08917768317275,0.0
2021-12-21,68.45084671138248,31.549153288617518,7,GOLD,RECOVERY,64.26969878337246,79.75474317445628,61.43849428635447,100.0
2021-12-22,69.51669822157741,30.483301778422586,7,NONE,RECOVERY,57.40670334584024,52.28186332466304,64.10486220031369,100.0
2021-12-23,42.50049496405725,57.49950503594275,6,NONE,TRANSITION,45.65708630404789,33.18645640074212,61.32856184298814,43.29009170208007
2021-12-24,18.56705975460644,81.43294024539355,2,SILVER,RISK_OFF,35.98847624064597,22.433547204399638,50.92799642218247,0.0
2021-12-27,33.80825048386952,66.19174951613047,3,NONE,DEFENSIVE,49.89626394169152,61.61282716340486,53.362377122430736,31.233243967828415
2021-12-28,53.70631406966041,46.29368593033959,4,NONE,TRANSITION,55.13972635905024,62.63992537313433,57.18275245755138,71.44772117962465
2021-12-29,48.633469892633926,51.366530107366074,5,NONE,TRANSITION,48.69183629371206,43.30166270783848,55.99330357142858,61.38392857142857
2021-12-30,62.661110927818704,37.338889072181296,6,GOLD,RECOVERY,59.50683119475099,67.55587599134823,61.23018530922081,87.50837240455458
2021-12-31,69.68268072299108,30.31731927700892,7,NONE,RECOVERY,60.10038696900051,62.33269598470363,64.52008928571429,100.0
2022-01-04,71.40587195238733,28.59412804761267,7,GOLD,RISK_ON,65.75262176152113,71.19926622334327,68.83087907184293,100.0
2022-01-05,27.275091658242253,72.72490834175775,6,NONE,DEFENSIVE,41.24789791184465,23.92102846648301,61.967432522864165,9.402186036136516
2022-01-06,61.78556680167224,38.21443319832776,6,GOLD,RECOVERY,60.201024002416425,66.28397375820056,64.44816053511705,82.77591973244147
2022-01-07,20.99730532651515,79.00269467348485,5,NONE,DEFENSIVE,37.7781700200705,21.1534077957602,57.00757575757576,0.0
2022-01-10,41.66953914855234,58.33046085144766,4,NONE,TRANSITION,55.407678623813936,69.09005628517824,60.48997772828508,42.20489977728285
2022-01-11,33.02521400155902,66.97478599844098,3,NONE,DEFENSIVE,44.23207176320045,36.61240858693088,58.46325167037863,25.05567928730512
2022-01-12,66.87490981680392,33.12509018319608,7,GOLD,RECOVERY,63.34510102202604,76.0,63.76585800133541,94.5136879590474
2022-01-13,32.18363400967742,67.81636599032258,6,NONE,DEFENSIVE,41.69327628666752,27.52743404155965,59.37708565072302,22.41379310344828
2022-01-14,18.614072992992213,81.38592700700778,2,SILVER,RISK_OFF,39.65862975497099,33.508812085145344,51.045606229143495,0.0
2022-01-17,65.43387277263017,34.56612722736983,7,GOLD,RECOVERY,62.4712461032654,74.83705772811918,58.90075656430797,95.61637739207832
2022-01-18,27.992706047277167,72.00729395272283,6,NONE,DEFENSIVE,40.563998120596345,29.53867339912784,50.38897532785063,21.1046899310958
2022-01-19,24.075165300666516,75.92483469933349,5,NONE,DEFENSIVE,45.510575854023536,52.169877001624506,51.99955565429904,11.119751166407465
2022-01-20,13.848796269340145,86.15120373065986,2,SILVER,RISK_OFF,31.960773503407783,17.481414733047984,39.12463896911797,0.0
2022-01-21,11.718767150510887,88.28123284948911,2,NONE,RISK_OFF,33.77047658962597,29.860465116279062,33.79609062638828,0.0
2022-01-24,10.193331844303797,89.8066681556962,2,NONE,RISK_OFF,35.23112076832475,39.28322085175704,29.980013324450365,0.0
2022-01-25,4.503063954008439,95.49693604599156,2,NONE,RISK_OFF,22.08724490908906,5.458612975391497,15.745058849655786,0.0
2022-01-26,5.100742686101243,94.89925731389876,3,BOUNCE,RISK_OFF,40.371535467979584,69.14619883040936,17.240230905861456,0.0
2022-01-27,2.4246271656021285,97.57537283439787,2,NONE,RISK_OFF,20.53544838617423,5.3599461762727065,10.545575515635395,0.0
2022-01-28,3.1771065432432444,96.82289345675676,3,BOUNCE,RISK_OFF,40.58107649219813,72.40512117055327,12.42800177226407,0.0
2022-02-07,6.2224632147664405,93.77753678523356,2,NONE,RISK_OFF,43.20913972071602,76.76216462028195,17.30130617666593,2.4020367500553528
2022-02-08,23.130171334765283,76.86982866523472,2,NONE,DEFENSIVE,48.5642632771349,79.18654851170189,24.435341009743137,33.170947741364046
2022-02-09,39.15960174033651,60.84039825966349,3,NONE,DEFENSIVE,52.75678535848207,78.7408973455485,30.628735886650432,62.840380783706
2022-02-10,33.45878064402655,66.54121935597345,3,NONE,DEFENSIVE,39.8792418969341,37.22352941176471,31.29424778761062,49.7787610619469
2022-02-11,8.485501766386555,91.51449823361344,2,NONE,RISK_OFF,26.926912092580125,12.46618575293057,25.70765148164529,0.0
2022-02-14,8.408107428896752,91.59189257110324,2,NONE,RISK_OFF,36.69657758383067,48.280701754385966,25.51403935441079,0.0
2022-02-15,31.304451795800176,68.69554820419982,3,NONE,DEFENSIVE,43.16598299769578,54.02352941176471,25.652077807250222,50.0
2022-02-16,41.974152567241376,58.025847432758624,4,NONE,TRANSITION,53.25793942451489,78.01253772927792,33.14544650751547,66.79929266136162
2022-02-17,36.55398170402032,63.44601829597968,4,NONE,DEFENSIVE,40.47147021635308,34.3101061375173,32.72586702010161,55.30152418820411
2022-02-18,43.10336251488516,56.89663748511484,4,NONE,TRANSITION,51.19011305901252,67.7676270789412,37.75397526501767,65.23851590106007
2022-02-21,56.92806806926473,43.07193193073527,5,NONE,RECOVERY,58.45141901134509,74.64886023486069,47.361448443364985,87.09428129829983
2022-02-22,32.77553093523957,67.22446906476043,4,NONE,DEFENSIVE,37.323582433692856,18.559494242492665,41.44402737911239,39.40163391477147
2022-02-23,62.88851689964688,37.11148310035312,6,GOLD,RECOVERY,62.4614694738565,79.26913353252125,51.44559699845509,96.56808651511808
2022-02-24,12.741205130613148,87.25879486938685,5,NONE,RISK_OFF,33.85461682756465,13.686090645233312,35.42126157917953,0.8160564622849642
2022-02-25,46.890378837053376,53.109621162946624,5,NONE,TRANSITION,56.74088805234536,74.96496964035498,43.21790913101015,68.74724305249228
2022-02-28,38.56297736815174,61.43702263184826,4,NONE,DEFENSIVE,45.5334664926523,43.41067285382831,43.306131451257166,50.44111160123512
2022-03-01,56.956344816086386,43.043655183913614,5,NONE,RECOVERY,57.764424762148494,70.20284448589415,48.52357866901718,86.13926840017629
2022-03-02,62.68213845098081,37.31786154901919,6,NONE,RECOVERY,55.44846644991216,57.41003787878788,50.49592241569319,96.94732201895523
2022-03-03,60.5060885864698,39.4939114135302,6,NONE,RECOVERY,51.2088102118452,41.00322135296825,48.58968708682239,93.85191714411634
2022-03-04,20.157851876779027,79.84214812322097,5,NONE,DEFENSIVE,36.00436951871999,21.252285191956123,40.3172504957039,12.767129323639567
2022-03-07,10.807226787552326,89.19277321244768,4,NONE,RISK_OFF,31.82571146047506,17.255343082114738,31.515752368363074,0.0
2022-03-08,5.285384626283322,94.71461537371668,3,NONE,RISK_OFF,26.32769328923345,8.953229398663698,17.702137034589114,0.0
2022-03-09,4.331199302644337,95.66880069735566,2,NONE,RISK_OFF,31.17887467267604,23.08037718904356,15.315116791538122,0.0
2022-03-10,37.41245244207048,62.58754755792952,3,BOUNCE,DEFENSIVE,53.7133748639424,79.26689576174113,21.04625550660793,67.40088105726872
2022-03-11,37.15698693055922,62.84301306944078,4,NONE,DEFENSIVE,49.3192485298723,64.51085687602148,23.18361955085865,64.97137824746807
2022-03-14,4.6399631592478565,95.36003684075214,3,NONE,RISK_OFF,24.117202754282783,8.686958453676963,16.087530239718497,0.0
2022-03-15,1.829559581600351,98.17044041839965,2,NONE,RISK_OFF,21.123804047754568,4.8785871964679925,9.056935590239611,0.0
2022-03-16,24.791978881063265,75.20802111893673,3,BOUNCE,DEFENSIVE,54.15237980240204,92.14333407522814,13.126098418277682,46.704745166959576
2022-03-17,33.53350000986163,66.46649999013837,3,NONE,DEFENSIVE,53.0573999780286,82.43058716431497,16.67032725675379,62.73885350318472
2022-03-18,38.8931729695213,61.1068270304787,4,NONE,DEFENSIVE,50.62405757435021,75.30779753761969,21.047430830039527,70.64119455423803
2022-03-21,51.37185832523038,48.62814167476962,5,NONE,TRANSITION,52.96776869301751,70.57598889659958,26.711276875822733,93.00131636682757
2022-03-22,42.4575324633772,57.5424675366228,4,NONE,TRANSITION,42.55089528179999,42.2077922077922,27.489035087719294,72.80701754385966
2022-03-23,43.83074955711783,56.16925044288217,4,NONE,TRANSITION,45.501570016208746,50.81928838951311,29.456855015330703,74.09110819097678
2022-03-24,35.89793466741844,64.10206533258156,4,NONE,DEFENSIVE,34.63425680627553,19.833782569631627,26.133128968688418,59.63433326034596
2022-03-25,32.375697994480944,67.62430200551906,3,NONE,DEFENSIVE,39.08558908428207,37.66836971667441,25.32851511169514,52.6281208935611
2022-03-28,24.728908132567305,75.27109186743269,2,NONE,DEFENSIVE,37.44832875171233,38.82893226176808,24.710002188662727,36.4302910921427
2022-03-29,15.35108741487965,84.64891258512034,2,NONE,RISK_OFF,31.04567146640813,24.44545043005885,23.7527352297593,16.739606126914662
2022-03-30,43.29378111933508,56.70621888066492,3,BOUNCE,TRANSITION,54.824904543378,83.53286650101649,29.89938757655293,72.52843394575677
2022-03-31,39.66650817967622,60.33349182032378,4,NONE,DEFENSIVE,43.84867962208606,45.15685825509503,31.820170640997592,62.90746007438197
2022-04-01,32.11867342576553,67.88132657423446,3,NONE,DEFENSIVE,41.53368971617195,43.52319706017455,32.688101487314086,45.62554680664917
2022-04-06,52.10100331312623,47.89899668687377,4,NONE,TRANSITION,54.84712988089504,69.71001359311282,39.92561802669,83.03434697002844
2022-04-07,10.335966578652668,89.66403342134733,3,NONE,RISK_OFF,27.64250606939132,11.538461538461537,30.33683289588801,0.0
2022-04-08,9.594675913164224,90.40532408683578,2,NONE,RISK_OFF,33.86236853182396,33.54444695770188,28.48239667614257,0.0
2022-04-11,7.050961106691449,92.94903889330855,2,NONE,RISK_OFF,25.766061577658512,11.555457357490056,22.11895910780669,0.0
2022-04-12,33.70341930720997,66.29658069279003,3,BOUNCE,DEFENSIVE,52.73125346969,82.24068253255501,27.4087830456631,53.71422329036487
2022-04-13,7.27786926137058,92.72213073862942,2,NONE,RISK_OFF,26.9948934063833,17.7688710754843,22.68659973810563,0.0
2022-04-14,22.11065197611778,77.88934802388222,3,BOUNCE,DEFENSIVE,46.197016552256734,70.2715247157113,25.583424209378407,29.93456924754635
2022-04-15,6.41597265166994,93.58402734833005,2,NONE,RISK_OFF,29.09192126400309,21.53708668453977,20.530451866404714,0.0
2022-04-18,7.918274677729259,92.08172532227074,2,NONE,RISK_OFF,40.86016030956116,62.48012718600954,20.54585152838428,3.275109170305679
2022-04-19,34.20510013722453,65.79489986277548,3,NONE,DEFENSIVE,45.70226245680921,59.19117647058824,23.1835042548549,58.50970979707615
2022-04-20,6.509813064551996,93.49018693544801,2,NONE,RISK_OFF,31.11124493407785,27.636939791760977,20.76520601700458,0.0
2022-04-21,3.2853385700936606,96.71466142990634,2,NONE,RISK_OFF,22.91339749604081,6.614104248795444,12.69875844042692,0.0
2022-04-22,3.335347514021337,96.66465248597866,2,NONE,RISK_OFF,31.213836534945973,34.86383074499212,12.823862399303287,0.0
2022-04-25,0.4139755813315926,99.5860244186684,2,NONE,RISK_OFF,17.57986348941502,3.0759162303664933,5.515665796344647,0.0
2022-04-26,0.08781769947780682,99.91218230052219,2,NONE,RISK_OFF,22.688399059014337,16.01502098519991,4.699738903394255,0.0
2022-04-27,0.5498060688289075,99.45019393117109,3,BOUNCE,RISK_OFF,45.345356419565086,85.95059550066166,5.855463648236831,0.0
2022-04-28,2.4372439546840967,97.56275604531591,2,NONE,RISK_OFF,25.7324262290482,25.949084412684236,6.22004357298475,3.8126361655773433
2022-04-29,28.326340782585984,71.67365921741401,3,BOUNCE,DEFENSIVE,54.565677071436426,95.09094893710278,10.24161950370048,56.96560731388768
2022-05-05,33.46523343089005,66.53476656910995,3,NONE,DEFENSIVE,48.84257944414023,77.30769230769229,14.354275741710298,64.61605584642234
2022-05-06,21.70558191611992,78.29441808388007,2,NONE,DEFENSIVE,30.109684031280548,26.20008972633468,13.556376276341515,39.572018248968064
2022-05-09,31.486824558961544,68.51317544103846,3,NONE,DEFENSIVE,47.5617400424031,80.0763701707098,16.673908320660438,58.25548555290028
2022-05-10,39.05357800262644,60.94642199737356,4,NONE,DEFENSIVE,51.73350560982555,82.71800679501699,22.2161927501628,69.96961146082049
2022-05-11,38.83190648823275,61.16809351176725,4,NONE,DEFENSIVE,44.153731723330914,47.81113912445565,25.13026487190621,66.93443334780721
2022-05-12,36.970237890662325,63.029762109337675,4,NONE,DEFENSIVE,47.88422369859845,68.94112277498859,29.4028230184582,59.12052117263844
2022-05-13,46.361945201714036,53.638054798285964,5,NONE,TRANSITION,47.98140885844223,61.62575266327003,33.8142764157084,75.81904968539813
2022-05-16,45.06729984480364,54.93270015519636,5,NONE,TRANSITION,44.50959105068081,47.32348869404707,36.5263614666956,70.61184638750271
2022-05-17,46.85017581519098,53.14982418480902,5,NONE,TRANSITION,43.28650931222072,42.299794661190965,37.26128472222222,73.87152777777779
2022-05-18,52.53762361026253,47.46237638973747,5,NONE,TRANSITION,50.91800179252297,61.28515892979648,42.56888696029508,81.67715339553048
2022-05-19,56.40628096001302,43.59371903998698,6,NONE,RECOVERY,51.58490764882821,59.84708063021316,45.55218051638099,87.53525710566284
2022-05-20,65.25684398965518,34.74315601034482,7,GOLD,RECOVERY,59.80079523978608,77.1441605839416,53.448275862068975,100.0
2022-05-23,67.06595201722644,32.93404798277356,7,NONE,RECOVERY,60.4981430285915,75.82367643717338,57.973997833152765,100.0
2022-05-24,38.214680107842284,61.785319892157716,6,NONE,DEFENSIVE,31.74080037678122,5.739130434782608,37.98743500866551,54.33275563258232
2022-05-25,53.36479512340195,46.63520487659805,5,NONE,TRANSITION,58.54577031183205,85.8538751943149,48.894907908992415,77.95232936078007
2022-05-26,62.0461387667533,37.9538612332467,6,NONE,RECOVERY,54.45861209309372,58.99132816065723,51.07212475633528,95.05089885206844
2022-05-27,63.53651700614985,36.46348299385015,6,NONE,RECOVERY,50.094573758493496,41.003700277520814,49.14465136422693,100.0
2022-05-30,64.65231712976423,35.34768287023577,6,NONE,RECOVERY,57.61561318111038,65.13488797439415,51.93597231235129,100.0
2022-05-31,66.3330474491892,33.666952550810805,7,NONE,RECOVERY,62.08142271876558,73.17294598275079,56.14054054054054,100.0
2022-06-01,67.21535571782007,32.784644282179926,7,NONE,RECOVERY,59.6778156010086,60.723220377530126,58.34775086505191,100.0
2022-06-02,68.0980456902228,31.901954309777196,7,NONE,RECOVERY,61.035199487359314,63.98829619626378,60.55591607181484,100.0
2022-06-06,70.31761867273121,29.682381327268786,7,NONE,RISK_ON,68.56369682348844,81.25839677563815,66.1084701815039,100.0
2022-06-07,69.73690187112022,30.263098128879776,7,NONE,RECOVERY,53.37726646148406,32.828170269667936,64.65573062810275,100.0
2022-06-08,68.8056881650982,31.194311834901796,7,NONE,RECOVERY,54.051632355271416,36.03257181633115,62.48650982085042,99.85970213684438
2022-06-09,37.77361426353043,62.22638573646957,6,NONE,DEFENSIVE,38.08071767520814,15.120879120879122,49.233923176521365,43.52611135088477
2022-06-10,67.03222744960121,32.96777255039879,7,GOLD,RECOVERY,65.71609605700779,86.2846830588766,57.88963138607458,100.0
2022-06-13,66.70478434117267,33.29521565882733,7,NONE,RECOVERY,56.26035620665905,50.831460674157306,57.070489329596896,100.0
2022-06-14,66.16290303258572,33.83709696741428,7,NONE,RECOVERY,54.0772983488088,43.27164724697281,55.71490187621306,100.0
2022-06-15,64.89014820517241,35.10985179482759,6,NONE,RECOVERY,54.79365785387772,44.84583525080534,55.73275862068965,97.19827586206895
2022-06-16,61.97107407586206,38.02892592413794,6,NONE,RECOVERY,58.80298337833855,64.06955736224029,59.26724137931034,87.71551724137932
2022-06-17,67.27854272108668,32.72145727891332,7,NONE,RECOVERY,55.96541026773615,50.49187828872112,58.50582147477361,100.0
2022-06-20,69.50474176112428,30.49525823887572,7,NONE,RECOVERY,62.9016462031491,69.73327305605787,64.07495153995262,100.0
2022-06-21,63.57748030215285,36.42251969784715,6,NONE,RECOVERY,51.90275207223558,36.64329337254016,62.59418729817008,88.32077502691065
2022-06-22,33.49757982047414,66.50242017952587,5,NONE,DEFENSIVE,38.21771603464055,19.246031746031743,49.36422413793103,34.05172413793103
2022-06-23,68.02464044869808,31.97535955130192,7,GOLD,RECOVERY,66.26862272555275,85.61263064265066,60.37228319345815,100.0
2022-06-24,69.86548760600388,30.13451239399612,7,GOLD,RECOVERY,62.221449206478816,66.28571428571428,64.97740477727567,100.0
2022-06-27,71.01325647966902,28.986743520330975,7,NONE,RISK_ON,61.30899959513809,59.83758700696056,67.84869976359337,100.0
2022-06-28,73.59055564150012,26.409444358499883,7,NONE,RISK_ON,67.93304573461867,77.25551347738917,74.29615301955728,100.0
2022-06-29,55.644684658555455,44.355315341444545,6,NONE,RECOVERY,44.98154063642319,15.683704674530365,64.18744625967325,69.56147893379192
2022-06-30,69.34972477969052,30.65027522030948,7,GOLD,RECOVERY,60.35355635869896,61.31811830461109,66.548463356974,97.4962389856007
2022-07-01,57.661401470496024,42.338598529503976,6,NONE,RECOVERY,51.20756379388533,40.92245082523174,65.08481855271634,73.19089542624006
2022-07-04,70.88567509591837,29.114324904081627,7,NONE,RISK_ON,58.87729794531859,55.32537716730466,67.52953813104189,100.0
2022-07-05,48.33259748939231,51.66740251060769,6,NONE,TRANSITION,45.23613748137677,25.99955820631765,61.13377710972729,56.22718488297187
2022-07-06,19.37079778090948,80.62920221909052,2,SILVER,RISK_OFF,37.47819985377285,27.216174183514774,52.93865293865294,0.0
2022-07-07,47.89583001275456,52.10416998724544,3,NONE,TRANSITION,51.64609927261055,56.00183612577462,54.90889603429796,60.71811361200429
2022-07-08,53.17682647334476,46.82317352665524,4,NONE,TRANSITION,52.92819429329882,54.92346355951565,57.59588600814227,69.9271480608528
2022-07-11,18.457230790897412,81.54276920910259,3,NONE,RISK_OFF,37.47568018327648,30.14460511679644,50.65324480616835,0.0
2022-07-12,14.381112532005142,85.61888746799485,2,NONE,RISK_OFF,32.420506918757745,20.9010989010989,40.45629820051414,0.0
2022-07-13,29.713857761340755,70.28614223865924,3,NONE,DEFENSIVE,50.99880427196326,72.72522522522522,46.883701006639534,27.939601627757547
2022-07-14,36.02578705053488,63.97421294946512,4,NONE,DEFENSIVE,48.656540113799664,55.78947368421052,49.44373127941806,39.51647411210955
2022-07-15,13.68140287647059,86.31859712352941,3,NONE,RISK_OFF,32.82100485312922,20.734105309154465,38.70588235294118,0.0
2022-07-18,62.287395881196574,37.712604118803426,6,GOLD,RECOVERY,64.19351977286257,86.271075104007,51.880341880341874,94.87179487179486
2022-07-19,66.08917877949595,33.91082122050405,7,GOLD,RECOVERY,60.725696816025454,70.65680340730778,59.216146945749685,96.77488252883384
2022-07-20,69.49629591853909,30.50370408146091,7,GOLD,RECOVERY,60.93641569275601,67.76194852941177,64.05382315249894,100.0
2022-07-21,56.74566696189662,43.25433303810338,6,NONE,RECOVERY,48.65486687137508,33.273056057866185,61.71507902605724,74.1349850491243
2022-07-22,42.62477784613413,57.37522215386587,5,NONE,TRANSITION,46.8292352126015,39.85588831344292,58.85305425032037,45.72832123024349
2022-07-25,34.87193432777777,65.12806567222222,2,SILVER,DEFENSIVE,41.28165362603588,30.34836980794997,53.86752136752136,33.11965811965812
2022-07-26,55.54167186914212,44.45832813085788,3,NONE,RECOVERY,59.11627576277009,75.65745111260958,60.189927443448575,72.83397353819889
2022-07-27,69.11504109603158,30.884958903968425,7,GOLD,RECOVERY,59.173990982544666,61.22033898305085,63.1000640068274,100.0
2022-07-28,70.46969448387372,29.530305516126276,7,GOLD,RISK_ON,61.42110964793134,62.9798903107861,66.48890784982935,100.0
2022-07-29,47.35680147832765,52.64319852167235,6,NONE,TRANSITION,46.14474797579662,28.780812791472357,61.17747440273038,54.05290102389079
2022-08-01,62.65979978870418,37.34020021129582,6,NONE,RECOVERY,56.63736947833216,54.85688528284878,61.71142369991475,87.08439897698209
2022-08-02,13.597485617852579,86.40251438214742,5,NONE,RISK_OFF,31.001594200483712,8.181623473977295,38.49595227950575,0.0
2022-08-03,13.323830897402598,86.6761691025974,4,NONE,RISK_OFF,38.42034433027408,35.994677312042576,37.81136895890994,0.0
2022-08-04,43.50935110923994,56.49064889076006,4,NONE,TRANSITION,56.335265372269646,79.4927853082641,44.26229508196721,60.43219076005961
2022-08-05,63.86567023805875,36.13432976194125,6,GOLD,RECOVERY,60.02637507089362,73.55864811133202,49.96807151979566,100.0
2022-08-08,66.0798457367425,33.9201542632575,7,GOLD,RECOVERY,61.445085045465056,75.1742747919946,55.507123112906655,100.0
2022-08-09,66.40068765946462,33.59931234053538,7,NONE,RECOVERY,53.755439047541856,46.75767918088737,56.30975143403442,100.0
2022-08-10,66.26531572881427,33.73468427118573,7,NONE,RECOVERY,54.174435648930086,48.597081930415264,55.971100722481935,100.0
2022-08-11,69.72547749694073,30.274522503059274,7,GOLD,RECOVERY,65.4946571669175,77.94376098418277,64.62715105162525,100.0
2022-08-12,66.46650963439491,33.53349036560509,7,NONE,RECOVERY,54.02252486356595,41.47164716471647,63.87473460721869,93.52441613588113
2022-08-15,63.58590093375796,36.41409906624204,6,NONE,RECOVERY,55.1984679043232,49.05149051490515,63.70488322717623,87.36730360934182
2022-08-16,70.73582906384469,29.26417093615531,7,NONE,RISK_ON,60.51809091214536,60.52811290689733,67.1546785486951,100.0
2022-08-17,71.22620441052185,28.773795589478155,7,NONE,RISK_ON,58.82183399527966,53.09875141884223,68.38141705557912,100.0
2022-08-18,69.64528633264787,30.35471366735213,7,NONE,RECOVERY,54.95895965920269,41.43014301430143,64.42654229383082,100.0
2022-08-19,45.21886660721999,54.78113339278001,6,NONE,TRANSITION,44.22742035819886,24.546660769570988,57.31526572094008,52.75248782553462
2022-08-22,61.013208060846566,38.986791939153434,6,NONE,RECOVERY,57.84022940212618,61.836825679893,60.30687830687831,84.70899470899471
2022-08-23,67.83185204550455,32.16814795449545,7,NONE,RECOVERY,56.002044396658754,50.75027995520717,59.974613920033846,99.92595726676538
2022-08-24,14.615529931768192,85.3844700682318,6,NONE,RISK_OFF,30.602529704828573,8.182012390514847,41.0427241962775,0.0
2022-08-25,14.079525974984142,85.92047402501586,5,NONE,RISK_OFF,39.610137599346494,43.11785400175901,39.70183971241277,0.0
2022-08-26,13.528819852197806,86.47118014780219,4,NONE,RISK_OFF,36.99552961630515,36.65409363212781,38.32417582417583,0.0
2022-08-29,34.342976543243246,65.65702345675675,3,NONE,DEFENSIVE,49.76860121855171,64.52830188679245,42.9054054054054,41.554054054054056
2022-08-30,42.84976079050232,57.15023920949768,4,NONE,TRANSITION,46.8214246314373,45.86566171580581,42.23300970873787,60.76403545799916
2022-08-31,9.533261862987974,90.46673813701203,3,NONE,RISK_OFF,29.08631292458253,13.880532874946285,28.328761342055287,0.0
2022-09-01,8.870543229369598,91.1294567706304,2,NONE,RISK_OFF,34.72389983518336,36.535889433794026,26.67088340712629,0.0
2022-09-02,27.153446772397814,72.84655322760219,3,NONE,DEFENSIVE,50.31268796256138,76.33840052875082,32.364096080910244,35.040033712600085
2022-09-05,31.28045841260787,68.71954158739213,3,NONE,DEFENSIVE,45.3684820119664,53.34063526834611,35.213639233845505,41.58071984845296
2022-09-06,53.881339957545784,46.118660042454216,4,NONE,TRANSITION,57.735543026462864,77.45032373297612,40.51778572932015,86.41338665544096
2022-09-07,44.50161768434014,55.49838231565986,4,NONE,TRANSITION,48.2565932531456,49.32327490570224,41.10713533992843,65.36518627657335
2022-09-08,20.846122629755897,79.1538773702441,3,NONE,DEFENSIVE,34.79983659861389,23.36551118911803,37.00547138047138,17.171717171717177
2022-09-09,35.588541210620406,64.4114587893796,4,NONE,DEFENSIVE,45.369515327471824,50.41211851191802,37.57097791798108,48.948475289169295
2022-09-13,43.3960450135953,56.6039549864047,4,NONE,TRANSITION,48.67373509597,54.57413249211357,38.61105274217272,65.12922882958605
2022-09-14,11.79406457389204,88.20593542610796,3,NONE,RISK_OFF,32.68953893196257,23.60439560439561,33.9844570468389,0.0
2022-09-15,8.278238492307693,91.7217615076923,2,NONE,RISK_OFF,28.81553410260684,13.15508021390374,25.189155107187894,0.0
2022-09-16,4.864468399789916,95.13553160021009,2,NONE,RISK_OFF,26.12474841665365,13.536559369004475,16.649159663865547,0.0
2022-09-19,3.991088853571429,96.00891114642857,2,NONE,RISK_OFF,28.369259937147227,23.51538794971825,14.464285714285715,0.0
2022-09-20,21.098568335669327,78.90143166433067,3,BOUNCE,DEFENSIVE,48.07597034948781,80.50754758258587,17.624842635333614,34.68317247167436
2022-09-21,18.15482353170476,81.84517646829524,2,NONE,RISK_OFF,42.68767113382792,62.691199290622926,19.595302998532187,26.51499266093521
2022-09-22,10.10345202458604,89.89654797541397,2,NONE,RISK_OFF,32.8233583172289,32.60678115367679,19.084049465520856,9.337665059735906
2022-09-23,4.138653491703331,95.86134650829666,2,NONE,RISK_OFF,25.31248244185035,11.382636655948552,14.833438089252043,0.0
2022-09-26,2.800915762827226,97.19908423717277,2,NONE,RISK_OFF,26.50005236832102,18.86993603411514,11.4869109947644,0.0
2022-09-27,28.519383500836817,71.48061649916318,3,BOUNCE,DEFENSIVE,53.41075472794788,90.05972696245735,15.81589958158996,52.51046025104602
2022-09-28,2.925969410994984,97.07403058900502,2,NONE,RISK_OFF,23.180072682634204,8.569614896318239,11.7997491638796,0.0
2022-09-29,2.803850598850574,97.19614940114943,2,NONE,RISK_OFF,31.20183069533795,33.946561541830924,11.494252873563218,0.0
2022-09-30,2.0796114888447876,97.92038851115521,2,NONE,RISK_OFF,27.743310955970724,25.841213987244338,9.682473365364528,0.0
2022-10-10,1.646687627906492,98.35331237209351,2,NONE,RISK_OFF,25.371336670691303,16.969826663813397,8.59945731580046,0.0
2022-10-11,1.950446011811353,98.04955398818865,2,NONE,RISK_OFF,38.35396101044006,63.568773234200734,9.359348914858098,0.0
2022-10-12,31.023926522778474,68.97607347722152,3,NONE,DEFENSIVE,55.3444036042429,92.914551607445,13.746349603671256,59.80392156862745
2022-10-13,37.48367877862356,62.51632122137644,4,NONE,DEFENSIVE,50.16612952355746,67.89496910856134,18.70698644421272,69.60375391032325
2022-10-14,53.12607441666666,46.87392558333334,5,GOLD,TRANSITION,62.4857365812423,92.8023850085179,30.95833333333333,93.125
2022-10-17,60.42508071663193,39.57491928336807,6,NONE,RECOVERY,61.84738499293358,81.55737704918033,41.36098374322634,100.0
2022-10-18,61.62479789879117,38.37520210120883,6,NONE,RECOVERY,52.19249354012342,45.75737114562233,44.36223426427679,100.0
2022-10-19,44.93550970537165,55.06449029462835,5,NONE,TRANSITION,40.70608253827142,20.978566789348346,41.19300437226734,66.23985009369144
2022-10-20,39.10555347162472,60.89444652837528,4,NONE,DEFENSIVE,45.05411921914156,38.15994653597683,40.888287913459536,53.74453921364677
2022-10-21,45.55677267084027,54.44322732915973,5,NONE,TRANSITION,48.2212490865769,47.13031735313977,41.81572379367721,67.0549084858569
2022-10-24,18.00103519267887,81.99896480732113,4,NONE,RISK_OFF,35.63347040456716,20.51665243381725,34.44259567387687,13.186356073211314
2022-10-25,11.533374073871444,88.46662592612856,3,NONE,RISK_OFF,38.46541143017381,39.06794425087108,32.53588516746412,0.6969003536509311
2022-10-26,61.56297283099002,38.43702716900998,6,GOLD,RECOVERY,64.61580390758527,83.8785546290357,44.20757071547421,100.0
2022-10-27,55.90552372489093,44.09447627510907,6,NONE,RECOVERY,52.0206865892477,46.48257725180802,44.93039684188656,86.98317057968003
2022-10-28,8.982847465282395,91.01715253471761,5,NONE,RISK_OFF,27.88058617906749,7.673008572025925,26.95182724252492,0.0
2022-10-31,11.414814996428571,88.58518500357142,3,BOUNCE,RISK_OFF,46.7453466556056,68.00171342899979,33.035714285714285,0.0
2022-11-01,62.04937184430379,37.95062815569621,6,GOLD,RECOVERY,66.18432052281844,90.34700315457414,45.424361900809295,100.0
2022-11-02,64.43811778973242,35.561882210267584,6,GOLD,RECOVERY,63.72629188359898,77.59116022099448,51.400124455507154,100.0
2022-11-03,65.03487470294483,34.96512529705517,7,NONE,RECOVERY,56.19865614174419,54.6218487394958,52.89299046038988,100.0
2022-11-04,68.1749657077529,31.825034292247096,7,GOLD,RECOVERY,68.11545502401397,86.45855758880516,60.7483416252073,100.0
2022-11-07,69.67361465647669,30.326385343523313,7,NONE,RECOVERY,62.28232953859821,64.04913358192586,64.49740932642487,100.0
2022-11-08,69.1381583,30.8618417,7,NONE,RECOVERY,53.738168817950736,40.25800711743772,63.1578947368421,100.0
2022-11-09,68.91037493385826,31.089625066141735,7,NONE,RECOVERY,53.70318210939189,42.07097933513028,62.588064649813504,100.0
2022-11-10,67.19166818307119,32.80833181692881,7,NONE,RECOVERY,51.80451243503437,36.5296803652968,58.28849337748344,100.0
2022-11-11,68.73666088067853,31.263339119321472,7,NONE,RECOVERY,61.3780141018088,59.17784128379864,62.15349606950765,100.0
2022-11-14,63.13735853686387,36.86264146313613,6,NONE,RECOVERY,53.31754013235186,41.361256544502616,59.42283822920976,90.1323955316508
2022-11-15,72.39583654782788,27.604163452172116,7,GOLD,RISK_ON,69.79246625411122,87.72678762006403,71.30740587505171,100.0
2022-11-16,72.19495854415477,27.805041455845227,7,NONE,RISK_ON,55.795382693406594,40.49442135200175,70.80488309538589,100.0
2022-11-17,72.45430832584782,27.54569167415218,7,NONE,RISK_ON,60.30242582533166,57.96654929577465,71.45368072787429,100.0
2022-11-18,69.20763606468155,30.79236393531845,7,NONE,RECOVERY,50.74560951652496,26.590467974983824,66.3564929693962,97.35318444995865
2022-11-21,68.917107523782,31.082892476218007,7,NONE,RECOVERY,57.53581924085863,53.24084110123564,67.1345995045417,96.03633360858794
2022-11-22,53.29777621021672,46.70222378978328,6,NONE,TRANSITION,45.03412887054937,23.393810032017075,59.44272445820433,68.57585139318886
2022-11-23,44.73739893724479,55.26260106275521,5,NONE,TRANSITION,45.39352107518228,34.74320241691843,52.1860177356156,56.186842647968646
2022-11-24,51.51250407525774,48.48749592474226,5,NONE,TRANSITION,51.976397874406445,55.078557202921,54.76288659793814,68.76288659793815
2022-11-25,38.381598009338276,61.618401990661724,4,NONE,DEFENSIVE,41.63281208242442,30.47311827956989,47.361368789940215,46.49556792413935
2022-11-28,15.586679976967455,84.41332002303254,3,NONE,RISK_OFF,36.78498254302326,30.346320346320343,42.13020189534405,1.174289245982696
2022-11-29,66.0923476071855,33.9076523928145,7,GOLD,RECOVERY,65.93428299453733,85.27361081766321,55.538398188182,100.0
2022-11-30,57.55627679598517,42.44372320401483,6,NONE,RECOVERY,50.51395762142222,38.88275557518216,54.148651430924446,82.53036854025117
2022-12-01,64.98446140763531,35.01553859236469,6,GOLD,RECOVERY,61.39528564649432,67.54098360655738,58.87013788845441,94.65939493722988
2022-12-02,68.65371748106996,31.34628251893004,7,NONE,RECOVERY,60.55399805407345,62.39895127812978,63.827160493827165,98.35390946502058
2022-12-05,71.34423353152911,28.655766468470887,7,GOLD,RISK_ON,64.90085351613078,69.1893057352307,68.67668244494752,100.0
2022-12-06,61.96413399238683,38.03586600761317,6,NONE,RECOVERY,51.92039829327025,33.873056994818654,65.66872427983539,82.09876543209876
2022-12-07,59.9874599467805,40.0125400532195,6,NONE,RECOVERY,52.91968491671084,41.11498257839721,64.49290269491874,78.80065830076116
2022-12-08,49.745562167982726,50.254437832017274,5,NONE,TRANSITION,47.83547246191976,34.054521852012115,60.03495784495168,60.28171910343409
2022-12-09,40.289739500411095,59.710260499588905,4,NONE,TRANSITION,47.83134848207978,39.743310854905374,57.99588900308324,41.36690647482014
2022-12-12,31.790331100697866,68.20966889930213,3,NONE,DEFENSIVE,45.606503846811904,41.28674904132936,52.90435139573071,27.21674876847291
2022-12-13,18.647091002564103,81.35290899743589,2,NONE,RISK_OFF,41.61856246106902,40.32639038007301,51.12820512820513,0.0
2022-12-14,17.62621883948718,82.37378116051282,2,NONE,RISK_OFF,40.69791317120293,39.38072394243349,48.57435897435898,0.0
2022-12-15,40.88097729015789,59.11902270984211,3,NONE,TRANSITION,50.93939759224985,57.78981581798484,51.01496821816691,48.76973549313102
2022-12-16,15.706945446661207,84.29305455333879,2,NONE,RISK_OFF,36.06840272964706,26.62709349162603,43.77304383449406,0.0
2022-12-19,10.044930132240887,89.95506986775911,2,NONE,RISK_OFF,28.55628402921471,10.51100955546323,29.608766898811968,0.0
2022-12-20,8.59565072421139,91.4043492757886,2,NONE,RISK_OFF,36.71847059251135,44.94431098493121,25.983203605079886,0.0
2022-12-21,7.9118319875,92.0881680125,2,NONE,RISK_OFF,31.145657066471777,26.44096850224984,24.272540983606557,0.0
2022-12-22,6.238270742217222,93.76172925778278,2,NONE,RISK_OFF,27.97401071195718,16.656138134344072,20.085907138474123,0.0
2022-12-23,5.59039246206826,94.40960753793173,2,NONE,RISK_OFF,34.34654124122425,41.81062759676361,18.46515430206417,0.0
2022-12-26,17.384237449131767,82.61576255086823,2,NONE,RISK_OFF,47.41207181106903,76.83964270523181,21.87946884576098,22.829417773238
2022-12-27,19.310317003061222,80.68968299693879,2,NONE,RISK_OFF,44.28468407399861,62.55737704918033,25.5,23.877551020408163
2022-12-28,6.966697766326528,93.03330223367347,2,NONE,RISK_OFF,29.025664571279147,19.27634363097757,21.90816326530612,0.0
2022-12-29,6.575401727756268,93.42459827224373,2,NONE,RISK_OFF,32.41685518131802,31.686798964624675,20.9292846953332,0.0
2022-12-30,17.84134769180929,82.15865230819071,2,NONE,RISK_OFF,45.35469385456772,68.6074299369976,24.337815810920947,21.67889160554197
2023-01-03,46.8686977069176,53.1313022930824,3,NONE,TRANSITION,60.76085898733784,86.03048653163499,35.523906408952186,75.4323499491353
2023-01-04,49.88242722719138,50.11757277280862,4,NONE,TRANSITION,53.82914059896818,59.645669291338585,41.448037421191785,76.84563758389262
2023-01-05,54.68639414706122,45.31360585293878,5,NONE,TRANSITION,56.632586431589424,63.86554621848739,46.72564571893431,82.7435428106569
2023-01-06,49.35639314947112,50.64360685052888,5,NONE,TRANSITION,48.72076932556296,38.421282163105104,46.86737184703011,70.95199349064279
2023-01-09,57.88522416182336,42.11477583817664,6,NONE,RECOVERY,57.694418838286886,63.16376617581436,52.14692714692715,85.002035002035
2023-01-10,46.284287000691336,53.715712999308664,5,NONE,TRANSITION,47.13961175378693,36.179387667097885,50.345668971126464,61.18340788938593
2023-01-11,26.660408019398133,73.33959198060187,4,NONE,DEFENSIVE,37.981409158028704,20.504664970313826,43.77795851972346,23.97315982106548
2023-01-12,19.98715471985354,80.01284528014646,3,NONE,RISK_OFF,43.46081350990505,47.27353661250835,44.99593165174939,8.299430431244915
2023-01-13,56.21068912875737,43.78931087124263,4,NONE,RECOVERY,55.30189773228229,60.00438308130616,48.91193817368315,84.16717510677242
2023-01-16,67.66205572883285,32.337944271167146,7,GOLD,RECOVERY,66.69141708377771,79.58226768968457,59.465229768198455,100.0
2023-01-17,63.76651066221273,36.23348933778727,6,NONE,RECOVERY,53.27257087138037,40.66417418077853,57.81980882652024,92.91234492576774
2023-01-18,68.57024494971522,31.429755050284783,7,NONE,RECOVERY,61.05949172481311,64.22059150544808,61.73718470301057,100.0
2023-01-19,70.1911730020541,29.8088269979459,7,NONE,RISK_ON,64.14057428780016,71.11013986013985,65.79214968476714,100.0
2023-01-20,72.9885206938224,27.011479306177606,7,GOLD,RISK_ON,68.18079470855832,77.42420984734466,72.79008331639912,100.0
2023-01-30,75.86085458379752,24.13914541620248,8,GOLD,RISK_ON,73.11734932160934,77.85532994923858,79.97560479772312,100.0
2023-01-31,76.1696589302094,23.830341069790606,8,NONE,RISK_ON,66.62481951826064,61.29657548998493,80.74811953649116,100.0
2023-02-01,78.3051075857143,21.694892414285704,8,NONE,RISK_ON,76.53367649064336,88.70389884088515,86.09022556390977,100.0
2023-02-02,78.60074966575954,21.399250334240463,8,NONE,RISK_ON,65.08517723446077,48.05307809440939,86.82981316003249,100.0
2023-02-03,77.67247594873096,22.327524051269037,8,NONE,RISK_ON,61.10094344177705,38.77638948728996,84.50761421319797,100.0
2023-02-06,76.37940941753959,23.62059058246041,8,NONE,RISK_ON,58.942086292161086,37.733797303175294,81.27283800243606,100.0
2023-02-07,76.90705704010955,23.09294295989045,8,NONE,RISK_ON,68.03458010781411,69.54358641574736,82.5928180158247,100.0
2023-02-08,75.6321255869318,24.367874413068193,8,NONE,RISK_ON,55.55879739450265,27.56176154672395,79.40340909090908,100.0
2023-02-09,77.37874976044625,22.621250239553746,8,GOLD,RISK_ON,72.99748592865431,86.22297583721917,83.77281947261663,100.0
2023-02-10,77.03830150190554,22.961698498094464,8,NONE,RISK_ON,61.58098731815862,44.75877192982456,82.92114332049462,100.0
2023-02-13,78.4464327194529,21.5535672805471,8,GOLD,RISK_ON,70.9043799721475,73.1375985977213,86.44376899696049,100.0
2023-02-14,78.33708159787234,21.66291840212766,8,NONE,RISK_ON,62.81360940161902,47.03296703296703,86.17021276595744,100.0
2023-02-15,77.12480088355277,22.875199116447234,8,NONE,RISK_ON,61.420382280568674,44.05579399141631,83.13753291472554,100.0
2023-02-16,38.983238926771975,61.016761073228025,7,NONE,DEFENSIVE,43.15840155174144,9.466968512039514,66.61603888213851,30.96395301741596
2023-02-17,33.189012123350864,66.81098787664914,6,NONE,DEFENSIVE,46.93500112472038,38.36601307189542,61.58437879401052,22.6831242411979
2023-02-20,60.16799963367037,39.83200036632963,6,NONE,RECOVERY,65.52841215695956,81.33839983111675,70.81900910010111,73.66026289180991
2023-02-21,72.87559443852376,27.124405561476237,7,GOLD,RISK_ON,62.430027751789694,60.669730794484565,72.50758341759354,100.0
2023-02-22,66.9498235466141,33.0501764533859,7,NONE,RECOVERY,56.232842757137945,46.6358839050132,70.93187790580149,88.40711542348897
2023-02-23,60.135561672069514,39.864438327930486,6,NONE,RECOVERY,52.168785030135226,37.42104116750164,67.28981406628941,76.67744543249798
2023-02-24,49.253839568189164,50.746160431810836,5,NONE,TRANSITION,48.2413985931655,36.1286117749294,62.70210185933711,56.8714632174616
2023-02-27,19.250600016191633,80.74939998380836,4,NONE,RISK_OFF,36.92809116462973,21.10690235690236,52.63796240145543,0.0
2023-02-28,56.72461757373737,43.27538242626263,5,NONE,RECOVERY,61.46262158073911,77.58620689655173,60.61616161616161,75.05050505050505
2023-03-01,65.74239606060605,34.257603939393945,7,GOLD,RECOVERY,63.50568399972963,71.93288298104163,67.7070707070707,88.58585858585859
2023-03-02,47.377044330272454,52.622955669727546,6,NONE,TRANSITION,49.24755152599135,34.82277121374866,63.7840565085772,51.81634712411706
2023-03-03,54.05305653814329,45.94694346185671,5,NONE,TRANSITION,52.94939971861532,45.1014619245036,62.95660948536832,67.15438950554994
2023-03-06,56.08619927740568,43.91380072259432,6,NONE,RECOVERY,54.63079995574635,47.681690748328656,62.51765180552753,71.989106314303
2023-03-07,16.2812578734167,83.7187421265833,5,NONE,RISK_OFF,32.65025013797575,7.876923076923076,45.209762000806776,0.0
2023-03-08,21.206727569866878,78.79327243013313,4,NONE,DEFENSIVE,50.701595297750366,72.79759346798454,49.71762807583703,6.837434449374746
2023-03-09,30.321870704233874,69.67812929576613,3,NONE,DEFENSIVE,46.59989167723033,48.44760672703752,51.764112903225815,25.0
2023-03-10,15.118708374566706,84.88129162543329,2,NONE,RISK_OFF,33.11814563417574,13.873312564901353,42.301491334139456,0.0
2023-03-13,15.242524687155226,84.75747531284478,2,NONE,RISK_OFF,42.96545640362224,47.76500638569604,42.611234145359376,0.0
2023-03-14,12.387859584966794,87.61214041503321,2,NONE,RISK_OFF,33.759493074542654,18.69565217391304,35.46991346347353,0.0
2023-03-15,37.48513854245473,62.51486145754527,3,NONE,DEFENSIVE,54.06232238799208,71.65504121750159,42.2635814889336,48.99396378269618
2023-03-16,11.442667177715208,88.55733282228479,2,NONE,RISK_OFF,31.16412554683732,13.13340227507756,33.10539018503621,0.0
2023-03-17,13.139066013193885,86.86093398680612,2,NONE,RISK_OFF,47.24589012179764,66.02839931153184,37.34915526950925,0.0
2023-03-20,12.415483571520518,87.58451642847947,2,NONE,RISK_OFF,39.92690766072589,38.02846379238175,35.53901850362028,0.0
2023-03-21,49.00171183165829,50.99828816834171,3,NONE,TRANSITION,60.83724395423791,84.13922467694871,43.50753768844221,73.11557788944724
2023-03-22,63.09919912194533,36.90080087805467,6,GOLD,RECOVERY,58.88771339635075,64.31793770139636,48.05064308681672,100.0
2023-03-23,50.43202111237444,49.56797888762556,5,NONE,TRANSITION,49.850382685016704,41.52816749406432,47.79027721976698,72.49899558055444
2023-03-24,49.507496454618476,50.492503545381524,5,NONE,TRANSITION,52.07562648898679,48.3433734939759,48.01204819277108,70.28112449799197
2023-03-27,29.247403789959833,70.75259621004017,4,NONE,DEFENSIVE,45.47940129625299,39.603124340299765,46.66666666666666,27.10843373493976
2023-03-28,15.302990560590244,84.69700943940975,3,NONE,RISK_OFF,37.56540850287703,27.651991614255767,42.76249749046376,0.0
2023-03-29,14.072766005197673,85.92723399480232,2,NONE,RISK_OFF,37.94325966973848,31.39165431052743,39.68492875777644,0.0
2023-03-30,13.25748946927397,86.74251053072604,2,NONE,RISK_OFF,39.43538026222265,38.99024183283836,37.64540713999198,0.0
2023-03-31,41.333238110431296,58.666761889568704,3,NONE,TRANSITION,54.88799468221581,71.4163457424048,42.487462387161486,57.22166499498496
2023-04-03,56.55040514616927,43.44959485383073,6,GOLD,RECOVERY,59.69582039911112,68.15962640628317,47.32250300842359,86.3016446048937
2023-04-04,14.794835551954302,85.20516444804569,5,NONE,RISK_OFF,38.81948521119165,27.16617831728757,41.49128081779916,0.0
2023-04-06,14.252363180809299,85.7476368191907,4,NONE,RISK_OFF,41.25122947063332,41.03803320025216,40.13421474358975,0.0
2023-04-07,54.82438376082949,45.17561623917051,5,GOLD,TRANSITION,58.24160722271215,70.81995290087775,46.02284111400521,83.66058906030855
2023-04-10,14.284393557411859,85.71560644258814,4,NONE,RISK_OFF,37.291490914183,25.53367875647669,40.21434294871795,0.0
2023-04-11,14.277014182470518,85.72298581752948,3,NONE,RISK_OFF,42.20670923795773,46.92749308951733,40.19588247051769,0.0
2023-04-12,45.20285547912835,54.79714452087165,4,NONE,TRANSITION,54.23436255185009,63.93477340110123,43.74250299880048,64.59416233506597
2023-04-13,20.276667346572054,79.72333265342795,3,NONE,DEFENSIVE,41.32019838440913,37.33164983164984,41.465120927443536,12.022786328203075
2023-04-14,40.789409441543384,59.210590558456616,4,NONE,TRANSITION,50.99911094325677,56.13126079447323,42.982806877249104,55.59776089564175
2023-04-17,51.6089620754898,48.3910379245102,5,NONE,TRANSITION,53.79398024120884,56.14927905004241,44.23230707716913,78.18872451019591
2023-04-18,18.274609408448175,81.72539059155183,4,NONE,RISK_OFF,38.197209809370165,29.81718848497583,40.073896544837226,8.857599360894753
2023-04-19,12.92714150494911,87.0728584950509,3,NONE,RISK_OFF,37.32818982777793,31.878279118572927,36.8189982039513,0.0
2023-04-20,11.877929451775032,88.12207054822497,2,NONE,RISK_OFF,37.02619032725606,31.894236727948773,34.19425608296769,0.0
2023-04-21,7.873696259305807,92.1263037406942,2,NONE,RISK_OFF,29.15287072524853,10.984771573604062,24.1771394374626,0.0
2023-04-24,7.245930706262464,92.75406929373753,2,NONE,RISK_OFF,36.8850959821078,40.84329767149151,22.606701236537692,0.0
2023-04-25,5.666907869463823,94.33309213053617,2,NONE,RISK_OFF,29.243693942848825,16.544566544566546,18.656567669922264,0.0
2023-04-26,6.40013105538707,93.59986894461294,2,NONE,RISK_OFF,44.18721830873385,69.75257731958763,20.490822027134875,0.0
2023-04-27,7.141865618435754,92.85813438156424,2,NONE,RISK_OFF,39.410201796506485,53.01077540671878,22.3463687150838,0.0
2023-04-28,39.26438857056709,60.73561142943291,3,NONE,DEFENSIVE,55.66361071254296,79.49559155218373,29.363019169329075,64.1773162939297
2023-05-04,54.93012061,45.06987939,4,NONE,TRANSITION,54.20784115693411,60.05830903790087,34.7,93.8
2023-05-05,23.560998026765056,76.43900197323495,3,NONE,DEFENSIVE,37.84183697570584,30.66390041493776,32.94774631033107,26.66533705624252
2023-05-08,52.10923382631579,47.89076617368421,4,NONE,TRANSITION,53.20051000509625,61.68264110756123,36.004784688995215,86.48325358851675
2023-05-09,10.541015807480552,89.45898419251945,3,NONE,RISK_OFF,31.03147715476605,16.46792763157895,30.84979054458408,0.0
2023-05-10,20.30795831994018,79.69204168005982,2,NONE,DEFENSIVE,44.44003214536718,60.02554278416348,32.55234297108674,19.89032901296112
2023-05-11,39.383305786551105,60.616694213448895,3,NONE,DEFENSIVE,49.90883279375954,64.19805332204824,35.843793584379355,58.76668659095438
2023-05-12,11.381192533220474,88.61880746677953,2,NONE,RISK_OFF,31.93671798900465,23.24312985105937,32.951603266281616,0.0
2023-05-15,37.94654373201274,62.05345626798726,3,BOUNCE,DEFENSIVE,52.08353798536651,71.4735516372796,36.35277722476607,55.17618952817042
2023-05-16,24.917268948627143,75.08273105137286,2,NONE,DEFENSIVE,36.783041906081074,28.89074576979319,34.003183446080385,28.71070433744529
2023-05-17,45.17220283777336,54.82779716222664,3,NONE,TRANSITION,53.50639212171474,71.71506162523501,39.214711729622266,68.48906560636183
2023-05-18,42.83783406128006,57.16216593871994,4,NONE,TRANSITION,48.0954801818604,51.32478632478632,42.23812363347247,60.73345259391771
2023-05-19,39.703993301986095,60.296006698013905,4,NONE,DEFENSIVE,47.172068882920726,50.01051082615093,43.71400198609732,52.5819265143992
2023-05-22,56.4284746222156,43.5715253777844,5,NONE,RECOVERY,53.86616453769138,59.302325581395344,47.21064125471511,86.13261862219575
2023-05-23,27.31714077321429,72.68285922678571,4,NONE,DEFENSIVE,37.03071021413119,23.279983371440448,42.886904761904766,26.190476190476197
2023-05-24,18.869103522090025,81.13089647790997,3,NONE,RISK_OFF,40.22493965558492,40.85106382978724,41.22546103509816,9.15129883006147
2023-05-25,19.13990675787909,80.86009324212091,2,NONE,RISK_OFF,40.97071218913098,41.55154091392136,40.52527254707631,10.356788899900891
2023-05-26,43.86851064244947,56.13148935755053,3,NONE,TRANSITION,51.05601454995647,58.38968723584108,42.58818866428855,62.68331351565597
2023-05-29,26.018263707333993,73.981736292666,3,NONE,DEFENSIVE,40.29247662690316,32.68272425249169,39.157581764122895,26.610505450941524
2023-05-30,24.55308083617443,75.44691916382557,2,NONE,DEFENSIVE,46.9773927137683,57.158096863665456,40.47571853320119,22.249752229930625
2023-05-31,26.91239459904875,73.08760540095125,3,NONE,DEFENSIVE,41.5257711997692,36.13726721071354,38.2183908045977,29.38961553705905
2023-06-01,29.404338421854572,70.59566157814542,3,NONE,DEFENSIVE,47.628469475967215,52.76360544217688,39.01327521299783,34.148999405587475
2023-06-02,49.35269883861386,50.64730116138614,4,NONE,TRANSITION,56.5586553030535,67.53192380154908,44.0990099009901,73.36633663366337
2023-06-05,45.64454686916683,54.35545313083317,5,NONE,TRANSITION,51.88717279556894,53.52891156462584,47.05125667920048,62.66574312289729
2023-06-06,10.498772124460716,89.50122787553929,4,NONE,RISK_OFF,30.619965687809497,10.79556898288016,30.74411240847021,0.0
2023-06-07,11.56937004975272,88.43062995024728,3,NONE,RISK_OFF,42.55764390861919,54.566401340594894,33.42235410484668,0.0
2023-06-08,10.747966299208391,89.25203370079161,2,NONE,RISK_OFF,36.9928614161458,34.94601328903655,31.367504452800315,0.0
2023-06-09,14.208632059145742,85.79136794085426,2,NONE,RISK_OFF,43.96702827847507,54.61619348054679,33.05319359303935,6.100454815107775
2023-06-12,38.2710487486166,61.7289512513834,3,NONE,DEFENSIVE,51.72266383993327,59.64106844741235,37.88537549407115,54.54545454545454
2023-06-13,44.4835795687747,55.5164204312253,4,NONE,TRANSITION,50.85635595246056,53.95775549391934,40.55335968379447,65.81027667984189
2023-06-14,38.4539729244317,61.5460270755683,4,NONE,DEFENSIVE,46.73827658713503,42.82094594594594,40.60090927060684,52.56967780193714
2023-06-15,45.371759056917,54.628240943083,5,NONE,TRANSITION,52.20141165055138,54.69671440606572,42.54940711462451,66.00790513833992
2023-06-16,52.97747013102767,47.02252986897233,5,NONE,TRANSITION,56.29847469933554,61.842667806755024,46.6699604743083,79.05138339920948
2023-06-19,41.558984606066,58.441015393934,4,NONE,TRANSITION,47.14983275675406,38.38550247116969,43.62774155305276,56.71803991306066
2023-06-20,14.37007418206243,85.62992581793758,3,NONE,RISK_OFF,38.02260593323666,29.701952723535456,40.4286843145002,0.0
2023-06-21,11.013106446832445,88.98689355316756,2,NONE,RISK_OFF,32.48889627430602,17.567843297286267,32.0307874481942,0.0
2023-06-26,7.960228298028002,92.039771701972,2,NONE,RISK_OFF,30.95135396522665,17.291708899249947,24.393610727667124,0.0
2023-06-27,36.67821155443787,63.32178844556213,3,BOUNCE,DEFENSIVE,56.73763923653146,84.40871158151842,33.234714003944774,55.12820512820513
2023-06-28,22.301094409907428,77.69890559009258,2,NONE,DEFENSIVE,41.85171380030786,43.18803958728154,33.9669095922789,23.015560370297425
2023-06-29,54.978965857086614,45.021034142913386,3,NONE,TRANSITION,56.4254441139056,66.91651051426192,40.33464566929133,88.9763779527559
2023-06-30,63.33973315540035,36.66026684459965,4,NONE,RECOVERY,62.9499234856668,78.34091849400082,48.65237064725556,100.0
2023-07-03,65.36360510853154,34.636394891468456,7,GOLD,RECOVERY,60.16089825333416,62.7843873930286,53.71535286023197,100.0
2023-07-04,66.34881936700728,33.65118063299272,7,NONE,RECOVERY,59.13206673793694,60.93082835183604,56.17999606995481,100.0
2023-07-05,52.28689408456403,47.71310591543597,6,NONE,TRANSITION,45.99077976031838,27.206036470341644,53.23055773762766,71.7989002356638
2023-07-06,40.63991133396152,59.36008866603848,5,NONE,TRANSITION,46.746724601381054,40.97341337907376,51.69807616804083,47.64428739693757
2023-07-07,33.52757929803729,66.4724207019627,4,NONE,DEFENSIVE,43.410970648440426,35.81963758954909,49.38174681059863,34.10206084396467
2023-07-10,44.70088573229984,55.29911426770016,4,NONE,TRANSITION,50.00240995030705,50.65957446808511,49.97056514913658,58.04552590266876
2023-07-11,61.02114400223617,38.97885599776383,6,GOLD,RECOVERY,59.89398916266789,71.84221569450273,55.15888583758336,89.23107100823853
2023-07-12,16.926094784604825,83.07390521539517,5,NONE,RISK_OFF,34.929979345470755,16.838905775075986,46.82290645224554,0.0
2023-07-13,55.64472414133202,44.35527585866798,6,NONE,RECOVERY,61.148508471390095,78.10113519091848,53.858961802154745,78.5994123408423
2023-07-14,49.763224023658445,50.236775976341555,5,NONE,TRANSITION,49.72057652630244,42.29232386961094,51.90951821386604,67.43047395221309
2023-07-17,41.16137819426278,58.83862180573722,4,NONE,TRANSITION,47.007629511687405,41.12717368531322,49.862933228901504,50.3916193459957
2023-07-18,49.825702786200814,50.174297213799186,5,NONE,TRANSITION,51.50665585188262,50.72463768115942,50.95909179878646,68.39890389508709
2023-07-19,44.43819747628644,55.56180252371356,4,NONE,TRANSITION,47.87253347221833,43.06431273644388,50.23478771277637,57.23928781060458
2023-07-20,15.167776784848487,84.83222321515152,3,NONE,RISK_OFF,34.82792161683753,19.314005716619025,42.42424242424242,0.0
2023-07-21,14.626027695153413,85.37397230484659,2,NONE,RISK_OFF,40.59713728231602,42.71844660194175,41.06898573382842,0.0
2023-07-24,21.19947233654485,78.80052766345514,2,NONE,DEFENSIVE,43.446873607175824,49.16754478398314,39.45671291772523,15.80027359781122
2023-07-25,64.64355892109376,35.35644107890624,6,GOLD,RECOVERY,66.46818908305175,86.4941366761019,51.9140625,100.0
2023-07-26,63.070840154382196,36.929159845617804,6,NONE,RECOVERY,52.06968660012691,41.12670243499794,47.97969939488581,100.0
2023-07-27,15.723570720487805,84.2764292795122,5,NONE,RISK_OFF,37.30995202507971,25.6474000414336,43.81463414634146,0.0
2023-07-28,61.14354821515505,38.85645178484495,6,GOLD,RECOVERY,61.04192942379154,71.86012828470929,48.5859176906573,95.25063389896626
2023-07-31,65.14101341698188,34.85898658301812,7,GOLD,RECOVERY,63.94744960127717,71.78805237315875,53.15851043088322,100.0
2023-08-01,48.8655670324493,51.1344329675507,6,NONE,TRANSITION,49.868133740629965,38.162026376386855,51.75507020280812,65.600624024961
2023-08-02,36.24714870066289,63.75285129933711,5,NONE,DEFENSIVE,46.89441716293998,41.19012449883942,50.04874244492103,39.47163189705596
2023-08-03,38.78429281851852,61.21570718148148,4,NONE,DEFENSIVE,46.94095432435021,41.2,48.59649122807017,46.2962962962963
2023-08-04,40.49202790639127,59.50797209360873,4,NONE,TRANSITION,49.51795505923598,45.72801336954251,48.63600935307873,50.0
2023-08-07,15.579459278959677,84.42054072104033,3,NONE,RISK_OFF,38.38133031622761,28.926809210526315,43.45412039742841,0.0
2023-08-08,16.1182702244254,83.8817297755746,2,NONE,RISK_OFF,40.5409124949135,39.78607382550335,41.97506817296455,2.4737047136735466
2023-08-09,12.441634457290249,87.55836554270975,2,NONE,RISK_OFF,34.16930568698636,22.89452166802944,35.6044383881643,0.0
2023-08-10,29.042770516494848,70.95722948350516,3,NONE,DEFENSIVE,47.96400961058468,60.95014912654453,38.222135771250734,34.04979575957985
2023-08-11,8.391108653879062,91.60889134612094,2,NONE,RISK_OFF,29.05309428085417,10.451306413301664,25.471514680147777,0.0
2023-08-14,8.970159070950809,91.02984092904919,2,NONE,RISK_OFF,42.77313045978164,58.34548864346739,26.92008555317908,0.0
2023-08-15,8.255090099533348,91.74490990046665,2,NONE,RISK_OFF,33.6172933059006,28.3775447254781,25.13124635426794,0.0
2023-08-16,7.081880121185619,92.91811987881438,2,NONE,RISK_OFF,30.72187676248786,20.579828501429155,22.19630709426628,0.0
2023-08-17,27.182157004099476,72.81784299590052,3,BOUNCE,DEFENSIVE,52.71991097115058,78.94199346405229,27.77346026811735,39.11987565572178
2023-08-18,7.174170833980583,92.82582916601942,2,NONE,RISK_OFF,31.18134171404584,19.92746322788636,22.42718446601942,0.0
2023-08-21,6.340487135403728,93.65951286459627,2,NONE,RISK_OFF,32.466155670946314,26.544481054365733,20.3416149068323,0.0
2023-08-22,6.125580505511352,93.87441949448865,2,NONE,RISK_OFF,40.47562515428584,50.94533497739416,19.80399767125946,0.0
2023-08-23,4.587138789815712,95.41286121018429,2,NONE,RISK_OFF,26.9342945957085,11.45688800792864,15.955383123181376,0.0
2023-08-24,4.211434708491664,95.78856529150833,2,NONE,RISK_OFF,36.83793233732197,44.83113673805602,15.015509887553316,0.0
2023-08-25,3.04507692349748,96.95492307650252,2,NONE,RISK_OFF,28.569829245276235,16.873996789727126,12.097712291585887,0.0
2023-08-28,4.921821364922481,95.07817863507752,3,BOUNCE,RISK_OFF,48.1773699724056,70.8088384350294,16.79263565891473,0.0
2023-08-29,42.8474315131783,57.1525684868217,4,NONE,TRANSITION,64.33837523997356,91.38473642800945,33.48837209302326,68.4108527131783
2023-08-30,47.34661031453488,52.65338968546512,5,NONE,TRANSITION,55.54316468711279,61.87108506769045,39.428294573643406,73.06201550387597
2023-08-31,21.623581227727186,78.37641877227281,4,NONE,DEFENSIVE,40.37582195931801,34.9814585908529,36.86301104437125,18.998256151908546
2023-09-01,40.267543650707225,59.732456349292775,4,NONE,TRANSITION,49.347786713961085,53.51184346035015,39.21720596783569,57.75043596202286
2023-09-04,64.8890096764045,35.1109903235955,6,GOLD,RECOVERY,65.50326116848441,81.25125325847202,52.52808988764045,100.0
2023-09-05,47.65317451417506,52.34682548582494,5,NONE,TRANSITION,45.930685210577785,30.85348212440587,48.62509682416732,65.6855151045701
2023-09-06,64.37375377241045,35.62624622758955,6,NONE,RECOVERY,56.080820898885264,55.40400909278777,51.23910939012585,100.0
2023-09-07,18.423057245993032,81.57694275400696,5,NONE,RISK_OFF,31.730900008452934,8.815971535876654,39.44057297715834,9.736740224545104
2023-09-08,24.890895259550998,75.109104740449,4,NONE,DEFENSIVE,44.80443153366795,54.12534289934585,40.12966905360945,23.292045674472615
2023-09-11,56.691093476117665,43.308906523882335,6,GOLD,RECOVERY,59.86455589466257,74.42669942669943,48.90652215986066,85.2235339655506
2023-09-12,51.783528190715664,48.216471809284336,5,NONE,TRANSITION,48.27001487376083,40.92943935195054,48.81044487427466,74.56479690522244
2023-09-13,27.227977308704062,72.77202269129594,2,SILVER,DEFENSIVE,35.25942449641968,16.389789303079418,38.44294003868472,29.88394584139265
2023-09-14,11.884078399613156,88.11592160038684,2,SILVER,RISK_OFF,32.70026517821802,23.45502753416276,32.33075435203095,1.6441005802707909
2023-09-15,25.0277250147002,74.9722749852998,3,NONE,DEFENSIVE,44.1891490523645,52.446675031367626,34.26499032882012,28.723404255319156
2023-09-18,41.94963298387471,58.05036701612529,4,NONE,TRANSITION,53.30908123959721,67.24102564102564,41.67633410672854,59.28074245939675
2023-09-19,15.725325288208005,84.27467471179199,3,NONE,RISK_OFF,32.85547008673851,20.41607179277993,32.40866035182679,9.984535086023588
2023-09-20,9.12798356580321,90.8720164341968,2,NONE,RISK_OFF,30.769633264224964,20.716059602649008,27.31490431084477,0.0
2023-09-21,6.524494022705315,93.47550597729469,2,NONE,RISK_OFF,29.39497914394392,20.04915011263568,20.80193236714976,0.0
2023-09-22,39.15078224630095,60.84921775369905,3,BOUNCE,DEFENSIVE,58.28577969908555,89.49871210620171,32.035928143712574,61.58972377824995
2023-09-25,24.14153047445905,75.85846952554095,2,NONE,DEFENSIVE,38.20204313723995,31.5586262954684,28.48724884080372,31.83925811437404
2023-09-26,8.272105365469292,91.72789463453071,2,SILVER,RISK_OFF,33.74890668605451,29.39343581221437,25.17381228273464,0.0
2023-09-27,23.851963901467464,76.14803609853254,2,NONE,DEFENSIVE,46.46898489418728,58.85702235343737,28.412821007916587,31.270515543541222
2023-09-28,38.60884541939722,61.39115458060278,3,NONE,DEFENSIVE,55.42987451865766,74.487284659557,37.96367851622875,55.216383307573416
2023-10-09,11.627692909963315,88.37230709003668,2,NONE,RISK_OFF,38.24249687952586,32.46883795737837,33.568256420158335,0.0
2023-10-10,10.93583514520363,89.06416485479637,2,NONE,RISK_OFF,38.59678226281697,36.350485637528415,31.83748311136846,0.0
2023-10-11,12.235893789287784,87.76410621071221,2,NONE,RISK_OFF,43.53369713769176,49.9378367177787,35.089751013317894,0.0
2023-10-12,42.77484827105365,57.22515172894635,3,NONE,TRANSITION,54.558110793859925,65.50092573544538,39.791586260131226,62.73639521420301
2023-10-13,12.055765137128525,87.94423486287147,2,NONE,RISK_OFF,35.99275024731738,24.502512562814072,34.63913546893092,0.0
2023-10-16,10.553011497954854,89.44698850204514,2,NONE,RISK_OFF,36.728235005608006,29.35292916921821,30.879799344009264,0.0
2023-10-17,10.433467680667569,89.56653231933242,2,NONE,RISK_OFF,39.59705720659253,43.37909186906019,30.580744742427168,0.0
2023-10-18,6.799220780709878,93.20077921929013,2,NONE,RISK_OFF,28.1903047782923,9.341950646298477,21.4891975308642,0.0
2023-10-19,5.408460282259932,94.59153971774006,2,NONE,RISK_OFF,31.71332683779786,22.13552361396304,18.010026995757812,0.0
2023-10-20,3.818440219814957,96.18155978018504,2,NONE,RISK_OFF,31.45853831100896,25.695446115804653,14.032382420971471,0.0
2023-10-23,2.427674846838859,97.57232515316115,2,NONE,RISK_OFF,25.915706491568223,8.635477582846002,10.55319969159599,0.0
2023-10-24,20.39406504537394,79.60593495462606,3,BOUNCE,DEFENSIVE,54.60425780217595,89.78346456692914,16.200848111025444,34.38704703161141
2023-10-25,29.90390853025048,70.09609146974952,3,NONE,DEFENSIVE,53.598264530788775,77.7533039647577,23.689788053949904,48.65125240847784
2023-10-26,31.38875142716763,68.61124857283237,3,NONE,DEFENSIVE,47.52609425568337,56.747833264548085,26.74373795761079,49.22928709055876
2023-10-27,55.27592698882467,44.72407301117533,6,GOLD,RECOVERY,62.12838004862289,78.56573705179282,38.71868978805395,91.04046242774568
2023-10-30,63.19294621136801,36.80705378863199,6,NONE,RECOVERY,63.591430633456326,71.94331983805668,48.285163776493256,100.0
2023-10-31,53.76907663911034,46.23092336088966,5,NONE,TRANSITION,50.57581136690287,39.17610710607621,46.63970729828616,80.8107067205854
2023-11-01,60.18239393522617,39.81760606477383,6,NONE,RECOVERY,55.65565860668479,54.82328482328482,49.2781520692974,92.54090471607314
2023-11-02,32.8475537965358,67.1524462034642,5,NONE,DEFENSIVE,38.06605329046712,16.974317817014445,43.14857582755966,38.06774441878368
2023-11-03,53.17196152431704,46.82803847568296,5,NONE,TRANSITION,60.81195653601631,77.16503267973856,52.654867256637175,74.24009234320891
2023-11-06,70.1135319135182,29.8864680864818,7,GOLD,RISK_ON,71.30256506696696,89.82816511949436,65.59792027729637,100.0
2023-11-07,71.01141011809432,28.988589881905682,7,NONE,RISK_ON,61.38119498051565,57.82312925170068,67.84408084696824,100.0
2023-11-08,71.32643865494421,28.673561345055788,7,NONE,RISK_ON,58.70741717815156,46.51355265880406,68.63216621777606,100.0
2023-11-09,62.76515482780451,37.23484517219549,6,NONE,RECOVERY,51.21519455101122,28.976215098241987,67.19261112180104,82.51876082355206
2023-11-10,58.639727974874944,41.360272025125056,6,NONE,RECOVERY,53.08477116709982,42.50738708315745,66.33320507887649,74.24009234320891
2023-11-13,72.74956640384616,27.25043359615384,7,GOLD,RISK_ON,67.04626651708016,76.31418713212909,72.1923076923077,100.0
2023-11-14,73.6202004457412,26.379799554258796,7,NONE,RISK_ON,62.47891597152283,59.58483372166914,74.37031340126899,100.0
2023-11-15,75.21334297211538,24.786657027884615,8,GOLD,RISK_ON,65.89860010159661,66.63199500728105,78.35576923076924,100.0
2023-11-16,63.233458023932286,36.766541976067714,7,NONE,RECOVERY,48.38050584893542,18.021844660194176,72.76837245094268,78.66487110427087
2023-11-17,74.16391552510574,25.836084474894264,7,GOLD,RISK_ON,66.12025168053877,74.35152521269973,75.73048827374087,100.0
2023-11-20,75.45205143064362,24.54794856935638,8,NONE,RISK_ON,69.29258915052444,77.32463295269167,78.95292987512008,100.0
2023-11-21,74.61671857372264,25.383281426277364,7,NONE,RISK_ON,57.227380642026816,33.56443719412724,76.86323472915866,100.0
2023-11-22,69.85445974448713,30.14554025551287,7,NONE,RECOVERY,50.70845388132692,22.0755848830234,65.67422205147906,99.36611601997694
2023-11-23,73.12148834897253,26.878511651027466,7,GOLD,RISK_ON,67.98515011858419,81.11958266452648,73.12271941617054,100.0
2023-11-24,63.74815764728355,36.25184235271645,6,NONE,RECOVERY,48.524453783242095,21.80586007574248,59.42599347283548,91.46669226339029
2023-11-27,56.7525105758687,43.2474894241313,6,NONE,RECOVERY,55.42881404928116,49.91796554552913,58.37972739489346,77.06853522749088
2023-11-28,65.95288436799845,34.04711563200155,7,NONE,RECOVERY,64.0022989505347,73.12333810595214,64.69458317326162,91.68267383787936
2023-11-29,36.21688695495392,63.78311304504608,6,NONE,DEFENSIVE,42.73713864025075,23.03802588996764,57.69009216589862,32.71889400921659
2023-11-30,18.568364174615976,81.43163582538402,2,SILVER,RISK_OFF,40.018379894565975,29.806320081549444,50.93125960061444,0.0
2023-12-01,42.09700781448858,57.90299218551142,3,NONE,TRANSITION,53.65352867735801,58.31970564186428,54.62483208597197,48.272884283246974
2023-12-04,34.22884744395393,65.77115255604608,3,NONE,DEFENSIVE,48.87623239961694,45.69427276473012,54.68330134357006,30.998080614203456
2023-12-05,14.064442928598849,85.93555707140115,2,NONE,RISK_OFF,33.02414809577003,12.159002338269682,39.6641074856046,0.0
2023-12-06,15.561598678933231,84.43840132106676,2,NONE,RISK_OFF,48.27631916796067,64.6371976647206,43.409439754412894,0.0
2023-12-07,14.67576088058327,85.32423911941673,2,NONE,RISK_OFF,40.49187721218675,37.5,41.19339984650806,0.0
2023-12-08,11.583618187802074,88.41638181219793,2,NONE,RISK_OFF,36.958604764648285,27.90744065429882,33.45799769850403,0.0
2023-12-11,26.49969882722393,73.50030117277606,3,NONE,DEFENSIVE,54.97214652730794,76.99558764540714,39.704754601227,27.18558282208589
2023-12-12,49.045237821572385,50.954762178427615,4,NONE,TRANSITION,54.02689195828152,61.32134643529166,43.29817833173538,73.39405560882071
2023-12-13,27.49513574250671,72.5048642574933,3,NONE,DEFENSIVE,40.76115741267871,30.197421434327158,41.30893062476045,27.960904561134537
2023-12-14,15.801966399252732,84.19803360074727,2,NONE,RISK_OFF,40.73526854128222,40.71072319201995,40.95612186242575,2.672925847863572
2023-12-15,13.286489138283194,86.7135108617168,2,NONE,RISK_OFF,37.39097093279521,31.296144380639863,37.71795363096378,0.0
2023-12-18,10.345316223931789,89.65468377606821,2,NONE,RISK_OFF,31.872941073889734,16.00705329153605,30.360222264801685,0.0
2023-12-19,10.549187030113092,89.45081296988691,2,NONE,RISK_OFF,41.66256866406199,53.41050020669699,30.87023193406172,0.0
2023-12-20,9.05264572528736,90.94735427471264,2,NONE,RISK_OFF,32.75906111973147,22.60782347041123,27.1264367816092,0.0
2023-12-21,9.983072940804599,90.0169270591954,2,NONE,RISK_OFF,47.10478114126423,70.00206313183412,29.454022988505745,0.0
2023-12-22,7.312572737847156,92.68742726215284,2,NONE,RISK_OFF,32.237848500675824,21.179517832237497,22.773415054587243,0.0
2023-12-25,7.102443995960177,92.89755600403983,2,NONE,RISK_OFF,36.33435327007846,39.43917692152512,22.24775033505648,0.0
2023-12-26,5.937641619295559,94.06235838070444,2,NONE,RISK_OFF,28.790102654089345,15.310344827586208,19.333843797856048,0.0
2023-12-27,10.793831744316881,89.20616825568312,2,NONE,RISK_OFF,46.21393917108906,73.37911533023632,21.7948717948718,8.476846536548033
2023-12-28,43.987746943759575,56.012253056240425,3,NONE,TRANSITION,60.37148260405788,84.75142464138338,33.31738131699847,71.05666156202145
2023-12-29,62.49066843293802,37.50933156706198,6,GOLD,RECOVERY,65.06939732202835,84.27824688379573,46.83435348125479,99.73221117061972
2024-01-02,64.67729992746223,35.32270007253777,6,NONE,RECOVERY,58.42235195004306,55.48866144892634,51.998470070759225,100.0
2024-01-03,47.238970531784275,52.761029468215725,5,NONE,TRANSITION,48.76305806413917,37.87661406025825,49.560145343277874,63.96060432205011
2024-01-04,41.1147430667304,58.8852569332696,4,NONE,TRANSITION,45.8822239112836,35.985236825917575,47.5717017208413,52.29445506692161
2024-01-05,12.934769513917034,87.06523048608297,2,SILVER,RISK_OFF,31.55620573131104,9.30866601752678,36.83808067291149,0.0
2024-01-08,7.763310084212537,92.23668991578747,2,NONE,RISK_OFF,27.834034665110696,7.158098933074686,23.900993883792047,0.0
2024-01-09,9.661918003746178,90.33808199625382,3,BOUNCE,RISK_OFF,45.92090106273948,67.62722256284488,28.650611620795107,0.0
2024-01-10,8.235090756525894,91.76490924347411,2,NONE,RISK_OFF,33.064546784468064,24.94945410432673,25.081215364035923,0.0
2024-01-11,37.78953018037455,62.21046981962545,3,NONE,DEFENSIVE,57.80444241563774,85.83267561168113,33.79514618765527,57.0705140454806
2024-01-12,15.895379288727554,84.10462071127245,2,NONE,RISK_OFF,35.87716479866735,26.848484848484848,31.20940007642339,11.406190294230036
2024-01-15,10.014241874021014,89.98575812597899,2,NONE,RISK_OFF,37.40047617259543,38.60045146726863,29.53199617956065,0.0
2024-01-16,9.221823085141331,90.77817691485868,2,NONE,RISK_OFF,35.99064155609726,31.403615681495022,27.549656226126817,0.0
2024-01-17,5.097911671204889,94.90208832879512,2,NONE,RISK_OFF,24.873165158364834,5.054776090716895,17.23314874928394,0.0
2024-01-18,4.2876552329896915,95.71234476701031,2,NONE,RISK_OFF,35.338601022173016,31.76564368274213,15.20618556701031,0.0
2024-01-19,7.745807256106869,92.25419274389313,2,NONE,RISK_OFF,29.766887662382786,19.661483959850425,13.606870229007631,8.969465648854962
2024-01-22,1.106913618580695,98.89308638141931,2,NONE,RISK_OFF,21.3931015240372,2.6190021028484054,7.249141549027089,0.0
2024-01-23,1.5034499253338425,98.49655007466616,2,NONE,RISK_OFF,38.966934560138526,57.70386696052895,8.241129339946585,0.0
2024-01-24,22.36970187878672,77.63029812121329,2,NONE,DEFENSIVE,49.39027989979176,76.61386138613861,10.930942388401371,43.32315909958031
2024-01-25,42.28867632669209,57.71132367330791,5,GOLD,TRANSITION,59.96144636486487,92.07539911521448,17.397521448999047,81.26787416587227
2024-01-26,39.87915897696415,60.12084102303585,4,NONE,DEFENSIVE,43.20807865709168,41.12355057976809,18.554538520213576,74.98093058733791
2024-01-29,3.3601896953488373,96.63981030465116,2,SILVER,RISK_OFF,24.12340327345436,8.939949797258157,12.886008387342738,0.0
2024-01-30,1.7530697775977127,98.24693022240228,2,SILVER,RISK_OFF,21.80963428279233,5.719769673704417,8.865586272640611,0.0
2024-01-31,0.8989672534883721,99.10103274651163,2,NONE,RISK_OFF,22.36609051619035,9.167950693374422,6.728936332443766,0.0
2024-02-01,0.5217830093023259,99.47821699069767,2,NONE,RISK_OFF,26.768698781697324,20.424194815396703,5.785360274494853,0.0
2024-02-02,0.16402111506196393,99.83597888493803,2,NONE,RISK_OFF,22.08315873172652,7.201843671980029,4.890371782650143,0.0
2024-02-05,0.0,100.0,2,NONE,RISK_OFF,18.670870791626665,8.025282512928555,4.364398704021346,0.0
2024-02-06,1.4571712786626023,98.5428287213374,3,BOUNCE,RISK_OFF,45.06261927170086,73.06579201234807,8.125357210897313,0.0
2024-02-07,3.1897040515717263,96.81029594842828,2,NONE,RISK_OFF,34.39375688611428,41.83120402632598,12.459516098304436,0.0
2024-02-08,32.753990576190475,67.24600942380953,3,NONE,DEFENSIVE,58.71300057013491,90.60454370427416,16.0,61.61904761904762
2024-02-19,38.17881468137852,61.82118531862148,4,NONE,DEFENSIVE,53.189735909436365,80.56256062075656,18.478674790555974,71.32520944402133
2024-02-20,38.6713788835872,61.3286211164128,4,NONE,DEFENSIVE,46.03653736855774,69.44388676972495,20.363670982482866,70.75399847677075
2024-02-21,37.90166840376999,62.09833159623001,4,NONE,DEFENSIVE,50.67150586687946,79.33439617377441,24.095582635186595,65.8035034272658
2024-02-22,42.33564215472202,57.66435784527798,4,NONE,TRANSITION,53.23049640985407,88.5160774915119,30.83587204874334,69.61157654226962
2024-02-23,52.650715364368686,47.349284635631314,5,NONE,TRANSITION,56.87328442007945,84.2281879194631,41.40163778327938,82.94610550371357
2024-02-26,56.733496858095236,43.266503141904764,6,NONE,RECOVERY,55.517780476539656,71.3206046141607,49.86666666666667,84.47619047619048
2024-02-27,67.21657070906494,32.78342929093506,7,GOLD,RECOVERY,65.21419143725859,95.021227325357,58.350790325652255,100.0
2024-02-28,39.42507588857143,60.57492411142857,6,NONE,DEFENSIVE,31.23205516715058,4.81488586226741,36.17142857142857,58.57142857142858
2024-02-29,55.245092076423546,44.754907923576454,6,NONE,RECOVERY,63.291919789800346,98.3355653338435,53.33269853361264,78.18510759855266
2024-03-01,67.00341712308132,32.99658287691868,7,NONE,RECOVERY,56.18728062876697,68.91701828410689,57.81755856027423,100.0
2024-03-04,67.13601774021325,32.86398225978675,7,NONE,RECOVERY,47.85958047149334,39.58168902920284,58.14927646610815,100.0
2024-03-05,56.804236139870525,43.195763860129475,2,SILVER,RECOVERY,37.895576916094896,17.379471228615863,53.322543792840825,81.6070068545316
2024-03-06,61.35673719163968,38.64326280836032,3,NONE,RECOVERY,53.314604879825765,66.59309791332262,57.52237669015425,87.89754332508093
2024-03-07,57.99423243825938,42.00576756174062,4,NONE,RECOVERY,42.27511838878339,28.997020854021848,54.55151399733384,83.13654541992001
2024-03-08,63.101162947753224,36.898837052246776,5,NONE,RECOVERY,54.53654396997464,71.3038180341186,56.45468392993145,92.65041888804264
2024-03-11,68.87897763929931,31.121022360700692,6,NONE,RECOVERY,61.97855359462069,85.63611491108072,62.509520182787504,100.0
2024-03-12,69.51236560966882,30.48763439033118,7,GOLD,RECOVERY,60.50709834169327,71.13748763600395,64.09402360106586,100.0
2024-03-13,69.07108529371907,30.928914706280935,7,NONE,RECOVERY,52.13547598892072,43.31853048041987,62.990102778835166,100.0
2024-03-14,61.218486263280056,38.781513736719944,6,NONE,RECOVERY,46.60521184766343,30.0,59.82686453576864,85.57838660578386
2024-03-15,69.91445567583254,30.085544324167458,7,GOLD,RECOVERY,64.73746544707724,83.99209486166008,65.0999048525214,100.0
2024-03-18,72.37307938203274,27.626920617967258,7,GOLD,RISK_ON,68.8035533999863,88.04241115256234,71.25047582794062,100.0
2024-03-19,71.62451917043379,28.375480829566214,7,NONE,RISK_ON,52.40015265341237,33.17269076305221,69.37785388127854,100.0
2024-03-20,73.00663349029496,26.99336650970504,7,GOLD,RISK_ON,64.20759098259728,76.04485219164118,72.83539486203617,100.0
2024-03-21,72.39104358057827,27.60895641942173,7,NONE,RISK_ON,55.387628335125214,43.10064935064935,71.29541563629446,100.0
2024-03-22,48.53567621135629,51.46432378864371,6,NONE,TRANSITION,41.36371543189251,16.866074874565808,60.06277344493057,57.60890241582651
2024-03-25,16.089812055944453,83.91018794405555,2,SILVER,RISK_OFF,30.772735274131637,13.533980582524274,44.73083507704013,0.0
2024-03-26,16.15863508394827,83.84136491605173,2,NONE,RISK_OFF,41.17669206403682,49.15628766572921,44.90300494484595,0.0
2024-03-27,8.850615118786843,91.14938488121315,2,NONE,RISK_OFF,26.373207331938392,10.928750724078007,26.621030614185205,0.0
2024-03-28,33.252976102396346,66.74702389760365,3,BOUNCE,DEFENSIVE,56.41346514540936,87.89670806229056,36.82959300114111,44.48459490300495
2024-03-29,48.447315853717434,51.552684146282566,4,NONE,TRANSITION,56.244938514531775,74.62981243830207,45.50294732838943,70.15592317931166
2024-04-01,68.27693080855188,31.72306919144812,7,GOLD,RECOVERY,67.80005162410825,88.45256609642303,61.003420752565575,100.0
2024-04-02,67.85911152881035,32.140888471189655,7,NONE,RECOVERY,54.38533177960585,43.74003189792664,59.95819080197644,100.0
2024-04-03,60.392324308171794,39.607675691828206,6,NONE,RECOVERY,48.58617625576085,33.70897587979439,54.114405169137214,88.7685290763968
2024-04-08,13.809834437184119,86.19016556281588,2,SILVER,RISK_OFF,30.833168803030095,14.702472952086554,39.02717081512446,0.0
2024-04-09,46.83154863706798,53.16845136293202,3,NONE,TRANSITION,56.984962264336815,79.54234304713475,47.35093049753133,65.00189897455374
2024-04-10,12.760987546107101,87.2390124538929,2,NONE,RISK_OFF,30.714382576709585,17.56210283073368,36.40334219521458,0.0
2024-04-11,25.370072014394225,74.62992798560578,3,NONE,DEFENSIVE,43.5447479659717,51.99355618203786,38.15039878465628,26.072920622863656
2024-04-12,12.21937003153598,87.78062996846401,2,NONE,RISK_OFF,33.68331965180159,28.500986193293887,35.04841465730017,0.0
2024-04-15,8.661877899316368,91.33812210068363,2,NONE,RISK_OFF,30.846525499457535,23.20431349894088,26.14887960501329,0.0
2024-04-16,4.842373540174672,95.15762645982532,2,NONE,RISK_OFF,20.950052375162397,5.128205128205127,16.593886462882097,0.0
2024-04-17,40.29508605161413,59.70491394838587,3,BOUNCE,TRANSITION,60.67450842788119,96.71316644372251,24.70565894417015,70.50892518040258
2024-04-18,41.66847217865553,58.33152782134447,4,NONE,TRANSITION,41.67047806157322,40.73122529644269,26.405241169768324,72.02810482339537
2024-04-19,26.794182241321685,73.20581775867831,2,SILVER,DEFENSIVE,35.04823936482473,32.15694006309148,26.95594379035321,38.98594758830232
2024-04-22,21.4938584671415,78.50614153285849,2,NONE,DEFENSIVE,35.10515311779791,36.7800275211323,26.50522317188984,27.77777777777778
2024-04-23,20.572414035182373,79.42758596481762,2,NONE,DEFENSIVE,42.212649904347856,62.381703470031546,26.158814589665656,26.06382978723404
2024-04-24,32.43300013985562,67.56699986014438,3,NONE,DEFENSIVE,51.202927239563465,81.13991688106076,32.81724924012158,46.20060790273556
2024-04-25,39.931928853866616,60.068071146133384,4,NONE,DEFENSIVE,46.08943136211941,57.06848217861433,35.07505225156755,60.64031920957629
2024-04-26,50.12245561449772,49.87754438550228,5,NONE,TRANSITION,56.60362324146844,75.71146245059288,44.24467275494672,74.92389649923896
2024-04-29,69.61997434226157,30.38002565773843,7,GOLD,RECOVERY,67.98824313030582,85.81120372165148,64.36322101656197,100.0
2024-04-30,66.15806253216329,33.841937467836715,7,NONE,RECOVERY,50.74044981208411,36.76558454491137,60.520793590232735,95.78405188859212
2024-05-06,72.90577973684711,27.09422026315289,7,GOLD,RISK_ON,68.61555287408771,86.91826359014469,72.58309591642926,100.0
2024-05-07,74.20407766847103,25.79592233152897,7,NONE,RISK_ON,59.89367876200264,59.31753167143441,75.8309591642925,100.0
2024-05-08,60.40953065702071,39.59046934297929,6,NONE,RECOVERY,43.70357432640852,18.236785644626487,68.49705491164735,76.2207866235987
2024-05-09,74.3293520302944,25.6706479697056,7,GOLD,RISK_ON,66.02484277716908,82.9673590504451,76.14434947768281,100.0
2024-05-10,64.76527319840486,35.234726801595144,6,NONE,RECOVERY,47.0743395361731,25.747800586510262,69.64489175845043,84.75123433345992
2024-05-13,52.27792135091185,47.72207864908815,2,SILVER,TRANSITION,41.51032459365662,21.23514513929476,57.71276595744681,67.85714285714286
2024-05-14,62.17468561207289,37.82531438792711,3,NONE,RECOVERY,56.98616560234287,67.76659959758551,62.52847380410023,85.30751708428245
2024-05-15,45.71758272493832,54.28241727506168,4,NONE,TRANSITION,40.186173957360985,24.42021803766105,56.93680015183147,54.17536534446764
2024-05-16,53.77368812539382,46.22631187460618,5,NONE,TRANSITION,51.45564418392362,54.72194135490395,58.654393623078384,70.3074587208199
2024-05-17,69.28287559127135,30.71712440872865,7,GOLD,RECOVERY,63.19945232372106,78.73141724479683,63.51992409867173,100.0
2024-05-20,69.52230000812762,30.477699991872385,7,NONE,RECOVERY,58.02848449539728,53.640386162510055,64.11887580706419,100.0
2024-05-21,41.44918653875498,58.55081346124502,6,NONE,TRANSITION,40.68694850393799,21.28245476003147,54.93452267982539,46.58379199089011
2024-05-22,53.66665955521822,46.33334044478178,5,NONE,TRANSITION,54.22154873075863,60.51937512680057,56.005692599620495,72.39089184060721
2024-05-23,13.580519953700191,86.41948004629981,4,NONE,RISK_OFF,30.619543951121425,13.56062057077188,38.45351043643264,0.0
2024-05-24,10.959839516318787,89.0401604836812,3,NONE,RISK_OFF,32.02201966868567,24.626419605499105,31.89753320683112,0.0
2024-05-27,17.792036393204256,82.20796360679574,2,NONE,RISK_OFF,45.654469356655646,66.07321464292859,34.36788154897494,12.794229309035693
2024-05-28,10.961915905353077,89.03808409464692,2,NONE,RISK_OFF,30.404236329947697,21.14442484812855,28.9958238420653,2.5436598329536872
2024-05-29,11.719468509796851,88.28053149020315,2,NONE,RISK_OFF,39.921785521425605,53.76499793131981,29.59939244351623,3.673818112777677
2024-05-30,8.568819298670972,91.43118070132903,2,NONE,RISK_OFF,33.153169065096364,31.237444756930493,25.916081260679704,0.0
2024-05-31,11.523404067843586,88.47659593215641,2,NONE,RISK_OFF,43.4381231739624,63.99674730636309,28.881928625664383,3.8724373576309863
2024-06-03,7.282747912829758,92.71725208717024,2,NONE,RISK_OFF,29.89885743652541,16.705246913580247,22.69880432719681,0.0
2024-06-04,7.134403314239607,92.8655966857604,2,NONE,RISK_OFF,35.8091905503115,39.68285431119921,22.327700778431748,0.0
2024-06-05,5.1850469989941175,94.81495300100588,2,NONE,RISK_OFF,26.317669471051307,11.97278911564626,17.451129246536347,0.0
2024-06-06,3.336731442314991,96.66326855768502,2,NONE,RISK_OFF,25.498072172600367,9.118832789402958,12.827324478178369,0.0
2024-06-07,3.701196132320546,96.29880386767945,3,BOUNCE,RISK_OFF,44.77808352673201,77.91015625,13.739080896315988,0.0
2024-06-11,15.208574852116953,84.79142514788305,2,NONE,RISK_OFF,41.20720340233096,58.69824840764332,14.894626922346689,24.178849439908863
2024-06-12,24.584632767741937,75.41536723225806,2,NONE,DEFENSIVE,48.55777079666708,77.2253408179631,17.73244781783681,42.22011385199241
2024-06-13,5.503325352352049,94.49667464764795,2,NONE,RISK_OFF,32.162838256927614,32.56644188813963,18.24734446130501,0.0
2024-06-14,13.952859011983314,86.04714098801668,2,NONE,RISK_OFF,39.381683642453936,51.93640440277212,18.64808494501327,18.14562002275313
2024-06-17,8.302960143352932,91.69703985664707,2,NONE,RISK_OFF,32.08778254002356,30.099601593625497,19.258486630001897,5.243694291674572
2024-06-18,26.260204076597763,73.73979592340224,3,NONE,DEFENSIVE,49.93996174016841,76.6845557543232,24.30305329034705,40.13844111511474
2024-06-19,7.509108021274174,92.49089197872583,2,NONE,RISK_OFF,32.54777847173613,30.073398135290617,23.2650739476678,0.0
2024-06-20,5.335162978551109,94.66483702144889,2,NONE,RISK_OFF,27.215654543387245,15.140981073773656,17.826664138061822,0.0
2024-06-21,5.557404982783464,94.44259501721653,2,NONE,RISK_OFF,35.72278934419854,46.2341383544822,18.38263177853621,0.0
2024-06-24,2.797622708530806,97.20237729146919,2,NONE,RISK_OFF,22.888647615390752,5.953062392673153,11.47867298578199,0.0
2024-06-25,2.6009687724857686,97.39903122751423,2,NONE,RISK_OFF,37.04977184267882,54.96912965544713,10.986717267552182,0.0
2024-06-26,26.242385542654027,73.75761445734597,3,NONE,DEFENSIVE,53.49296901540702,90.8495472933924,16.454976303317537,46.96682464454977
2024-06-27,3.2333572725118493,96.76664272748815,2,NONE,RISK_OFF,23.856612501283323,9.658762290341238,12.56872037914692,0.0
2024-06-28,4.6214876623270795,95.37851233767292,2,NONE,RISK_OFF,39.13093687445914,59.14436334144363,16.041311351146483,0.0
2024-07-01,20.673963965402844,79.32603603459715,2,NONE,DEFENSIVE,45.77923577208145,69.0923472414475,19.639810426540283,31.99052132701422
2024-07-02,17.77998948271418,82.22001051728583,2,NONE,RISK_OFF,39.12820497642348,46.54828411811652,23.009855951478396,22.706595905989385
2024-07-03,6.206203266830934,93.79379673316906,2,NONE,RISK_OFF,29.808391572714505,25.35606820461384,20.00568612585292,0.0
2024-07-04,2.745785679689276,97.25421432031072,2,NONE,RISK_OFF,22.963458877292364,7.581849511774841,11.348995831754452,0.0
2024-07-05,3.68596030113701,96.31403969886298,3,BOUNCE,RISK_OFF,43.006749521824936,75.96729158356601,13.700966458214896,0.0
2024-07-08,2.036034470616114,97.96396552938388,2,NONE,RISK_OFF,22.905768334272317,8.409785932721714,9.57345971563981,0.0
2024-07-09,8.179427875516392,91.8205721244836,3,BOUNCE,RISK_OFF,47.85409653750353,82.49065512492622,14.146295243509572,9.446655296570022
2024-07-10,8.745532615081473,91.25446738491853,2,NONE,RISK_OFF,31.40093812327578,29.01369319309387,13.821523304281923,10.970064418340286
2024-07-11,38.80038950193219,61.19961049806781,3,BOUNCE,DEFENSIVE,60.05650146889781,93.9632042928325,25.13733661678349,66.85925364652397
2024-07-12,35.68618501812843,64.31381498187157,4,NONE,DEFENSIVE,41.41118551133617,38.1906496660595,25.57302519416556,59.660920628906986
2024-07-15,21.016068383333334,78.98393161666667,2,SILVER,DEFENSIVE,30.38679407241408,16.456433145740345,19.393939393939394,32.95454545454546
2024-07-16,21.632573440151514,78.36742655984848,2,NONE,DEFENSIVE,39.88420840250837,47.92176039119804,22.234848484848484,31.818181818181817
2024-07-17,9.471084749412658,90.52891525058735,2,NONE,RISK_OFF,32.63666999161812,31.057749553482832,21.04964001515725,6.233421750663137
2024-07-18,6.68788877840091,93.3121112215991,2,NONE,RISK_OFF,35.81059866529812,41.8200408997955,21.21068586585828,0.0
2024-07-19,37.97982169207883,62.02017830792117,3,NONE,DEFENSIVE,47.7966450560338,61.0751818916734,23.94352851999242,66.10763691491377
2024-07-22,29.510717552416146,70.48928244758386,3,NONE,DEFENSIVE,45.193711155729325,56.84125050751116,25.27951487587644,46.39946939548986
2024-07-23,4.93836751845396,95.06163248154604,2,NONE,RISK_OFF,25.8805619646738,10.627177700348431,16.834028040924593,0.0
2024-07-24,3.5485963011367936,96.4514036988632,2,NONE,RISK_OFF,26.708643183037807,14.693877551020408,13.357332322849564,0.0
2024-07-25,4.204856043983323,95.79514395601667,2,NONE,RISK_OFF,41.18970604545781,67.5807434491164,14.99905249194618,0.0
2024-07-26,35.637970169672286,64.36202983032771,3,NONE,DEFENSIVE,54.26715251849289,86.31558339859045,21.33926880090926,63.26008713771547
2024-07-29,29.774664000890315,70.22533599910969,3,NONE,DEFENSIVE,41.8769867787084,45.97607946482871,23.77344193976132,48.29513165372229
2024-07-30,32.216750853977274,67.78324914602273,3,NONE,DEFENSIVE,48.67108032017671,66.08363490148774,29.232954545454547,48.86363636363637
2024-07-31,64.32898220035992,35.67101779964008,6,GOLD,RECOVERY,71.10526690513021,95.47450830628222,51.12710740670582,100.0
2024-08-01,64.27605176816976,35.723948231830235,6,NONE,RECOVERY,53.83862440511209,42.6625386996904,50.99469496021221,100.0
2024-08-02,49.0824671382882,50.9175328617118,5,NONE,TRANSITION,41.80398853691772,18.649074438755413,42.64343874266237,74.04847566748722
2024-08-05,8.760867773584552,91.23913222641545,2,SILVER,RISK_OFF,28.969802713498133,9.264620729588884,26.39651581139936,0.0
2024-08-06,45.93164440280197,54.06835559719803,3,BOUNCE,TRANSITION,60.37096158008231,91.0303498936787,37.362741385838696,71.77205603937902
2024-08-07,45.89073566040129,54.10926433959871,4,NONE,TRANSITION,46.0319669964683,42.22222222222222,37.91406397879992,71.20007571455612
2024-08-08,46.39177815049205,53.60822184950795,5,NONE,TRANSITION,47.75352923654762,45.69017480409885,37.22558667676003,72.89931869795609
2024-08-09,34.7474160668433,65.2525839331567,2,SILVER,DEFENSIVE,38.4314016094428,24.5290662345554,32.96744890234671,51.13550340651022
2024-08-12,11.248043328387586,88.75195667161242,2,NONE,RISK_OFF,33.618349860263265,28.854229154169165,28.89856169568509,3.255109765329295
2024-08-13,37.03089797259652,62.96910202740348,3,NONE,DEFENSIVE,51.73027598653064,73.64262560777958,33.70552611657835,55.4882664647994
2024-08-14,22.39253705,77.60746295,2,NONE,DEFENSIVE,35.21134953643987,26.19763479655241,30.176003028009085,26.5329295987888
2024-08-15,41.76404690196746,58.23595309803254,3,NONE,TRANSITION,55.30722633035479,75.83350171751869,37.11691259931896,62.86416950435112
2024-08-16,24.840500159629208,75.15949984037078,2,NONE,DEFENSIVE,38.568186342208286,31.59144893111639,32.61445327279606,29.75785092697692
2024-08-19,10.921244915588348,89.07875508441165,2,NONE,RISK_OFF,36.68448927645623,37.176375404530745,31.800983730609158,0.0
2024-08-20,6.69991828865141,93.3000817113486,2,NONE,RISK_OFF,27.791485866530746,12.173913043478263,21.24077926990732,0.0
2024-08-21,6.000544981482882,93.99945501851712,2,NONE,RISK_OFF,33.26833859362172,35.83367305340399,19.491204842065443,0.0
2024-08-22,3.9742525888216376,96.02574741117836,2,NONE,RISK_OFF,26.54063726784608,14.068884997081144,14.422167580858709,0.0
2024-08-23,3.9099858524872326,96.09001414751276,2,NONE,RISK_OFF,32.89342429414986,36.49327174131352,14.261395876678645,0.0
2024-08-26,13.616903500453859,86.38309649954614,2,NONE,RISK_OFF,46.104963152164295,74.56990310460748,17.927382753403933,18.04084720121029
2024-08-27,4.218841652874431,95.78115834712557,2,NONE,RISK_OFF,27.958067483309367,19.588638589618025,15.034039334341903,0.0
2024-08-28,5.03276354021184,94.96723645978815,2,NONE,RISK_OFF,42.37198579052412,67.31667682307535,17.070172120295062,0.0
2024-08-29,25.92401469209382,74.07598530790618,3,NONE,DEFENSIVE,53.01744944313069,81.6281847133758,24.512956307925094,39.21883866086628
2024-08-30,49.17865143823752,50.82134856176248,4,NONE,TRANSITION,65.2566469065506,89.60963293843464,38.8142965204236,77.60968229954615
2024-09-02,21.833909091564216,78.16609090843579,3,NONE,DEFENSIVE,35.11891327464933,15.114474194800154,29.411764705882355,25.97881596368451
2024-09-03,37.16874978382826,62.83125021617174,4,NONE,DEFENSIVE,55.06967847437996,77.4382840955079,35.35086060147532,54.35029317193115
2024-09-04,17.88590677797315,82.11409322202685,3,NONE,RISK_OFF,35.61672248229809,24.341054313099043,32.057099640763845,15.02174324068822
2024-09-05,43.53601320548204,56.46398679451796,4,NONE,TRANSITION,56.3766961033724,77.36608940797423,40.26465028355387,63.98865784499055
2024-09-06,9.250892670629373,90.74910732937063,3,NONE,RISK_OFF,28.704838345000734,9.663703131039814,27.622377622377627,0.0
2024-09-09,9.10974932496218,90.89025067503782,2,NONE,RISK_OFF,36.56446413619858,38.14115716044317,27.26928895612708,0.0
2024-09-10,18.80265462753404,81.19734537246596,2,NONE,RISK_OFF,47.09134168416327,65.58704453441295,32.413010590015126,16.71709531013616
2024-09-11,20.733565951672652,79.26643404832734,2,NONE,DEFENSIVE,36.6840002068369,30.620467365028205,29.446229446229445,23.53997353997354
2024-09-12,15.404781095729408,84.5952189042706,2,NONE,RISK_OFF,37.79026919750327,37.1556825137727,29.714663643235077,11.640211640211644
2024-09-13,7.6927544989795935,92.3072455010204,2,NONE,RISK_OFF,30.82161558511202,20.734341252699785,23.72448979591837,0.0
2024-09-18,6.534211991624125,93.46578800837588,2,NONE,RISK_OFF,32.93986013741175,29.253317488611607,20.82624314615239,0.0
2024-09-19,49.891026095201205,50.108973904798795,5,GOLD,TRANSITION,63.27380698834733,91.10854503464203,35.66030606461364,81.92896278103154
2024-09-20,41.363910097052155,58.636089902947845,4,NONE,TRANSITION,42.614040651145245,31.4543630892678,33.541194255479965,65.11715797430084
2024-09-23,39.37426525976578,60.62573474023422,4,NONE,DEFENSIVE,47.25467619332884,50.544259601560896,34.61465810351341,59.82244049867775
2024-09-24,68.67605743692162,31.323942563078376,7,GOLD,RECOVERY,76.00941283563601,97.1336370539104,62.00188857412654,100.0
2024-09-25,71.7343593543704,28.265640645629603,7,GOLD,RISK_ON,73.63444101736647,80.78837348198287,69.65263356616953,100.0
2024-09-26,77.48480666794411,22.515193332055887,8,GOLD,RISK_ON,80.70615720605488,96.95701787751996,84.03813479327921,100.0
2024-09-27,81.95683966252123,18.043160337478767,8,GOLD,RISK_ON,87.28013412873382,98.27488151658768,95.22551424797132,100.0
2024-09-30,83.58983632360719,16.410163676392813,8,GOLD,RISK_ON,90.64874445584556,99.84891406987724,99.31067044381491,100.0
2024-10-08,83.55568869493575,16.444311305064247,8,NONE,RISK_ON,87.10267266219238,94.8528015194682,99.22524565381708,100.0
2024-10-09,79.9014891701814,20.098510829818593,8,NONE,RISK_ON,49.33809610163552,5.466237942122188,97.9875283446712,93.08390022675736
2024-10-10,62.95584849648593,37.04415150351407,7,NONE,RECOVERY,63.15527548784248,57.41833923652106,98.13905157755526,55.85679198941998
2024-10-11,61.46225007248677,38.53774992751323,6,NONE,RECOVERY,43.3805477113439,7.909281494187153,96.56084656084656,53.96825396825397
2024-10-14,64.22981918762984,35.77018081237016,6,NONE,RECOVERY,70.19941257172346,94.97228063467789,97.87535410764872,58.87629839471199
2024-10-15,66.17592714063444,33.82407285936556,7,NONE,RECOVERY,46.11551780740629,14.705882352941174,96.48791540785498,64.35045317220543
2024-10-16,66.71288538758022,33.287114612419785,7,NONE,RECOVERY,55.69971129726209,52.46717071229606,96.1117402793507,65.85503963759909
2024-10-17,65.99328768219203,34.00671231780797,7,NONE,RECOVERY,50.20183352970101,33.582089552238806,94.32182607055272,65.84606677985285
2024-10-18,72.11835357164688,27.881646428353122,7,NONE,RISK_ON,72.85529008722905,96.35148042024832,96.9251084701,76.97604225617808
2024-10-21,82.42509084480287,17.574909155197133,8,GOLD,RISK_ON,68.09567312820927,72.6594700686948,96.39690624410488,100.0
2024-10-22,77.64220305849057,22.357796941509434,8,GOLD,RISK_ON,64.44995864551566,68.21705426356588,97.58490566037736,88.49056603773585
2024-10-23,77.48667752503303,22.51332247496697,8,NONE,RISK_ON,59.59608259050617,52.98224615998404,97.60241646214838,88.13479327921465
2024-10-24,74.82609962433452,25.173900375665482,7,NONE,RISK_ON,53.4825215213392,40.46816107915096,96.77175759864072,83.03756843496318
2024-10-25,82.63553791683654,17.36446208316346,8,GOLD,RISK_ON,68.48862669334503,81.88869497770021,96.92336730841828,100.0
2024-10-28,82.65016935929003,17.349830640709968,8,NONE,RISK_ON,69.04427015151839,80.13937282229966,96.95996978851964,100.0
2024-10-29,80.61977249561933,19.38022750438067,8,NONE,RISK_ON,49.44961617368804,19.61722488038278,91.88066465256796,100.0
2024-10-30,76.3881597869713,23.6118402130287,8,NONE,RISK_ON,53.82762592194696,44.05785770132916,85.99886706948641,95.88368580060424
2024-10-31,78.1348891220083,21.865110877991697,8,NONE,RISK_ON,61.7941732953613,67.51867872591427,85.66440166100415,100.0
2024-11-01,59.30438553532741,40.69561446467259,7,NONE,RECOVERY,40.64934471376168,18.06674338319908,73.26854123419513,69.62634459331949
2024-11-04,67.00141779141347,32.99858220858653,7,NONE,RECOVERY,63.56356711590468,85.741923002515,81.52481600301944,79.25080203812041
2024-11-05,80.8270092486986,19.1729907513014,8,GOLD,RISK_ON,74.20979012261868,95.76952526799388,92.39909468125236,100.0
2024-11-06,80.72205047801245,19.27794952198755,8,NONE,RISK_ON,64.51502210988123,54.125347084490286,92.1365264944371,100.0
2024-11-07,82.22148858673836,17.77851141326164,8,GOLD,RISK_ON,74.68578504380588,85.36819842338012,95.88756838332392,100.0
2024-11-08,82.14360914165881,17.856390858341186,8,NONE,RISK_ON,62.53059840472999,41.65851750440055,95.69274269557022,100.0
2024-11-11,82.43613246132077,17.563867538679233,8,NONE,RISK_ON,71.57361285836343,74.94199535962878,96.4245283018868,100.0
2024-11-12,82.01069538034704,17.989304619652955,8,NONE,RISK_ON,57.71107130822728,27.700077700077696,95.3602414183327,100.0
2024-11-13,81.44310667797058,18.556893322029424,8,NONE,RISK_ON,61.52422817067122,49.67242406194163,95.03960769520936,99.03809883062996
2024-11-14,61.589803766716955,38.410196233283045,7,NONE,RECOVERY,42.63751502633792,8.55025650769523,85.03677163869507,64.33151046577409
2024-11-15,51.31188731036758,48.68811268963242,2,SILVER,TRANSITION,41.5129806941011,17.230119093353824,71.39491046182846,53.77002827521207
2024-11-18,23.084483581915894,76.91551641808411,2,SILVER,DEFENSIVE,35.33273591990167,21.79684494036168,62.228927022440125,0.0
2024-11-19,56.59644852337418,43.40355147662582,3,NONE,RECOVERY,62.02894499828477,85.70057581573896,70.61262959472197,66.02262016965128
2024-11-20,73.82437791560204,26.175622084397958,7,GOLD,RISK_ON,67.14769370004902,87.18646704258215,79.2632372338421,96.16544186922933
2024-11-21,74.0822955315373,25.917704468462702,7,NONE,RISK_ON,56.05911314114935,49.10322837783978,78.6266013564431,97.2871137905049
2024-11-22,22.31848335744961,77.68151664255039,6,NONE,DEFENSIVE,30.07857722576296,7.903195311022876,60.31267658692786,0.0
2024-11-25,36.33562727626671,63.66437272373329,5,NONE,DEFENSIVE,52.26951768580339,71.08270385434825,65.36070823130532,26.266716895837256
2024-11-26,43.042385180768505,56.957614819231495,4,NONE,TRANSITION,40.67680102964344,28.79468646219965,61.904313430024494,43.972499529101526
2024-11-27,59.140238532623854,40.859761467376146,5,NONE,RECOVERY,60.80439801072235,82.81827016520894,66.22716142399699,75.42851761160294
2024-11-28,64.70350351481062,35.29649648518938,6,NONE,RECOVERY,52.52164349595907,47.98268057469002,67.21311475409836,86.743923120407
2024-11-29,67.45544933276219,32.544550667237814,7,GOLD,RECOVERY,64.55241789242156,82.84313725490196,72.62285821879118,88.034268499341
2024-12-02,76.19199322468462,23.808006775315377,8,NONE,RISK_ON,69.97595367462641,88.2387134276303,80.80399171530786,100.0
2024-12-03,76.41026537493882,23.589734625061183,8,NONE,RISK_ON,57.94783054411205,47.02800725367721,81.3500282432687,100.0
2024-12-04,61.19740258342749,38.80259741657251,7,NONE,RECOVERY,45.05062093194032,18.01111324008431,73.53107344632768,73.54048964218455
2024-12-05,67.72074899734613,32.279251002653865,7,GOLD,RECOVERY,62.35990098245543,73.52185089974293,78.03500846979108,83.87916431394692
2024-12-06,77.22564134441936,22.77435865558064,8,NONE,RISK_ON,65.1850166533634,69.01353206511081,83.38979860718992,100.0
2024-12-09,73.80187893641498,26.19812106358502,7,NONE,RISK_ON,55.596103318610304,38.32711564892991,81.61363208435323,94.05949915270192
2024-12-10,74.34168985156191,25.65831014843809,7,NONE,RISK_ON,63.68544248707239,56.23734305386796,85.14301844185171,92.15280391418894
2024-12-11,79.29178324166352,20.708216758336476,8,NONE,RISK_ON,67.80194851476277,73.47058823529412,88.558524651863,100.0
2024-12-12,80.0635422971778,19.936457702822196,8,GOLD,RISK_ON,67.38271362160438,67.64647859538371,90.48918156161808,100.0
2024-12-13,67.3410489075997,32.6589510924003,7,NONE,RECOVERY,49.0357599788202,16.98509743981658,80.11662904439427,81.22648607975921
2024-12-16,52.83450825582706,47.16549174417294,6,NONE,TRANSITION,48.99662121289728,33.42449697206485,73.71240601503759,55.07518796992481
2024-12-17,18.99678440118488,81.00321559881512,2,SILVER,RISK_OFF,30.93907128704013,9.853249475890983,52.003009215723154,0.0
2024-12-18,24.38052324076721,75.61947675923278,2,NONE,DEFENSIVE,45.08965304512612,54.67553405884724,53.2437006393381,10.699511094396396
2024-12-19,33.86722554426476,66.13277445573524,3,NONE,DEFENSIVE,44.76053968384666,46.36526588329018,51.83339601353892,32.70026325686348
2024-12-20,51.890692584774435,48.109307415225565,4,NONE,TRANSITION,55.84434482663334,68.1477093206951,56.099624060150376,68.42105263157895
2024-12-23,11.072932871428572,88.92706712857142,3,NONE,RISK_OFF,26.45058052713664,10.09679256025811,32.180451127819545,0.0
2024-12-24,15.540387958770445,84.45961204122955,3,BOUNCE,RISK_OFF,46.64274929818929,75.01965408805032,36.49182177100959,6.006768189509304
2024-12-25,9.542732901278919,90.45726709872108,2,NONE,RISK_OFF,27.548154632858708,16.74687199230029,28.3524543915742,0.0
2024-12-26,30.145933775474536,69.85406622452547,3,BOUNCE,DEFENSIVE,47.6363628453954,71.05421084216843,30.915241495959407,42.858485247134
2024-12-27,32.75866496823309,67.24133503176691,3,NONE,DEFENSIVE,48.32655910934815,67.56756756756756,34.44548872180452,45.48872180451128
2024-12-30,10.68783596835967,89.31216403164034,2,NONE,RISK_OFF,30.8174941953698,24.346978557504872,31.217080511662903,0.0
2024-12-31,7.022944621428571,92.97705537857144,2,NONE,RISK_OFF,25.6190652938355,12.832281506980303,22.048872180451127,0.0
2025-01-02,4.7562102800676955,95.24378971993231,2,NONE,RISK_OFF,26.304381365359617,17.17287488061127,16.378337720947727,0.0
2025-01-03,2.5709631035714287,97.42903689642857,2,NONE,RISK_OFF,22.23996818469615,11.305339160174803,10.911654135338347,0.0
2025-01-06,2.216303689891018,97.78369631010898,2,NONE,RISK_OFF,31.735640088037453,43.98111723052715,10.024426907177752,0.0
2025-01-07,20.239703743275733,79.76029625672427,2,NONE,DEFENSIVE,47.302399503085816,83.17021684897333,12.997746055597297,36.85199098422239
2025-01-08,11.035042124192337,88.96495787580767,2,NONE,RISK_OFF,33.15834842780931,37.546687635148416,14.012021036814426,15.81517655897821
2025-01-09,20.666153167605636,79.33384683239436,2,NONE,DEFENSIVE,38.72761614697904,52.54067081743322,14.920187793427232,36.10328638497653
2025-01-10,2.6615391020285504,97.33846089797144,2,NONE,RISK_OFF,21.831428478734445,9.737042682926829,11.138241923365891,0.0
2025-01-13,2.457220598159969,97.54277940184004,2,NONE,RISK_OFF,35.639818898316555,58.04780876494024,10.627112279384152,0.0
2025-01-14,39.33245443905048,60.66754556094952,3,NONE,DEFENSIVE,60.54320426549816,99.45478473397256,22.574591855882904,70.26646650403453
2025-01-15,36.324612553143176,63.675387446856824,4,NONE,DEFENSIVE,37.96097413270186,31.44380801896109,22.55582660911991,63.6986301369863
2025-01-16,37.904791387600824,62.095208612399176,4,NONE,DEFENSIVE,48.562809884636245,65.3612012987013,26.514725192271616,63.693490902269744
2025-01-17,40.00749363670981,59.99250636329019,4,NONE,TRANSITION,44.46493237745694,50.71644803229061,28.559369724254363,66.50722190958544
2025-01-20,44.989778944465286,55.010221055534714,4,NONE,TRANSITION,52.81355395088387,70.0019813750743,37.589118198874296,69.51219512195121
2025-01-21,44.76767491196549,55.23232508803451,4,NONE,TRANSITION,43.80665942290687,37.52711496746204,37.25618904726182,69.31732933233307
2025-01-22,33.32684459171354,66.67315540828646,3,NONE,DEFENSIVE,34.9294028803134,18.924148606811148,31.13985751781027,49.62504686914136
2025-01-23,34.731102328298356,65.26889767170164,3,NONE,DEFENSIVE,44.43672445792185,45.15405019383799,31.8684407796102,52.06146926536732
2025-01-24,43.712378755568054,56.287621244431946,4,NONE,TRANSITION,55.31239942397864,77.03320739709683,40.19497562804649,64.43569553805774
2025-01-27,37.42272601329458,62.57727398670542,4,NONE,DEFENSIVE,41.53050414364981,34.314302530900534,37.31483217701106,53.18769923120195
2025-02-05,44.928504295877836,55.071495704122164,4,NONE,TRANSITION,52.98808241488844,65.0572038006593,41.96177627880832,65.55180813190931
2025-02-06,65.66819809767702,34.33180190232298,7,GOLD,RECOVERY,67.73640568826501,91.53623188405795,54.47733233420756,100.0
2025-02-07,68.2209820544484,31.7790179455516,7,GOLD,RECOVERY,68.05900725648004,80.1140833988985,60.86345757632515,100.0
2025-02-10,70.6667381811084,29.3332618188916,7,GOLD,RISK_ON,68.31316064694344,79.43304007820137,66.98183860700243,100.0
2025-02-11,70.35735073539325,29.642649264606746,7,NONE,RISK_ON,54.54507087107906,34.58439772057379,66.20786516853933,100.0
2025-02-12,71.62244264363295,28.37755735636705,7,GOLD,RISK_ON,64.8557757615193,69.9205217036886,69.37265917602996,100.0
2025-02-13,69.46175793209137,30.538242067908627,7,NONE,RECOVERY,50.571242237920345,21.314972847168345,63.96742183111777,100.0
2025-02-14,68.89762930280898,31.10237069719102,7,NONE,RECOVERY,56.43754157209544,46.22302158273381,62.556179775280896,100.0
2025-02-17,70.54324501594311,29.456754984056886,7,NONE,RISK_ON,65.58945926220527,70.22811464223045,66.67290419161677,100.0
2025-02-18,48.346376286150104,51.653623713849896,6,NONE,TRANSITION,41.35326520845216,13.281546040166733,48.82088714205503,67.0316301703163
2025-02-19,68.3374358004679,31.6625641995321,7,GOLD,RECOVERY,68.66468700326142,89.27247903257265,61.15478195770167,100.0
2025-02-20,70.10798778801947,29.89201221198053,7,NONE,RISK_ON,63.013132927014496,65.03152088258472,65.58405091725945,100.0
2025-02-21,70.41608250284432,29.58391749715568,7,NONE,RISK_ON,61.676363177516095,54.925668979187314,66.35479041916167,100.0
2025-02-24,71.51246966023217,28.48753033976783,7,NONE,RISK_ON,61.39100064115951,53.00729639124433,69.09754727579104,100.0
2025-02-25,57.27319373547481,42.72680626452519,6,NONE,RECOVERY,49.66017297462216,28.75536480686696,63.86027345944933,73.41262408690767
2025-02-26,72.36727486179774,27.63272513820226,7,GOLD,RISK_ON,68.5931733377111,80.93476144109056,71.23595505617976,100.0
2025-02-27,72.2319171150993,27.768082884900707,7,NONE,RISK_ON,57.62555263202231,40.53469628464714,70.89733982765081,100.0
2025-02-28,27.252930794849224,72.74706920515078,6,NONE,DEFENSIVE,34.86032037509541,10.337632776934752,46.55366173440719,22.841356059187117
2025-03-03,47.94130034553973,52.05869965446027,5,NONE,TRANSITION,54.427755603840254,62.69161855464862,49.70952023988006,65.36731634182908
2025-03-04,63.05474960785085,36.94525039214915,6,NONE,RECOVERY,62.06721567536072,78.17679558011051,59.25613640622072,90.09743301480232
2025-03-05,58.609001904346194,41.390998095653806,6,NONE,RECOVERY,51.83468706195357,44.6031746031746,56.70663169726489,82.59647808167853
2025-03-06,70.60193109329086,29.398068906709142,7,GOLD,RISK_ON,67.27955246500427,82.04625637005097,66.81971514242879,100.0
2025-03-07,68.34703099771365,31.652969002286355,7,NONE,RECOVERY,51.64413901914088,32.386695195487256,61.1787856071964,100.0
2025-03-10,69.8715232550225,30.128476744977505,7,NONE,RECOVERY,60.42784949184944,62.82959464777647,64.99250374812594,100.0
2025-03-11,70.6456110562301,29.354388943769905,7,NONE,RISK_ON,58.55670776699585,55.853855470327005,66.9289863219037,100.0
2025-03-12,71.69274110910453,28.30725889089547,7,NONE,RISK_ON,58.39840002210153,50.468968269806425,69.54852004496065,100.0
2025-03-13,53.78672577659176,46.21327422340824,6,NONE,TRANSITION,46.94426876075549,27.98913043478261,61.563670411985015,67.79026217228464
2025-03-14,74.0103971923221,25.989602807677898,7,GOLD,RISK_ON,70.26085311710972,85.72811773818745,75.34644194756555,100.0
2025-03-17,75.39424492169758,24.605755078302423,8,NONE,RISK_ON,63.26080080456722,60.40215010949632,78.80831928049466,100.0
2025-03-18,75.98958517850993,24.010414821490073,8,NONE,RISK_ON,62.31051384875702,57.82889426957224,80.29764133283415,100.0
2025-03-19,73.86445308277155,26.135546917228453,7,NONE,RISK_ON,52.85635182938603,28.095611285266457,76.47940074906367,98.68913857677904
2025-03-20,73.08994269910146,26.910057300898544,7,NONE,RISK_ON,55.055557058637575,37.90434610041675,73.04380381879444,100.0
2025-03-21,22.718698956934308,77.2813010430657,6,NONE,DEFENSIVE,37.32322022540439,18.56840484895132,61.31386861313869,0.0
2025-03-24,17.81828513511136,82.18171486488865,5,NONE,RISK_OFF,37.39591851022973,27.223719676549862,49.054838105932994,0.0
2025-03-25,42.1807086600823,57.8192913399177,4,NONE,TRANSITION,47.431259029840376,47.67625049231981,49.65394687616909,52.80583613916947
2025-03-26,55.82828317004487,44.17171682995513,5,NONE,RECOVERY,56.73887424352374,68.50565588410399,55.375841436050855,77.67389678384443
2025-03-27,44.32491189947643,55.67508810052357,4,NONE,TRANSITION,45.07359770094086,35.81707076680465,53.30964846671653,54.30067314884069
2025-03-28,15.318938343933445,84.68106165606656,3,NONE,RISK_OFF,32.48107347816373,17.20201238390093,42.80239297064872,0.0
2025-03-31,11.548722900149476,88.45127709985053,2,NONE,RISK_OFF,32.83378842268913,23.983115886415963,33.37070254110613,0.0
2025-04-01,44.234693440108344,55.765306559891656,3,NONE,TRANSITION,54.73405559816173,73.81789761625635,42.20063515785541,63.82402391182514
2025-04-02,41.760782383862534,58.239217616137466,4,NONE,TRANSITION,47.60668202268209,53.19277108433735,42.63167725065372,58.03137840866641
2025-04-03,14.34427555770308,85.65572444229691,3,NONE,RISK_OFF,38.33233059595458,39.39631517052136,40.3641456582633,0.0
2025-04-07,1.4986135260414721,98.50138647395853,2,NONE,RISK_OFF,15.473670207517245,1.962616822429908,8.229030450214832,0.0
2025-04-08,2.6643869612481303,97.33561303875187,3,BOUNCE,RISK_OFF,39.50115578157416,61.86055323986358,11.145366218236171,0.0
2025-04-09,26.837668465266105,73.1623315347339,3,NONE,DEFENSIVE,51.845335710407326,85.82647002489945,15.331465919701214,49.2530345471522
2025-04-10,37.972590887752055,62.027409112247945,4,NONE,DEFENSIVE,55.808017714646056,93.03387894937192,19.716206123973112,69.79088872292756
2025-04-11,35.99557463520075,64.00442536479926,4,NONE,DEFENSIVE,45.02533189321512,63.50870253164557,21.38188608776844,64.00560224089635
2025-04-14,40.25519558478058,59.74480441521942,4,NONE,TRANSITION,53.11055214919038,86.50485436893204,26.489262371615315,68.8608776844071
2025-04-15,41.25179620864935,58.74820379135065,4,NONE,TRANSITION,41.09629654547015,46.03048901207681,27.47991780310106,70.17560246590698
2025-04-16,38.4833195198992,61.5166804801008,4,NONE,DEFENSIVE,32.538605729851035,18.609994256174613,25.051334702258725,66.24043307821542
2025-04-17,44.10039555779355,55.89960444220645,4,NONE,TRANSITION,45.595492032231206,60.84325196691547,28.01008026880717,75.94735859622924
2025-04-18,39.067503137595665,60.932496862404335,4,NONE,DEFENSIVE,40.21992823232491,46.66396268505374,27.366063095015868,65.49374649990666
2025-04-21,45.0658407631461,54.9341592368539,5,NONE,TRANSITION,53.65052301343272,83.90871854885897,35.12782235491696,71.83243142377309
2025-04-22,51.62816438289769,48.37183561710231,5,NONE,TRANSITION,45.8479635804144,48.795060744871535,38.08812546676624,83.60716952949963
2025-04-23,45.54663527125257,54.45336472874743,5,NONE,TRANSITION,49.21587144631236,61.13288906311251,42.93447825275341,66.05376143363823
2025-04-24,44.505658951484044,55.494341048515956,4,NONE,TRANSITION,39.147681337468725,29.02214383695865,38.83703565428412,67.36046294567855
2025-04-25,46.141540161702125,53.858459838297875,5,NONE,TRANSITION,46.76870440625744,54.49089817963593,42.50653228816723,67.7304964539007
2025-04-28,38.309769114040336,61.690230885959664,4,NONE,DEFENSIVE,35.16744275636539,22.632485173139465,34.42867811799851,57.65496639283048
2025-04-29,46.28590849501219,53.71409150498781,5,NONE,TRANSITION,50.76682991489917,68.47697756788666,41.48696793549597,68.93868366772922
2025-04-30,53.55161646504308,46.44838353495692,5,NONE,TRANSITION,53.10673970963975,66.15052920423364,47.48032971150244,79.59910078681153
2025-05-06,68.62249128843068,31.37750871156932,7,GOLD,RECOVERY,67.22126454127309,93.32827899924186,61.86788579958947,100.0
2025-05-07,70.23130987526581,29.768690124734192,7,NONE,RISK_ON,59.49815934781844,63.99919371094538,65.89255735870174,100.0
2025-05-08,71.3595632300634,28.6404367699366,7,GOLD,RISK_ON,64.65468264529405,74.2012304028577,68.71503170458783,100.0
2025-05-09,69.1305070775084,30.869492922491602,7,NONE,RECOVERY,48.92677287106959,22.04081632653061,63.13875419619546,100.0
2025-05-12,70.80043543259978,29.199564567400216,7,GOLD,RISK_ON,66.33374513369392,79.07113462669018,67.31629988810145,100.0
2025-05-13,70.46373061213873,29.536269387861267,7,NONE,RISK_ON,54.79456233474443,36.85055165496489,66.47398843930635,100.0
2025-05-14,70.55938227744221,29.44061772255779,7,NONE,RISK_ON,56.90660663922071,45.01412999596286,66.71327367636093,100.0
2025-05-15,54.67753247396979,45.32246752603021,6,NONE,TRANSITION,46.70211686599469,26.0928696327958,60.469886257691584,70.69737087451054
2025-05-16,61.89409938634838,38.10590061365162,6,NONE,RECOVERY,57.0179019331792,57.80590717299579,61.25512868332712,85.80753450205148
2025-05-19,69.93158276165329,30.06841723834671,7,NONE,RECOVERY,62.46065186538953,67.94720252167062,65.14275051315543,100.0
2025-05-20,71.73244636036893,28.267553639631075,7,GOLD,RISK_ON,65.14394723498589,73.65376944555246,69.64784795975405,100.0
2025-05-21,70.351925903953,29.648074096046997,7,NONE,RISK_ON,52.16166320938539,30.14532600157109,66.19429423829945,100.0
2025-05-22,41.4102151097015,58.5897848902985,6,NONE,TRANSITION,40.37498394344177,15.916030534351144,53.9179104477612,47.38805970149254
2025-05-23,15.650208062215592,84.3497919377844,2,SILVER,RISK_OFF,34.88975185010904,19.988434849653046,43.63110779559866,0.0
2025-05-26,38.2354007808733,61.7645992191267,3,NONE,DEFENSIVE,54.13486285298974,72.70403146509341,50.02799029669715,43.8421347266281
2025-05-27,38.74313596374324,61.25686403625676,4,NONE,DEFENSIVE,48.04403763947744,49.901146698299726,50.01866019779809,44.96174659451391
2025-05-28,30.378763862815013,69.62123613718498,3,NONE,DEFENSIVE,40.65918005868205,32.069510268562404,45.94922531267501,30.212805674818
2025-05-29,66.21957561293152,33.78042438706848,7,GOLD,RECOVERY,65.60514963005184,83.6918939684979,56.69901100951671,99.2629221869752
2025-05-30,32.12757636213846,67.87242363786154,6,NONE,DEFENSIVE,38.41546110664351,20.32882011605416,45.624183616346336,34.32543384959881
2025-06-03,51.49599969869281,48.50400030130719,5,NONE,TRANSITION,56.10682860691585,65.9634317862166,49.70121381886088,73.15592903828198
2025-06-04,66.05198203437791,33.948017965622086,6,NONE,RECOVERY,63.0892011631261,76.26984126984127,55.43741839209103,100.0
2025-06-05,60.911595012367094,39.088404987632906,6,NONE,RECOVERY,55.98483324632212,50.96876235666271,57.93695206118261,86.5603432195486
2025-06-06,61.66845043513514,38.33154956486486,6,NONE,RECOVERY,54.87476623477202,48.85252444621832,58.5834109972041,87.65144454799628
2025-06-09,70.15301738226077,29.84698261773923,7,GOLD,RISK_ON,66.77483564370611,79.19316375198729,65.69669837716845,100.0
2025-06-10,46.44601532292211,53.55398467707789,6,NONE,TRANSITION,46.31994600722027,23.45821325648415,57.78046962355572,55.0316809541558
2025-06-11,66.6657544324269,33.334245567573106,7,GOLD,RECOVERY,61.60347260777866,66.14762386248736,63.02849692680201,94.7010616502142
2025-06-12,61.23994836146395,38.76005163853605,6,NONE,RECOVERY,54.47104162800175,43.86849536103267,62.01341031849507,83.7120506612032
2025-06-13,17.083028324213075,82.91697167578693,5,NONE,RISK_OFF,35.66687369937387,15.300859598853869,47.21549636803874,0.0
2025-06-16,42.25198206373115,57.74801793626885,4,NONE,TRANSITION,55.33156841210742,68.4964200477327,52.18767454850121,50.7447402718302
2025-06-17,41.94016141755954,58.05983858244046,4,NONE,TRANSITION,48.07889416538642,43.011830759975936,52.04613095238096,50.18601190476191
2025-06-18,22.135707315997024,77.86429268400298,3,NONE,DEFENSIVE,40.39907830457639,33.42439024390244,48.41889880952381,10.007440476190476
2025-06-19,12.451015769767443,87.54898423023256,2,NONE,RISK_OFF,31.500080801238905,12.741751990898749,35.627906976744185,0.0
2025-06-20,11.1519475928917,88.8480524071083,2,NONE,RISK_OFF,34.55580221979182,28.782140721546742,32.3781168589505,0.0
2025-06-23,37.87948678817725,62.12051321182275,3,NONE,DEFENSIVE,57.17844190570053,84.39317564947655,41.24930180599516,50.7447402718302
2025-06-24,67.02859163364347,32.97140836635653,7,GOLD,RECOVERY,68.65629348533267,89.51168535056051,57.88053591365836,100.0
2025-06-25,69.91096791295125,30.08903208704875,7,GOLD,RECOVERY,66.0566460408894,75.9248150369926,65.0911797543729,100.0
2025-06-26,66.41089274940475,33.58910725059525,7,NONE,RECOVERY,52.16290472003071,29.986190570132177,61.60714285714286,95.38690476190476
2025-06-27,65.01461935135839,34.98538064864161,7,NONE,RECOVERY,61.41877978438918,65.10871774029668,65.53777446966878,88.89095645701526
2025-06-30,72.72225162371556,27.277748376284435,7,NONE,RISK_ON,68.06782471053245,78.60845295055822,72.12397617274758,100.0
2025-07-01,73.56310267174237,26.43689732825763,7,NONE,RISK_ON,60.64113375648568,50.443190975020144,74.22747580044677,100.0
2025-07-02,72.75201626258377,27.247983737416234,7,NONE,RISK_ON,56.00322694868954,36.87414097781269,72.19843633655995,100.0
2025-07-03,73.9165577583023,26.083442241697696,7,NONE,RISK_ON,63.379365112670094,63.50798198935734,75.11169024571853,100.0
2025-07-04,59.27885618797916,40.72114381202084,6,NONE,RECOVERY,48.28388834694197,21.4451313755796,67.13807219947897,74.93487160401935
2025-07-07,70.61606761987346,29.383932380126538,7,GOLD,RISK_ON,61.21641206029841,62.33637445458151,69.34313360625232,97.82285076293265
2025-07-08,74.62346793142218,25.376532068577816,7,NONE,RISK_ON,69.55540221002349,81.75728920409772,76.8801191362621,100.0
2025-07-09,73.6785845983631,26.321415401636898,7,NONE,RISK_ON,56.63156022015997,35.214356929212364,74.51636904761905,100.0
2025-07-10,73.94070311023255,26.059296889767452,7,NONE,RISK_ON,61.87370346563974,55.93930924336195,75.1720930232558,100.0
2025-07-11,74.69665132230483,25.30334867769517,7,NONE,RISK_ON,63.70514226990216,56.85916919959473,77.06319702602231,100.0
2025-07-14,75.16732716925794,24.832672830742055,8,NONE,RISK_ON,64.392521000375,60.70369638268433,78.2406546401339,100.0
2025-07-15,58.95741558709557,41.04258441290443,7,NONE,RECOVERY,50.35142401690975,24.26850258175559,69.5425808850874,72.12718482707325
2025-07-16,72.92218660388693,27.077813396113072,7,GOLD,RISK_ON,63.09001852222356,62.8971028971029,72.6241398549377,100.0
2025-07-17,74.24905821262317,25.75094178737683,7,NONE,RISK_ON,65.68828429389725,68.91012606750712,75.94348391894404,100.0
2025-07-18,73.90164223175901,26.098357768240987,7,NONE,RISK_ON,60.348647341475946,49.70641830330027,75.07437709185571,100.0
2025-07-21,76.2667039767057,23.7332960232943,8,NONE,RISK_ON,70.13819432905004,76.21292476920055,80.99089050009295,100.0
2025-07-22,75.8847313565371,24.115268643462898,8,NONE,RISK_ON,62.61975090910651,48.313942023269576,80.03533568904592,100.0
2025-07-23,63.440979948075835,36.559020051924165,7,NONE,RECOVERY,51.8884062132966,23.16978193146417,74.17735638594533,77.8862242052426
2025-07-24,75.87432134739777,24.125678652602232,8,GOLD,RISK_ON,71.47087574775057,83.25581395348837,80.00929368029739,100.0
2025-07-25,75.82901323125232,24.17098676874768,8,NONE,RISK_ON,61.61511687920873,47.86609240407204,79.89594946116685,100.0
2025-07-28,75.91961759593164,24.08038240406836,8,NONE,RISK_ON,62.91760152126218,53.156741684923325,80.12260821103474,100.0
2025-07-29,74.80132090348988,25.19867909651012,7,NONE,RISK_ON,59.50861187462382,42.34359483614697,77.32504176721737,100.0
2025-07-30,64.75088321737839,35.24911678262161,6,NONE,RECOVERY,53.992013706935246,32.019417475728154,72.82770144819904,81.93464537690308
2025-07-31,21.67952280761799,78.32047719238201,5,NONE,DEFENSIVE,39.532002696942776,19.352380952380955,58.71423262727611,0.0
2025-08-01,48.86209667574295,51.13790332425705,5,NONE,TRANSITION,56.65019686596936,63.54825949367089,61.93350668647846,56.68647845468053
2025-08-04,70.94685466498791,29.05314533501209,7,GOLD,RISK_ON,65.30663064196249,75.3249350129974,67.68258687976211,100.0
2025-08-05,73.37622837523685,26.62377162476315,7,GOLD,RISK_ON,66.70125916253183,75.14934289127837,73.75998513839866,100.0
2025-08-06,74.57353310590639,25.426466894093608,7,NONE,RISK_ON,65.18076491296303,65.38617064294378,76.75520059435364,100.0
2025-08-07,74.17069443556174,25.829305564438258,7,NONE,RISK_ON,58.26438774728182,40.2511961722488,75.74744661095636,100.0
2025-08-08,73.20567896666667,26.794321033333333,7,NONE,RISK_ON,58.97639226713308,46.23740865099743,73.33333333333334,100.0
2025-08-11,75.98263414725315,24.01736585274685,8,GOLD,RISK_ON,70.43903314776786,80.60141509433963,80.28025241276912,100.0
2025-08-12,75.2274929214511,24.772507078548898,8,NONE,RISK_ON,58.23018178909775,39.11154985192498,78.39116719242902,100.0
2025-08-13,75.24654730037126,24.75345269962874,8,NONE,RISK_ON,62.73225154329735,52.67839094400647,78.43883423055505,100.0
2025-08-14,32.808031152635486,67.1919688473645,7,NONE,DEFENSIVE,40.60886911494379,13.222829158033528,62.71343726800297,20.8611729769859
2025-08-15,72.64776544922049,27.352234550779514,7,GOLD,RISK_ON,70.65390858504584,87.99766945037871,71.93763919821826,100.0
2025-08-18,75.64943613327145,24.35056386672855,8,NONE,RISK_ON,71.3596976471035,77.41240947347818,79.44671370219086,100.0
2025-08-19,76.89647227754686,23.103527722453137,8,NONE,RISK_ON,65.40887534782026,56.816840448554,82.56633883837448,100.0
2025-08-20,78.39179776435202,21.60820223564798,8,NONE,RISK_ON,69.05980488399568,70.18303483566227,86.30709246193835,100.0
2025-08-21,78.71476112096475,21.285238879035248,8,NONE,RISK_ON,61.51855631535015,40.91796875,87.11502782931355,100.0
2025-08-22,78.47002289647496,21.52997710352504,8,NONE,RISK_ON,64.87290384572763,53.98760743553868,86.50278293135436,100.0
2025-08-25,79.36823073832313,20.631769261676865,8,NONE,RISK_ON,69.88387375690367,64.14389620601533,88.74976813207198,100.0
2025-08-26,79.4135461347552,20.586453865244806,8,NONE,RISK_ON,65.33653476578023,53.01487862176977,88.86313056379822,100.0
2025-08-27,36.02297512736881,63.97702487263119,7,NONE,DEFENSIVE,42.21838882213536,11.346189852087624,68.39421472278879,22.92786946041165
2025-08-28,27.819087005729653,72.18091299427034,6,NONE,DEFENSIVE,52.40450112426205,54.7191887675507,66.0949378824402,6.981272019284263
2025-08-29,64.16201404197736,35.83798595802264,6,NONE,RECOVERY,53.113138986208654,37.43243243243244,62.69708773882397,89.51029493600444
2025-09-01,70.13663772218513,29.863362277814872,7,GOLD,RISK_ON,61.37127296190557,60.723964382500974,65.65572250046374,100.0
2025-09-02,27.2038111180638,72.7961888819362,6,NONE,DEFENSIVE,40.11697495918081,23.326959847036328,56.722922848664695,13.8353115727003
2025-09-03,15.72089270674824,84.27910729325176,2,SILVER,RISK_OFF,31.87613063107208,14.802259887005649,43.807934742306266,0.0
2025-09-04,14.549308618004817,85.45069138199518,2,NONE,RISK_OFF,40.073266705999735,43.24167312161116,40.877062859262,0.0
2025-09-05,64.43064103131837,35.56935896868163,6,GOLD,RECOVERY,65.08836419341915,91.3812785388128,51.38142035972557,100.0
2025-09-08,67.59056099416125,32.40943900583875,7,GOLD,RECOVERY,62.34758947116483,74.79753181642886,59.28637627432808,100.0
2025-09-09,52.89701296740781,47.10298703259219,6,NONE,TRANSITION,43.36778455309303,24.100306278713628,53.835464146748194,72.60515100982026
2025-09-10,50.629937425602066,49.370062574397934,5,NONE,TRANSITION,48.56599266047837,46.59498207885305,53.03816228232678,68.34012597258243
2025-09-11,61.20544358163795,38.79455641836205,6,GOLD,RECOVERY,62.09594388780757,80.65899785533243,59.16249768389847,86.13118399110617
2025-09-12,61.577519396296296,38.422480603703704,6,NONE,RECOVERY,49.64015983841114,36.10248447204969,56.518518518518526,89.25925925925927
2025-09-15,54.15526334723971,45.84473665276029,5,NONE,TRANSITION,47.435386939691966,35.97667638483965,54.65913301222675,74.63875509447944
2025-09-16,65.70447986724712,34.295520132752884,7,GOLD,RECOVERY,60.045838036493926,68.55370298565336,60.263060392738055,95.01667284179324
2025-09-17,66.22434842784881,33.77565157215119,7,NONE,RECOVERY,54.61178187271829,47.52514296982844,61.76579581248842,94.83972577357792
2025-09-18,20.812599194180873,79.18740080581912,6,NONE,DEFENSIVE,36.70419457294624,18.7889077532541,49.17531504818384,6.449221645663456
2025-09-19,16.818458819733184,83.18154118026682,5,NONE,RISK_OFF,38.36958635801979,35.42989036353145,46.55364091161756,0.0
2025-09-22,16.065495379162034,83.93450462083797,4,NONE,RISK_OFF,38.95465049565958,40.57859209257473,44.67000370782351,0.0
2025-09-23,13.387239705815892,86.61276029418411,3,NONE,RISK_OFF,33.09716818154473,20.36617591543979,37.969994443415445,0.0
2025-09-24,58.30925884742497,41.69074115257503,6,GOLD,RECOVERY,60.70249470025205,84.19938414164743,44.30344572063727,92.79362726935902
2025-09-25,41.042935167012416,58.957064832987584,5,NONE,TRANSITION,40.949495937489125,26.99904122722915,41.97073532135581,57.0383404334136
2025-09-26,20.31304387952231,79.68695612047769,2,SILVER,DEFENSIVE,37.54157839404187,33.72734436564224,37.51157193112387,15.561932975374932
2025-09-29,37.07631551975172,62.92368448024828,3,NONE,DEFENSIVE,51.77208922078324,68.70923107333465,42.20863442653326,48.14711876968686
2025-09-30,51.140177370952195,48.859822629047805,4,NONE,TRANSITION,49.900109201816576,50.43478260869565,43.72915894775843,77.60281585772508
2025-10-09,56.24684495400297,43.75315504599703,5,NONE,RECOVERY,55.44484545303132,59.17022101589764,47.17383246849518,85.76723498888066
2025-10-10,53.23055341393109,46.76944658606891,5,NONE,TRANSITION,52.67195999270445,52.05956294720557,46.84142274916636,79.45535383475362
2025-10-13,25.843175811571935,74.15682418842806,4,NONE,DEFENSIVE,40.660541387947546,31.229618262037217,43.0938715052768,22.782817996667287
2025-10-14,38.690372354054055,61.309627645945945,4,NONE,DEFENSIVE,43.175934423941776,32.41885625965997,39.263235838578304,54.25768233987412
2025-10-15,53.56875672095519,46.43124327904481,5,GOLD,TRANSITION,60.18325671553507,82.4088440651668,46.019992595335054,80.91447611995557
2025-10-16,39.77142357474561,60.22857642525439,4,NONE,DEFENSIVE,39.16737317520501,21.397296782790782,40.49028677150787,55.550416281221096
2025-10-17,9.961832638017752,90.03816736198225,2,SILVER,RISK_OFF,28.28565024548815,10.735735735735735,29.400887573964496,0.0
2025-10-20,35.633430545747046,64.36656945425295,3,BOUNCE,DEFENSIVE,52.59898465601,76.7455391776571,34.79105029585799,51.4792899408284
2025-10-21,58.02917540837802,41.97082459162198,6,GOLD,RECOVERY,62.05888942136405,87.13461538461537,45.163676715368965,91.42777880525244
2025-10-22,51.05660435530892,48.94339564469108,5,NONE,TRANSITION,48.01815605236296,43.105491900434615,45.68072512023677,75.71217166111728
2025-10-23,52.46625420867073,47.53374579132927,5,NONE,TRANSITION,52.39893793870053,56.40023451240962,47.74449990756147,76.99205028655945
2025-10-24,56.81738278973932,43.18261721026068,6,NONE,RECOVERY,54.70427705521181,56.92636487274141,50.60085043446107,84.01737844333519
2025-10-27,63.86903611475319,36.13096388524681,6,GOLD,RECOVERY,59.78963585479199,64.75491168882715,55.56479940839343,95.11000184877057
2025-10-28,60.40279844335923,39.59720155664077,6,NONE,RECOVERY,52.518222916099646,44.3284757778653,54.26378098409175,88.66074731779504
2025-10-29,59.38207852181146,40.61792147818854,6,NONE,RECOVERY,54.89514690792304,50.57270432925646,55.5452865064695,85.30499075785582
2025-10-30,33.24877176182289,66.7512282381771,5,NONE,DEFENSIVE,40.52697807017052,22.57323377369328,46.995747827694586,35.579589572934
2025-10-31,54.894023908133086,45.105976091866914,5,NONE,TRANSITION,59.80031667252243,71.07501933488012,53.40110905730129,77.35674676524954
2025-11-03,66.95164463986325,33.04835536013675,6,NONE,RECOVERY,61.283923410412136,66.49864288483909,57.68804287562372,100.0
2025-11-04,47.840178642756825,52.159821357243175,5,NONE,TRANSITION,45.59025589750949,30.286599535244,52.44826311899482,62.74944567627494
2025-11-05,66.22766696845315,33.77233303154685,7,GOLD,RECOVERY,59.29579769393792,64.25473186119875,55.87691739050082,100.0
2025-11-06,66.81497538556644,33.18502461443356,7,NONE,RECOVERY,57.07542751861629,54.649555774925965,57.34614673812604,100.0
2025-11-07,64.45569447331854,35.544305526681455,6,NONE,RECOVERY,52.136038179370345,39.54126641834934,56.00517368810052,96.00886917960088
2025-11-10,67.96659023926527,32.03340976073473,7,NONE,RECOVERY,60.79118169772622,63.79110251450677,60.22706294997231,100.0
2025-11-11,68.16135222857143,31.83864777142857,7,NONE,RECOVERY,57.46539494812233,52.53375073371161,60.71428571428572,100.0
2025-11-12,43.00123811918819,56.99876188081181,6,NONE,TRANSITION,46.043229545273626,32.506780317706315,57.23247232472325,47.97047970479705
2025-11-13,68.57365266058314,31.426347339416864,7,GOLD,RECOVERY,64.12044572921491,75.69279493269991,61.74570954050562,100.0
2025-11-14,60.91591797232786,39.08408202767214,6,NONE,RECOVERY,51.75779990161349,36.63809894818855,58.16872807827211,86.36699280044304
2025-11-17,47.679711265288034,52.320288734711966,5,NONE,TRANSITION,51.69672455723288,48.49478965650328,56.27769571639587,59.04726735598227
2025-11-18,17.565052837481538,82.43494716251845,4,NONE,RISK_OFF,36.78639508404393,23.04471931493816,48.42134416543575,0.0
2025-11-19,13.642720266426862,86.35727973357314,3,NONE,RISK_OFF,33.74720667180367,21.7778620166793,38.60911270983214,0.0
2025-11-20,11.816503272324724,88.18349672767528,2,NONE,RISK_OFF,34.04547027984384,26.56826568265683,34.040590405904055,0.0
2025-11-21,5.592746762744374,94.40725323725563,2,NONE,RISK_OFF,25.09098725541702,6.232558139534882,18.471043895241607,0.0
2025-11-24,7.9336072582948844,92.06639274170512,3,BOUNCE,RISK_OFF,46.58494730329152,79.5649685174585,22.43956449529433,1.6515962354677949
2025-11-25,37.645584595236336,62.354415404763664,4,NONE,DEFENSIVE,54.006905901743295,81.90160093713394,28.221935007385525,61.63220088626292
2025-11-26,24.77330572843952,75.22669427156048,3,NONE,DEFENSIVE,37.17665956186847,31.499902477082117,26.40812557710065,35.041551246537395
2025-11-27,20.965929172737347,79.03407082726265,2,NONE,DEFENSIVE,41.05137514443928,53.09646685192537,27.86294791281862,25.43405984484669
2025-11-28,37.87067201998522,62.12932798001478,3,NONE,DEFENSIVE,53.48324748845052,78.29126213592232,33.63502031769487,57.38825267824159
2025-12-01,48.56200058389361,51.43799941610639,4,NONE,TRANSITION,52.27807081105168,64.9177760375881,38.4281492427041,76.59770964166974
2025-12-02,32.890140436262925,67.10985956373707,3,NONE,DEFENSIVE,39.37626121426086,28.872558499323148,35.94903988183161,44.46085672082718
2025-12-03,11.08160253459978,88.91839746540022,2,NONE,RISK_OFF,33.80141910474049,26.603737237526488,32.202139431943934,0.0
2025-12-04,9.48752781392732,90.51247218607269,2,NONE,RISK_OFF,32.81137345570582,26.78502508683906,28.21435159564656,0.0
2025-12-05,42.56468246297527,57.43531753702473,3,NONE,TRANSITION,56.5743331816042,82.50047865211565,34.837578442229606,66.61129568106313
2025-12-08,53.97397440496218,46.02602559503782,4,NONE,TRANSITION,55.6644704755392,65.27394560504534,39.568345323741006,87.44696550451945
2025-12-09,20.87612507273566,79.12387492726434,3,NONE,DEFENSIVE,36.11379178463272,23.90559573658165,35.823648773289065,18.27153661686036
2025-12-10,22.141498787354625,77.85850121264538,2,NONE,DEFENSIVE,42.46068533524431,45.992553399960805,36.06239616023629,20.83256414989847
2025-12-11,9.88203144517617,90.11796855482383,2,NONE,RISK_OFF,31.723350897461707,18.573579224689503,29.2012543811105,0.0
2025-12-12,10.872835812446988,89.127164187553,2,NONE,RISK_OFF,41.87889220202972,50.48828125,31.679881984141623,0.0
2025-12-15,10.81987737690889,89.18012262309111,2,NONE,RISK_OFF,38.960470817811874,43.33527923720568,31.54739948358539,0.0
2025-12-16,8.901045120025817,91.09895487997419,2,NONE,RISK_OFF,31.27122829761403,19.88689915174364,26.747187903374517,0.0
2025-12-17,20.086004276216816,79.91399572378319,2,NONE,DEFENSIVE,48.49095567995289,69.40969507427678,30.245206489675518,21.42330383480826
2025-12-18,41.11846298859407,58.88153701140593,3,NONE,TRANSITION,48.31127928294771,54.23962227031281,31.251151649161603,66.58374792703151
2025-12-19,56.35519170858828,43.64480829141172,6,GOLD,RECOVERY,61.70227934567255,83.66723907651212,39.246221894581645,92.94139329155917
2025-12-22,60.97787390759727,39.02212609240273,6,NONE,RECOVERY,55.91519752008524,56.947743467933485,42.74386870735755,100.0
2025-12-23,47.838867979262666,52.161132020737334,5,NONE,TRANSITION,44.09438435418467,27.488514548238896,37.944700460829495,75.43778801843317
2025-12-24,61.354511999576346,38.645488000423654,6,GOLD,RECOVERY,61.75019080519163,78.75586854460094,44.83330263400258,98.99613188432492
2025-12-25,64.64008640843151,35.359913591568485,6,NONE,RECOVERY,61.75587663421261,72.35691573926869,51.90537555228277,100.0
2025-12-26,63.650305315832114,36.349694684167886,6,NONE,RECOVERY,51.81886215666445,34.80641376613218,49.42930780559647,100.0
2025-12-29,51.53306733202061,48.46693266797939,5,NONE,TRANSITION,49.2345386027806,37.229520865533225,47.86529260213471,74.84357747515642
2025-12-30,45.57767122655991,54.42232877344009,5,NONE,TRANSITION,46.62634167039194,34.09531189461449,45.58255107675318,63.80452788514632
2025-12-31,44.436045199724006,55.563954800275994,4,NONE,TRANSITION,49.65664664229055,46.896006326611314,45.67617295308188,61.22355105795768
2026-01-05,66.91856789352585,33.08143210647415,7,GOLD,RECOVERY,66.98993892313206,78.70511841100077,57.60529703880817,100.0
2026-01-06,70.4978716881942,29.502128311805805,7,GOLD,RISK_ON,68.67282065467795,77.39872068230278,66.55939683707246,100.0
2026-01-07,69.78266798474264,30.217332015257355,7,NONE,RECOVERY,57.72726972479115,40.153403643336524,64.77022058823529,100.0
2026-01-08,71.95552965778636,28.044470342213643,7,NONE,RISK_ON,66.94598115570305,70.276542254883,70.20592020592021,100.0
2026-01-09,73.97664112129068,26.023358878709317,7,NONE,RISK_ON,69.98702976746517,74.99016135379773,75.26199669056813,100.0
2026-01-12,76.057984003125,23.942015996875,8,GOLD,RISK_ON,74.02980739688063,78.23168392788646,80.46875,100.0
2026-01-13,74.47339564124793,25.526604358752067,7,NONE,RISK_ON,58.6533974002046,29.963761205416752,76.50469353948095,100.0
2026-01-14,74.1588048909091,25.841195109090904,7,NONE,RISK_ON,65.28444974069264,51.4550009635768,75.71770334928229,100.0
2026-01-15,68.38377374977925,31.61622625022075,7,NONE,RECOVERY,57.27764751452964,41.34099616858238,74.05261221486387,88.81530537159676
2026-01-16,72.52879036379849,27.471209636201507,7,NONE,RISK_ON,58.88435322432477,44.21455938697318,71.64000735429306,100.0
2026-01-19,74.56972804549798,25.430271954502018,7,NONE,RISK_ON,65.5182274902894,66.46787225856099,76.74568173465637,100.0
2026-01-20,73.5801973939967,26.4198026060033,7,NONE,RISK_ON,57.77726655388869,41.64116296863045,74.27024049935744,100.0
2026-01-21,73.98386711359045,26.01613288640955,7,NONE,RISK_ON,62.28569916831857,58.79485179407177,75.28007346189165,100.0
2026-01-22,75.31946977695979,24.680530223040208,8,NONE,RISK_ON,65.16187479257384,67.07930367504835,78.62125940884891,100.0
2026-01-23,77.08691649966967,22.91308350033033,8,GOLD,RISK_ON,68.83616625064141,74.54053008318824,83.04276013947513,100.0
2026-01-26,73.90861104788836,26.091388952111643,7,NONE,RISK_ON,54.91008905482745,29.59395656279509,75.09181050312156,100.0
2026-01-27,50.057606038707306,49.942393961292694,6,NONE,TRANSITION,49.91590860557119,35.5542900531511,69.41792141020933,52.75431509364671
2026-01-28,63.5383555020202,36.4616444979798,6,NONE,RECOVERY,50.16717010938056,32.22074720273089,62.42424242424243,88.38383838383838
2026-01-29,36.58353407841013,63.41646592158987,5,NONE,DEFENSIVE,44.25926106488316,33.2129963898917,56.69175693042041,34.39507986047366
2026-01-30,35.01353031799486,64.98646968200515,4,NONE,DEFENSIVE,46.49684857870183,45.525962828128,53.39698861549761,33.84135145060595
2026-02-02,13.76148619686181,86.23851380313819,3,NONE,RISK_OFF,30.46887650667055,13.67713004484305,38.90622132501376,0.0
2026-02-03,42.934044515819416,57.065955484180584,4,NONE,TRANSITION,59.36076886521428,90.60680067631036,49.08240044044779,54.95503762158194
2026-02-04,55.92315014611151,44.07684985388849,5,NONE,RECOVERY,54.0515994547112,60.77188940092167,53.07226705796039,79.89728539985326
2026-02-05,30.200676099486333,69.79932390051367,4,NONE,DEFENSIVE,38.72779159852055,29.63391136801541,48.46817097780224,27.618785543936895
2026-02-06,37.169290312105645,62.830709687894355,4,NONE,DEFENSIVE,46.70806763494802,51.72413793103448,48.91782831988261,42.47982391782832
2026-02-09,66.237195435388,33.762804564612,7,GOLD,RECOVERY,64.30641725197759,86.40942786542483,58.74151531829022,97.51421757475693
2026-02-10,60.58153429211444,39.41846570788556,6,NONE,RECOVERY,50.127762088299534,40.97398787404655,58.44489271960389,85.39336145241153
2026-02-11,52.14546744466447,47.85453255533553,5,NONE,TRANSITION,47.36893762177205,38.27525103366804,57.67326732673267,67.6017601760176
2026-02-12,39.398730592544425,60.601269407455575,4,NONE,DEFENSIVE,44.8931269612212,38.56021443614781,53.85601758563839,43.03901813518959
2026-02-13,17.632162099926713,82.36783790007328,3,NONE,RISK_OFF,36.44118883862662,27.928971241073157,48.58922682301209,0.0
2026-02-24,55.39736108988826,44.60263891011174,4,NONE,RECOVERY,59.88910088419046,74.69124073722212,58.49972522440008,73.99706906026745
2026-02-25,69.7946598991569,30.205340100843102,7,GOLD,RECOVERY,62.77925622984301,70.56655025223128,64.80021994134897,100.0
2026-02-26,67.17401333024748,32.825986669752524,7,NONE,RECOVERY,55.329194228321946,46.34427173287277,63.638863428047664,95.2795600366636
2026-02-27,70.6298918896261,29.370108110373906,7,NONE,RISK_ON,60.51060186652607,61.65823277539899,66.88966275659824,100.0
2026-03-02,19.17804719367553,80.82195280632448,6,NONE,RISK_OFF,37.82735729084277,20.889136904761905,52.45646196150321,0.0
2026-03-03,12.771752859281658,87.22824714071834,2,SILVER,RISK_OFF,31.408742356824693,11.563367252543944,36.43027304379696,0.0
2026-03-04,11.813314262806891,88.1866857371931,2,SILVER,RISK_OFF,35.68978915496467,31.75482146266947,34.032612678636866,0.0
2026-03-05,39.90860823223443,60.09139176776557,3,NONE,DEFENSIVE,54.477332440480495,76.54037504783773,39.43223443223443,56.77655677655677
2026-03-06,60.32318840986998,39.67681159013002,6,GOLD,RECOVERY,60.93456298575121,79.06320541760724,48.02234023072698,93.94799487273391
2026-03-09,28.08422657172919,71.91577342827081,5,NONE,DEFENSIVE,39.42510877449216,26.28398791540786,42.68984446477585,28.042086001829823
2026-03-10,64.3942020875183,35.605797912481705,6,GOLD,RECOVERY,64.01763886028833,84.40850103441791,51.290263543191806,100.0
2026-03-11,63.39117133548564,36.60882866451436,6,NONE,RECOVERY,50.73978781362912,38.230769230769226,49.89939637826962,99.02140113407718
2026-03-12,48.0160229359978,51.9839770640022,5,NONE,TRANSITION,43.53144753020766,27.409922656102623,45.50942015730748,69.20614596670934
2026-03-13,21.283550845737285,78.71644915426272,2,SILVER,DEFENSIVE,37.58012910944093,27.720107650903504,42.398463227222834,13.410171972191732
2026-03-16,24.501822654986277,75.49817734501372,2,NONE,DEFENSIVE,45.135726392702566,53.26546292739147,41.67429094236048,21.08874656907594
2026-03-17,11.306951503368115,88.69304849663189,2,NONE,RISK_OFF,30.307163980007257,15.54345785620424,32.765879553358964,0.0
2026-03-18,16.668708865623284,83.33129113437671,2,NONE,RISK_OFF,45.9457076497212,66.1977186311787,36.10653487095002,8.813838550247121
2026-03-19,8.465997095754025,91.53400290424598,2,NONE,RISK_OFF,26.40687262467841,9.03558915729301,25.65885797950219,0.0
2026-03-20,6.068611482982616,93.93138851701738,2,NONE,RISK_OFF,26.286874379495615,11.853088480801338,19.661482159194875,0.0
2026-03-23,2.781877031711777,97.21812296828823,2,NONE,RISK_OFF,21.861804539168038,5.407882676443632,11.439283101682514,0.0
2026-03-24,28.8962614705086,71.10373852949141,3,BOUNCE,DEFENSIVE,54.8307173477669,94.2382271468144,16.282473472374683,52.92718624222466
2026-03-25,38.11470241802378,61.88529758197622,4,NONE,DEFENSIVE,54.67618590399347,90.33408408408408,20.73193046660567,69.2131747483989
2026-03-26,23.549566475997068,76.45043352400293,3,NONE,DEFENSIVE,29.76827460111237,16.576036002250138,18.5876326381266,39.20600073179656
2026-03-27,34.358177692052735,65.64182230794727,3,BOUNCE,DEFENSIVE,50.36964354466592,80.68783068783068,21.781724958798755,60.07141549166819
2026-03-30,32.44256918294559,67.55743081705441,3,NONE,DEFENSIVE,43.28814772196,54.09266409266409,23.474995420406668,54.39640959882762
2026-03-31,11.564190447564995,88.435809552435,2,NONE,RISK_OFF,28.66618997000947,18.305084745762716,19.37019406810692,12.28487733430978
2026-04-01,38.86473789301262,61.13526210698738,3,BOUNCE,DEFENSIVE,53.87657020222749,84.00828781314749,23.870495701481616,68.10865191146881
2026-04-02,6.499275209290416,93.50072479070958,2,NONE,RISK_OFF,27.42868449119423,18.8248502994012,20.73884418434528,0.0
2026-04-03,4.5169713627171335,95.48302863728287,2,NONE,RISK_OFF,24.048799574276167,12.59988849656198,15.779850063997076,0.0
2026-04-07,12.154706093525974,87.84529390647403,3,BOUNCE,RISK_OFF,43.86017922446411,74.10290487943801,18.919166057059257,13.972201901975136
2026-04-08,48.39873167445175,51.60126832554825,4,NONE,TRANSITION,63.214501236764335,94.6527012127894,37.088815789473685,77.41228070175438
2026-04-09,46.98499193287671,53.01500806712329,5,NONE,TRANSITION,38.30327898911413,20.58713537771129,30.438356164383563,80.13698630136986
2026-04-10,49.763595236632575,50.236404763367425,5,NONE,TRANSITION,55.25019076091835,74.51242829827916,38.23046018991965,79.40102264426588
2026-04-13,49.115161990215405,50.884838009784595,5,NONE,TRANSITION,46.32839936813827,44.36932586440023,38.289521723256655,77.92990142387733
2026-04-14,60.58415511411894,39.41584488588106,6,NONE,RECOVERY,57.452337820069374,70.57453416149069,45.74060561838745,96.51587012039404
2026-04-15,51.0364440810219,48.9635559189781,5,NONE,TRANSITION,45.35597475656486,33.69565217391305,45.40145985401461,75.91240875912408
2026-04-16,65.58503701100165,34.414962988998354,7,GOLD,RECOVERY,62.57766722248388,80.64206074586697,54.26929392446633,100.0
2026-04-17,65.16156446177276,34.838435538227245,7,NONE,RECOVERY,52.736543024107554,44.22857142857143,53.20992157577968,100.0
2026-04-20,66.2824127387662,33.7175872612338,7,GOLD,RECOVERY,59.47707353357515,64.85177291222631,56.01387114436941,100.0
2026-04-21,65.03762565637425,34.962374343625754,7,NONE,RECOVERY,51.03483982880781,35.73338426279603,52.8998723326646,100.0
2026-04-22,65.13946291889133,34.860537081108674,7,NONE,RECOVERY,56.63534447300258,54.689309147047474,53.15463165572575,100.0
2026-04-23,40.77101266872833,59.22898733127167,6,NONE,TRANSITION,42.48057868278388,24.282229311315444,46.41488779419814,52.55427841634738
2026-04-24,28.73933470758986,71.26066529241014,5,NONE,DEFENSIVE,42.64855165975541,37.41910925009516,43.21291735084839,29.01842729428936
2026-04-27,54.06012978513046,45.93987021486954,5,NONE,TRANSITION,55.808439057406765,60.94550977786216,46.71592775041052,81.3811348294107
2026-04-28,24.040730056436008,75.959269943564,4,NONE,DEFENSIVE,39.65123577711536,31.248819195163424,41.49169253240825,20.2391820339602
2026-04-29,63.01310191493304,36.98689808506696,6,GOLD,RECOVERY,61.630424401845744,74.29879793932456,47.835259585397175,100.0
2026-04-30,63.6550130590251,36.3449869409749,6,NONE,RECOVERY,55.92362978123639,53.45719210879142,49.44108484515301,100.0
2026-05-06,65.73514496666667,34.26485503333333,7,GOLD,RECOVERY,63.87619941438621,72.82402128468263,54.644808743169406,100.0
2026-05-07,66.93907225757465,33.06092774242535,7,NONE,RECOVERY,61.947330776458486,66.11601997694967,57.65659140568099,100.0
2026-05-08,68.51572717543253,31.48427282456747,7,NONE,RECOVERY,62.79275251490958,67.97186846607109,61.60080131123657,100.0
2026-05-11,69.08181437032246,30.918185629677538,7,NONE,RECOVERY,61.72954347987572,58.13998082454458,63.01694297686282,100.0
2026-05-12,51.00647898943534,48.99352101056466,6,NONE,TRANSITION,46.49089397188439,25.08392390898918,56.62112932604736,66.02914389799636
2026-05-13,67.17138692734389,32.82861307265611,7,GOLD,RECOVERY,59.68925009759744,60.015408320493066,58.23775714545785,100.0
2026-05-14,17.62847814434735,82.37152185565265,6,NONE,RISK_OFF,35.676467550104505,18.787202380952383,48.5800109229929,0.0
2026-05-15,16.40953950881121,83.5904604911888,2,SILVER,RISK_OFF,39.18891941450442,33.02422407267221,45.53067540506098,0.0
2026-05-18,16.138141406239765,83.86185859376023,2,NONE,RISK_OFF,41.30943126764027,43.75356531660011,44.851737311260685,0.0
2026-05-19,56.255320524649555,43.744679475350445,3,NONE,RECOVERY,56.561812103492414,67.14367487120778,48.12488621882396,84.95357728017477
2026-05-20,20.98879539932691,79.0112046006731,2,NONE,DEFENSIVE,37.51461968997068,29.791200596569723,43.29634346006913,11.979261415317447
2026-05-21,11.447780493636362,88.55221950636364,2,NONE,RISK_OFF,29.55326720455999,12.260324483775808,33.11818181818181,0.0
2026-05-22,13.330188255454548,86.66981174454546,2,NONE,RISK_OFF,47.116765055919366,71.97199091597275,37.82727272727273,0.0
2026-05-25,13.151240407941124,86.84875959205888,2,NONE,RISK_OFF,37.92158544405283,40.01502911891791,37.379611121206615,0.0
2026-05-26,11.462355422478648,88.53764457752135,2,NONE,RISK_OFF,32.297766832570545,24.446511627906972,33.15464292204252,0.0
2026-05-27,9.333997139723788,90.66600286027621,2,NONE,RISK_OFF,29.01928052164777,17.3728813559322,27.83027439578412,0.0
2026-05-28,9.678501768664852,90.32149823133514,2,NONE,RISK_OFF,40.106280254319664,55.63767292021981,28.692098092643054,0.0
2026-05-29,7.320207546911337,92.67979245308867,2,NONE,RISK_OFF,30.436771707531896,27.586847482816275,22.79251453488372,0.0
2026-06-01,9.096831508250048,90.90316849174995,2,NONE,RISK_OFF,43.66334340729015,68.94248608534322,24.71379247683082,2.207886607305109
2026-06-02,7.5451123766993815,92.45488762330062,2,NONE,RISK_OFF,30.60619713772895,28.14662427529456,23.355143584151214,0.0
2026-06-03,7.175326805266983,92.82467319473302,2,NONE,RISK_OFF,31.49111414181353,30.96038863976084,22.43007628042136,0.0
2026-06-04,6.627192005957137,93.37280799404286,2,NONE,RISK_OFF,28.76141837231636,24.12962962962963,21.058844896476568,0.0
2026-06-05,6.834600739179375,93.16539926082062,2,NONE,RISK_OFF,40.04655748429797,60.17061611374408,21.577705156136528,0.0
2026-06-08,5.247779928223755,94.75222007177625,2,NONE,RISK_OFF,25.96278852147068,16.07994132746608,17.6080639302579,0.0
2026-06-09,6.284502372090068,93.71549762790993,2,NONE,RISK_OFF,39.41893784327512,61.75966482574747,20.201561648810607,0.0
2026-06-10,5.644803856766576,94.35519614323343,2,NONE,RISK_OFF,29.284377775201303,27.96863330843913,18.60127157129882,0.0
2026-06-11,5.077280574214065,94.92271942578594,2,NONE,RISK_OFF,28.059555548717853,24.651162790697672,17.18153734326731,0.0
2026-06-12,18.078311807720254,81.92168819227975,2,NONE,RISK_OFF,46.02557477695275,72.01499531396438,19.13714804722979,26.74841053587648
2026-06-15,35.81913411545455,64.18086588454545,3,NONE,DEFENSIVE,50.6105332977282,72.53680634201586,24.06363636363637,61.27272727272728
2026-06-16,29.88952225840901,70.11047774159098,3,NONE,DEFENSIVE,42.79645232138526,50.11286681715576,26.47112241191428,46.1859789320741
2026-06-17,8.79838381890222,91.20161618109778,2,NONE,RISK_OFF,32.36710458040848,31.000556896231668,26.490367139222105,0.0
2026-06-18,8.469772770812877,91.53022722918712,2,NONE,RISK_OFF,34.160618906197755,36.49306856500562,25.668303327877798,0.0
2026-06-22,18.733817930134496,81.26618206986551,2,NONE,RISK_OFF,43.310207163179264,54.11010558069381,27.853507815339874,20.55616139585605
2026-06-23,34.95639333722535,65.04360666277465,3,NONE,DEFENSIVE,45.05115230914576,51.0295769374766,28.354821136735065,55.62919920101689
2026-06-24,8.916056618801091,91.0839433811989,2,NONE,RISK_OFF,31.07678435491036,25.83271650629164,26.78474114441417,0.0
2026-06-25,7.961184835876474,92.03881516412352,2,NONE,RISK_OFF,29.800291589988,22.27155012948576,24.39600363306085,0.0
2026-06-26,6.505277668755677,93.49472233124432,2,NONE,RISK_OFF,26.00083430775748,13.99411548363369,20.75386012715713,0.0
2026-06-29,6.586087273100692,93.41391272689931,2,NONE,RISK_OFF,36.18120590529553,45.34534534534534,20.956015994183936,0.0
2026-06-30,36.337697137906595,63.662302862093405,3,NONE,DEFENSIVE,45.59910045177242,56.11940298507463,23.91422860258041,62.53861530074505
2026-07-01,52.19146838625386,47.80853161374614,4,NONE,TRANSITION,57.63508103624175,79.18510324483776,27.89177410568368,93.76248411113129
2026-07-02,32.86048497029577,67.13951502970423,3,NONE,DEFENSIVE,41.439353332833775,40.94175491679274,27.26365450916349,51.996007984031934
2026-07-03,38.128934571770685,61.871065428229315,4,NONE,DEFENSIVE,50.99222659531464,69.96453238753033,31.11393323657474,60.15965166908563
2026-07-06,21.667151074351537,78.33284892564846,3,NONE,DEFENSIVE,35.962185223168674,34.25579655946148,29.11300562307274,25.87520406312353
2026-07-07,6.692637271521858,93.30736272847814,2,NONE,RISK_OFF,24.31606729850386,12.330275229357795,21.22256484672592,0.0
2026-07-08,5.438241038980592,94.56175896101941,2,NONE,RISK_OFF,28.529881438712923,29.132969719766788,18.084527480500636,0.0
2026-07-09,5.723286442002175,94.27671355799782,2,NONE,RISK_OFF,34.46252542342916,45.93879863996978,18.797606093579976,0.0
2026-07-10,29.397155372529465,70.60284462747053,3,NONE,DEFENSIVE,47.61779941534149,68.80341880341881,21.087941976427928,49.81867633726201
2026-07-13,4.147301597101449,95.85269840289855,2,NONE,RISK_OFF,22.948908984143728,14.243813015582036,14.855072463768115,0.0
2026-07-14,10.79759215729808,89.20240784270192,3,BOUNCE,RISK_OFF,44.39485838556719,77.25497489306305,19.467584208620064,10.521550162984427
2026-07-15,31.273040352326632,68.72695964767337,3,NONE,DEFENSIVE,44.9090760124038,61.48258521139877,23.91816042006156,51.44848814050334
2026-07-16,8.052388771834813,91.94761122816519,2,NONE,RISK_OFF,35.2040906496073,46.11585944919278,24.62416228944032,0.0
2026-07-17,4.461180773283825,95.53881922671617,2,NONE,RISK_OFF,22.18854037643129,8.521165475536009,15.640282557507698,0.0
2026-07-20,4.831659190820206,95.1683408091798,2,NONE,RISK_OFF,30.003703833122465,31.788812996123315,16.56708310700706,0.0
2026-07-21,4.846134624461343,95.15386537553866,2,NONE,RISK_OFF,38.82187495826764,57.29770136423098,16.603295310519645,0.0
2026-07-22,24.017402601230998,75.982597398769,2,NONE,DEFENSIVE,32.47200145703641,27.83793876026885,16.11151339608979,42.39681390296887
2026-07-23,38.511785985067874,61.488214014932126,3,NONE,DEFENSIVE,50.44091731994581,77.9870729455217,20.5158371040724,70.27149321266968
2026-07-24,7.600756578421432,92.39924342157857,2,NONE,RISK_OFF,21.65365929170684,9.930504754937818,12.074583635047068,9.992758870383778
2026-07-27,33.77002808532608,66.22997191467391,3,BOUNCE,DEFENSIVE,53.81821803300587,94.91929567131328,18.77717391304348,61.41304347826087
2026-07-28,32.169367114955634,67.83063288504437,3,NONE,DEFENSIVE,39.78953852292927,48.36143208941087,19.95292413543364,56.8803186673909
2026-07-29,47.1199512998189,52.8800487001811,4,NONE,TRANSITION,54.08844329043399,78.12152649129307,28.585657370517925,82.05360376675117
2026-07-30,22.31388223884567,77.68611776115432,3,NONE,DEFENSIVE,35.202197425142586,32.29615745079663,28.179844400217117,28.10747240817804
2026-07-31,53.56029557116497,46.43970442883503,5,GOLD,TRANSITION,59.48228384606576,86.82590035454376,36.260853835021706,89.43560057887119
2026-08-03,60.89195992264833,39.10804007735167,6,NONE,RECOVERY,57.25256449567068,73.23578440451935,42.52894356005788,100.0
2026-08-04,62.59490055307525,37.40509944692475,6,NONE,RECOVERY,56.93928118651365,67.78927563499529,46.78907380607814,100.0
2026-08-05,64.51443114487435,35.48556885512565,6,NONE,RECOVERY,58.87225107403869,69.80339759496087,51.591032363044654,100.0
2026-08-06,65.2369103571222,34.7630896428778,7,NONE,RECOVERY,53.8126442496332,51.81939417031816,53.39840925524223,100.0
2026-08-07,64.45898266664258,35.541017333357416,6,NONE,RECOVERY,54.72964770283623,52.84846183061147,56.966028189374775,95.17528008673656
2026-08-10,69.66014184279524,30.33985815720476,7,NONE,RECOVERY,63.48351226789989,74.83714870649544,64.46370530877573,100.0
2026-08-11,69.03402790621388,30.96597209378612,7,NONE,RECOVERY,49.38550235446415,29.41622441243366,62.89739884393064,100.0
2026-08-12,70.6526323854099,29.347367614590098,7,GOLD,RISK_ON,63.08997202956264,77.08889736741702,66.94655110148068,100.0
2026-08-13,62.13000854458484,37.86999145541516,6,NONE,RECOVERY,45.68509876047089,20.49378132541303,61.92238267148015,85.74007220216606
2026-08-14,56.074883420938626,43.925116579061374,6,NONE,RECOVERY,50.50970398216057,44.63568559954102,59.15162454873646,74.90974729241877
2026-08-17,69.92721202517154,30.072787974828458,7,GOLD,RECOVERY,65.39385807845727,80.67005458309806,65.13181654026725,100.0
2026-08-18,69.43898532292833,30.561014677071668,7,NONE,RECOVERY,53.51051317039155,38.803161460293566,63.91045315038816,100.0
2026-08-19,30.019601300541613,69.98039869945839,6,NONE,DEFENSIVE,32.213558268991555,7.951237263464339,40.59397003069146,34.1126557140278
2026-08-20,51.3023716700361,48.6976283299639,5,NONE,TRANSITION,57.44581581776589,75.73653593544756,48.86281588447653,73.46570397111914
2026-08-21,41.610586063442796,58.389413936557204,4,NONE,TRANSITION,46.279000975364426,46.54545454545455,45.66041140382533,55.05232767953808
2026-08-24,31.014951877998193,68.98504812200181,3,NONE,DEFENSIVE,37.66145873585627,26.432047922126543,38.530207394048695,38.09738503155996
2026-08-25,60.347707451487835,39.652292548512165,6,GOLD,RECOVERY,60.19588707204879,77.52225519287835,48.63841298467088,93.46257889990984
2026-08-26,62.41457887869118,37.58542112130882,6,NONE,RECOVERY,54.058365270562994,54.522900763358784,50.32449972958356,96.51162790697674
2026-08-27,60.06392505590409,39.93607494409591,6,NONE,RECOVERY,57.21458279721451,63.89315910837817,53.921038399134666,88.21885703984135
2026-08-28,66.14525527890372,33.85474472109628,7,NONE,RECOVERY,56.72362555001149,55.68397120121258,55.670753696357735,100.0
2026-08-31,67.2017827156898,32.7982172843102,7,NONE,RECOVERY,58.78681607411556,58.9690332326284,58.31379621280433,100.0
2026-09-01,68.41010762088744,31.589892379112555,7,NONE,RECOVERY,60.48154458720128,62.40346581277076,61.33658008658009,100.0
2026-09-02,51.94522724698882,48.05477275301118,6,NONE,TRANSITION,45.84075047348096,27.8526000748223,56.88784709700685,67.85070320952038
2026-09-03,47.48198985641673,52.51801014358327,2,SILVER,TRANSITION,45.75380555084291,33.643087426512416,53.14527757750541,61.35544340302812
2026-09-04,32.12908583109789,67.87091416890212,3,NONE,DEFENSIVE,46.59163655188889,45.43205177007994,53.05570578691184,27.82585181179016
2026-09-07,55.25957243106183,44.74042756893817,4,NONE,RECOVERY,55.12682231591213,59.30611462526356,55.70578691184424,76.14025599423111
2026-09-08,67.77929332252658,32.220706677473416,7,GOLD,RECOVERY,59.40671851622324,62.79464454082595,59.758515047756354,100.0
2026-09-09,49.370218296395095,50.629781703604905,6,NONE,TRANSITION,46.142139547233455,32.38293051359516,56.63302090843547,62.436914203316505
2026-09-10,17.666528248630136,82.33347175136987,2,SILVER,RISK_OFF,33.42480855805499,17.036625971143177,48.67519826964672,0.0
2026-09-11,12.288983782969904,87.71101621703009,2,SILVER,RISK_OFF,29.964813889164247,11.492156147391464,35.222562623896195,0.0
2026-09-14,34.65745661261262,65.34254338738738,3,NONE,DEFENSIVE,47.43018448173564,58.590308370044056,37.54054054054055,46.93693693693694
2026-09-15,9.798556056849316,90.20144394315068,2,NONE,RISK_OFF,29.949157588245367,19.77777777777778,28.99242970439798,0.0
2026-09-16,31.384666544412404,68.6153334555876,3,BOUNCE,DEFENSIVE,52.61727936624858,78.1148635756535,35.32804614275415,41.70872386445566
2026-09-17,35.53909942121758,64.46090057878243,4,NONE,DEFENSIVE,45.12010464922479,47.65892653216597,35.83393371757925,50.36023054755043
2026-09-18,56.11600420041419,43.88399579958581,6,GOLD,RECOVERY,60.13618053347329,79.08472012102874,43.88618764631731,88.35764451647758
